#
# There is insufficient memory for the Java Runtime Environment to continue.
# Native memory allocation (mmap) failed to map 65536 bytes. Error detail: Failed to commit metaspace.
# Possible reasons:
#   The system is out of physical RAM or swap space
#   This process is running with CompressedOops enabled, and the Java Heap may be blocking the growth of the native heap
# Possible solutions:
#   Reduce memory load on the system
#   Increase physical memory or swap space
#   Check if swap backing store is full
#   Decrease Java heap size (-Xmx/-Xms)
#   Decrease number of Java threads
#   Decrease Java thread stack sizes (-Xss)
#   Set larger code cache with -XX:ReservedCodeCacheSize=
#   JVM is running with Unscaled Compressed Oops mode in which the Java heap is
#     placed in the first 4GB address space. The Java Heap base address is the
#     maximum limit for the native heap growth. Please use -XX:HeapBaseMinAddress
#     to set the Java Heap base and to place the Java Heap above 4GB virtual address.
# This output file may be truncated or incomplete.
#
#  Out of Memory Error (virtualSpaceNode.cpp:113), pid=10264, tid=38764
#
# JRE version: OpenJDK Runtime Environment Temurin-21.0.12.1+1 (21.0.12.1+1) (build 21.0.12.1+1-LTS)
# Java VM: OpenJDK 64-Bit Server VM Temurin-21.0.12.1+1 (21.0.12.1+1-LTS, mixed mode, sharing, tiered, compressed oops, compressed class ptrs, g1 gc, windows-amd64)
# No core dump will be written. Minidumps are not enabled by default on client versions of Windows
#

---------------  S U M M A R Y ------------

Command Line: --add-opens=java.base/java.lang=ALL-UNNAMED --add-opens=java.base/java.lang.invoke=ALL-UNNAMED --add-opens=java.base/java.util=ALL-UNNAMED --add-opens=java.prefs/java.util.prefs=ALL-UNNAMED --add-exports=jdk.compiler/com.sun.tools.javac.api=ALL-UNNAMED --add-exports=jdk.compiler/com.sun.tools.javac.util=ALL-UNNAMED --add-opens=java.base/java.nio.charset=ALL-UNNAMED --add-opens=java.base/java.net=ALL-UNNAMED --add-opens=java.base/java.util.concurrent=ALL-UNNAMED --add-opens=java.base/java.util.concurrent.atomic=ALL-UNNAMED --add-opens=java.xml/javax.xml.namespace=ALL-UNNAMED --add-opens=java.base/java.time=ALL-UNNAMED -XX:MaxMetaspaceSize=384m -XX:+HeapDumpOnOutOfMemoryError -Xms256m -Xmx512m -Dfile.encoding=UTF-8 -Duser.country=US -Duser.language=en -Duser.variant -javaagent:C:\Users\admin\.gradle\wrapper\dists\gradle-9.7.1-bin\1w1c7tv4s851m17nbqdsro2tv\gradle-9.7.1\lib\agents\gradle-instrumentation-agent-9.7.1.jar org.gradle.launcher.daemon.bootstrap.GradleDaemon 9.7.1

Host: 13th Gen Intel(R) Core(TM) i3-1305U, 6 cores, 7G,  Windows 11 , 64 bit Build 26100 (10.0.26100.9444)
Time: Thu Sep 17 22:23:46 2026 India Standard Time elapsed time: 18.185441 seconds (0d 0h 0m 18s)

---------------  T H R E A D  ---------------

Current thread (0x000002787ed2f2a0):  JavaThread "Daemon worker"        [_thread_in_vm, id=38764, stack(0x0000009848600000,0x0000009848700000) (1024K)]

Stack: [0x0000009848600000,0x0000009848700000]
Native frames: (J=compiled Java code, j=interpreted, Vv=VM code, C=native code)
V  [jvm.dll+0x6d83e9]
V  [jvm.dll+0x8b5736]
V  [jvm.dll+0x8b7cee]
V  [jvm.dll+0x8b83d3]
V  [jvm.dll+0x284596]
V  [jvm.dll+0x8b147e]
V  [jvm.dll+0x679ad4]
V  [jvm.dll+0x1e849b]
V  [jvm.dll+0x1e825e]
V  [jvm.dll+0x67c3d2]
V  [jvm.dll+0x67c202]
V  [jvm.dll+0x67a4ae]
V  [jvm.dll+0x281467]
V  [jvm.dll+0x72e6df]
V  [jvm.dll+0x72f21f]
V  [jvm.dll+0x3ccb91]
V  [jvm.dll+0x3cb967]
V  [jvm.dll+0x3cb908]
V  [jvm.dll+0x3dd3aa]
C  0x000002780754a21f

The last pc belongs to new (printed below).
Java frames: (J=compiled Java code, j=interpreted, Vv=VM code)
j  org.gradle.initialization.MixInLegacyTypesClassLoader.transform(Ljava/lang/String;[B)[B+20
J 2900 c1 org.gradle.internal.classloader.TransformingClassLoader.findClass(Ljava/lang/String;)Ljava/lang/Class; (256 bytes) @ 0x000002780059c3a4 [0x000002780059bb60+0x0000000000000844]
J 2686 c2 java.lang.ClassLoader.loadClass(Ljava/lang/String;Z)Ljava/lang/Class; java.base@21.0.12.1 (121 bytes) @ 0x0000027807c095cc [0x0000027807c06000+0x00000000000035cc]
J 775 c1 java.lang.ClassLoader.loadClass(Ljava/lang/String;)Ljava/lang/Class; java.base@21.0.12.1 (7 bytes) @ 0x0000027800140354 [0x0000027800140240+0x0000000000000114]
v  ~StubRoutines::call_stub 0x000002780753100d
j  org.gradle.plugins.ide.internal.tooling.ToolingModelServices$BuildScopeToolingServices$1.execute(Lorg/gradle/tooling/provider/model/ToolingModelBuilderRegistry;)V+51
j  org.gradle.plugins.ide.internal.tooling.ToolingModelServices$BuildScopeToolingServices$1.execute(Ljava/lang/Object;)V+5
j  org.gradle.internal.service.scopes.BuildScopeServices.lambda$createBuildScopedToolingModelBuilders$0(Ljava/util/List;Lorg/gradle/tooling/provider/model/internal/DefaultToolingModelBuilderRegistry;)V+28
j  org.gradle.internal.service.scopes.BuildScopeServices$$Lambda+0x0000027810435068.run()V+8
j  org.gradle.internal.code.DefaultUserCodeApplicationContext.gradleRuntime(Ljava/lang/Runnable;)V+20
j  org.gradle.internal.service.scopes.BuildScopeServices.createBuildScopedToolingModelBuilders(Ljava/util/List;Lorg/gradle/internal/operations/BuildOperationRunner;Lorg/gradle/api/internal/project/ProjectStateRegistry;Lorg/gradle/internal/code/UserCodeApplicationContext;)Lorg/gradle/tooling/provider/model/internal/DefaultToolingModelBuilderRegistry;+23
j  java.lang.invoke.LambdaForm$DMH+0x00000278100f0c00.invokeVirtual(Ljava/lang/Object;Ljava/lang/Object;Ljava/lang/Object;Ljava/lang/Object;Ljava/lang/Object;Ljava/lang/Object;)Ljava/lang/Object;+18 java.base@21.0.12.1
j  java.lang.invoke.LambdaForm$MH+0x0000027810433c00.invoke(Ljava/lang/Object;Ljava/lang/Object;Ljava/lang/Object;)Ljava/lang/Object;+143 java.base@21.0.12.1
J 2761 c1 jdk.internal.reflect.DirectMethodHandleAccessor.invoke(Ljava/lang/Object;[Ljava/lang/Object;)Ljava/lang/Object; java.base@21.0.12.1 (92 bytes) @ 0x00000278005585d4 [0x0000027800557f40+0x0000000000000694]
J 3345 c1 org.gradle.internal.reflect.JavaMethod.invoke(Ljava/lang/Object;[Ljava/lang/Object;)Ljava/lang/Object; (87 bytes) @ 0x000002780068413c [0x0000027800683bc0+0x000000000000057c]
J 3344 c1 org.gradle.internal.service.ReflectionBasedServiceMethod.invoke(Ljava/lang/Object;[Ljava/lang/Object;)Ljava/lang/Object; (16 bytes) @ 0x00000278006835d4 [0x0000027800683540+0x0000000000000094]
j  org.gradle.internal.service.DefaultServiceRegistry$FactoryMethodService.invokeMethod([Ljava/lang/Object;)Ljava/lang/Object;+28
J 3384 c1 org.gradle.internal.service.DefaultServiceRegistry$FactoryMethodService.createServiceInstance()Ljava/lang/Object; (17 bytes) @ 0x000002780068fc54 [0x000002780068fb60+0x00000000000000f4]
J 2760 c1 org.gradle.internal.service.DefaultServiceRegistry$ManagedObjectServiceProvider.getInstance()Ljava/lang/Object; (44 bytes) @ 0x000002780055750c [0x0000027800557360+0x00000000000001ac]
J 2620 c1 org.gradle.internal.service.DefaultServiceRegistry$SingletonService.get()Ljava/lang/Object; (5 bytes) @ 0x0000027800501d3c [0x0000027800501cc0+0x000000000000007c]
j  org.gradle.internal.service.DefaultServiceRegistry.find(Ljava/lang/reflect/Type;)Ljava/lang/Object;+22
j  org.gradle.internal.service.DefaultServiceRegistry.get(Ljava/lang/reflect/Type;)Ljava/lang/Object;+2
j  org.gradle.internal.service.DefaultServiceRegistry.get(Ljava/lang/Class;)Ljava/lang/Object;+3
j  org.gradle.internal.cc.impl.DefaultBuildToolingModelControllerFactory.createController(Lorg/gradle/internal/build/BuildState;Lorg/gradle/internal/build/BuildLifecycleController;Z)Lorg/gradle/internal/build/BuildToolingModelController;+25
j  org.gradle.internal.build.DefaultBuildLifecycleController.withToolingModels(ZLjava/util/function/Function;)Ljava/lang/Object;+11
j  org.gradle.internal.build.AbstractBuildState.withToolingModels(ZLjava/util/function/Function;)Ljava/lang/Object;+6
j  org.gradle.internal.buildtree.DefaultBuildTreeModelCreator$DefaultBuildTreeModelController.locateBuilderForBuildTarget(Lorg/gradle/internal/build/BuildState;Lorg/gradle/internal/buildtree/ToolingModelRequestContext;)Lorg/gradle/tooling/provider/model/internal/ToolingModelScope;+11
j  org.gradle.internal.buildtree.DefaultBuildTreeModelCreator$DefaultBuildTreeModelController.locateBuilderForDefaultTarget(Lorg/gradle/internal/buildtree/ToolingModelRequestContext;)Lorg/gradle/tooling/provider/model/internal/ToolingModelScope;+9
j  org.gradle.internal.buildtree.DefaultBuildTreeModelCreator$DefaultBuildTreeModelController.locateBuilderForTarget(Lorg/gradle/internal/buildtree/BuildTreeModelTarget;Lorg/gradle/internal/buildtree/ToolingModelRequestContext;)Lorg/gradle/tooling/provider/model/internal/ToolingModelScope;+9
j  org.gradle.internal.buildtree.DefaultBuildTreeModelCreator$DefaultBuildTreeModelController.access$100(Lorg/gradle/internal/buildtree/DefaultBuildTreeModelCreator$DefaultBuildTreeModelController;Lorg/gradle/internal/buildtree/BuildTreeModelTarget;Lorg/gradle/internal/buildtree/ToolingModelRequestContext;)Lorg/gradle/tooling/provider/model/internal/ToolingModelScope;+3
j  org.gradle.internal.buildtree.DefaultBuildTreeModelCreator$DefaultBuildTreeModelController$1.call(Lorg/gradle/internal/operations/BuildOperationContext;)Lorg/gradle/tooling/provider/model/internal/ToolingModelBuilderResultInternal;+12
j  org.gradle.internal.buildtree.DefaultBuildTreeModelCreator$DefaultBuildTreeModelController$1.call(Lorg/gradle/internal/operations/BuildOperationContext;)Ljava/lang/Object;+2
j  org.gradle.internal.operations.DefaultBuildOperationRunner$CallableBuildOperationWorker.execute(Lorg/gradle/internal/operations/CallableBuildOperation;Lorg/gradle/internal/operations/BuildOperationContext;)V+3
j  org.gradle.internal.operations.DefaultBuildOperationRunner$CallableBuildOperationWorker.execute(Lorg/gradle/internal/operations/BuildOperation;Lorg/gradle/internal/operations/BuildOperationContext;)V+6
j  org.gradle.internal.operations.DefaultBuildOperationRunner$2.execute(Lorg/gradle/internal/operations/BuildOperationDescriptor;Lorg/gradle/internal/operations/BuildOperationState;Lorg/gradle/internal/operations/BuildOperationState;Lorg/gradle/internal/operations/DefaultBuildOperationRunner$ReadableBuildOperationContext;Lorg/gradle/internal/operations/DefaultBuildOperationRunner$BuildOperationExecutionListener;)Lorg/gradle/internal/operations/BuildOperation;+22
j  org.gradle.internal.operations.DefaultBuildOperationRunner$2.execute(Lorg/gradle/internal/operations/BuildOperationDescriptor;Lorg/gradle/internal/operations/BuildOperationState;Lorg/gradle/internal/operations/BuildOperationState;Lorg/gradle/internal/operations/DefaultBuildOperationRunner$ReadableBuildOperationContext;Lorg/gradle/internal/operations/DefaultBuildOperationRunner$BuildOperationExecutionListener;)Ljava/lang/Object;+8
j  org.gradle.internal.operations.DefaultBuildOperationRunner.execute(Lorg/gradle/internal/operations/BuildOperationDescriptor$Builder;Lorg/gradle/internal/operations/DefaultBuildOperationRunner$BuildOperationExecution;)Ljava/lang/Object;+141
j  org.gradle.internal.operations.DefaultBuildOperationRunner.execute(Lorg/gradle/internal/operations/BuildOperation;Lorg/gradle/internal/operations/BuildOperationWorker;)V+17
j  org.gradle.internal.operations.DefaultBuildOperationRunner.call(Lorg/gradle/internal/operations/CallableBuildOperation;)Ljava/lang/Object;+12
j  org.gradle.internal.buildtree.DefaultBuildTreeModelCreator$DefaultBuildTreeModelController.getModel(Lorg/gradle/internal/buildtree/BuildTreeModelTarget;Lorg/gradle/internal/buildtree/ToolingModelRequestContext;)Lorg/gradle/tooling/provider/model/internal/ToolingModelBuilderResultInternal;+17
j  org.gradle.tooling.internal.provider.runner.BuildModelActionRunner$ModelCreateAction.fromBuildModel(Lorg/gradle/internal/buildtree/BuildTreeModelController;)Lorg/gradle/tooling/provider/model/internal/ToolingModelBuilderResultInternal;+24
j  org.gradle.tooling.internal.provider.runner.BuildModelActionRunner$ModelCreateAction.fromBuildModel(Lorg/gradle/internal/buildtree/BuildTreeModelController;)Ljava/lang/Object;+2
j  org.gradle.internal.buildtree.DefaultBuildTreeModelCreator.fromBuildModel(Lorg/gradle/internal/buildtree/BuildTreeModelAction;)Lorg/gradle/internal/buildtree/BuildTreeModelCreatorResult;+18
j  org.gradle.internal.cc.impl.barrier.BarrierAwareBuildTreeModelCreator.fromBuildModel$lambda$0(Lorg/gradle/internal/cc/impl/barrier/BarrierAwareBuildTreeModelCreator;Lorg/gradle/internal/buildtree/BuildTreeModelAction;)Lorg/gradle/internal/buildtree/BuildTreeModelCreatorResult;+5
j  org.gradle.internal.cc.impl.barrier.BarrierAwareBuildTreeModelCreator$$Lambda+0x00000278103e3168.invoke()Ljava/lang/Object;+8
j  org.gradle.internal.cc.impl.barrier.VintageConfigurationTimeActionRunner.runConfigurationTimeAction(Lkotlin/jvm/functions/Function0;)Ljava/lang/Object;+25
j  org.gradle.internal.cc.impl.barrier.BarrierAwareBuildTreeModelCreator.fromBuildModel(Lorg/gradle/internal/buildtree/BuildTreeModelAction;)Lorg/gradle/internal/buildtree/BuildTreeModelCreatorResult;+17
j  org.gradle.internal.buildtree.DefaultBuildTreeLifecycleController.lambda$fromBuildModel$2(Lorg/gradle/internal/buildtree/BuildTreeModelAction;)Lorg/gradle/internal/buildtree/BuildTreeModelCreatorResult;+5
j  org.gradle.internal.buildtree.DefaultBuildTreeLifecycleController$$Lambda+0x000002781042f090.call()Ljava/lang/Object;+8
j  org.gradle.internal.Try.ofFailable(Ljava/util/concurrent/Callable;)Lorg/gradle/internal/Try;+1
j  org.gradle.internal.buildtree.DefaultBuildTreeLifecycleController.runModelAction(Ljava/util/concurrent/Callable;)Lorg/gradle/internal/build/ExecutionResult;+1
j  org.gradle.internal.buildtree.DefaultBuildTreeLifecycleController.lambda$fromBuildModel$0(Lorg/gradle/internal/buildtree/BuildTreeModelAction;Z)Lorg/gradle/internal/build/ExecutionResult;+48
j  org.gradle.internal.buildtree.DefaultBuildTreeLifecycleController$$Lambda+0x000002781042a948.get()Ljava/lang/Object;+12
j  org.gradle.internal.buildtree.DefaultBuildTreeLifecycleController.lambda$runBuild$0(Ljava/util/function/Supplier;)Ljava/lang/Object;+1
j  org.gradle.internal.buildtree.DefaultBuildTreeLifecycleController$$Lambda+0x000002781042ab70.get()Ljava/lang/Object;+8
j  org.gradle.internal.model.StateTransitionController.lambda$transition$2(Ljava/util/function/Supplier;)Lorg/gradle/internal/build/ExecutionResult;+1
j  org.gradle.internal.model.StateTransitionController$$Lambda+0x000002781042afc0.get()Ljava/lang/Object;+4
j  org.gradle.internal.model.StateTransitionController.doTransition(Lorg/gradle/internal/model/StateTransitionController$State;Lorg/gradle/internal/model/StateTransitionController$State;Ljava/util/function/Supplier;)Lorg/gradle/internal/build/ExecutionResult;+24
j  org.gradle.internal.model.StateTransitionController.lambda$transition$1(Lorg/gradle/internal/model/StateTransitionController$State;Lorg/gradle/internal/model/StateTransitionController$State;Ljava/util/function/Supplier;)Ljava/lang/Object;+9
j  org.gradle.internal.model.StateTransitionController$$Lambda+0x000002781042ad98.create()Ljava/lang/Object;+16
j  org.gradle.internal.work.DefaultSynchronizer.withLock(Lorg/gradle/internal/Factory;)Ljava/lang/Object;+6
j  org.gradle.internal.model.StateTransitionController.transition(Lorg/gradle/internal/model/StateTransitionController$State;Lorg/gradle/internal/model/StateTransitionController$State;Ljava/util/function/Supplier;)Ljava/lang/Object;+13
j  org.gradle.internal.buildtree.DefaultBuildTreeLifecycleController.runBuild(Ljava/util/function/Supplier;)Ljava/lang/Object;+17
j  org.gradle.internal.buildtree.DefaultBuildTreeLifecycleController.fromBuildModel(ZLorg/gradle/internal/buildtree/BuildTreeModelAction;)Ljava/lang/Object;+9
j  org.gradle.tooling.internal.provider.runner.BuildModelActionRunner.run(Lorg/gradle/internal/invocation/BuildAction;Lorg/gradle/internal/buildtree/BuildTreeLifecycleController;)Lorg/gradle/internal/buildtree/BuildActionRunner$Result;+40
j  org.gradle.launcher.exec.ChainingBuildActionRunner.run(Lorg/gradle/internal/invocation/BuildAction;Lorg/gradle/internal/buildtree/BuildTreeLifecycleController;)Lorg/gradle/internal/buildtree/BuildActionRunner$Result;+34
j  org.gradle.internal.buildtree.ProblemReportingBuildActionRunner.run(Lorg/gradle/internal/invocation/BuildAction;Lorg/gradle/internal/buildtree/BuildTreeLifecycleController;)Lorg/gradle/internal/buildtree/BuildActionRunner$Result;+12
j  org.gradle.launcher.exec.BuildOutcomeReportingBuildActionRunner.run(Lorg/gradle/internal/invocation/BuildAction;Lorg/gradle/internal/buildtree/BuildTreeLifecycleController;)Lorg/gradle/internal/buildtree/BuildActionRunner$Result;+69
j  org.gradle.tooling.internal.provider.FileSystemWatchingBuildActionRunner.run(Lorg/gradle/internal/invocation/BuildAction;Lorg/gradle/internal/buildtree/BuildTreeLifecycleController;)Lorg/gradle/internal/buildtree/BuildActionRunner$Result;+240
j  org.gradle.launcher.exec.BuildCompletionNotifyingBuildActionRunner.run(Lorg/gradle/internal/invocation/BuildAction;Lorg/gradle/internal/buildtree/BuildTreeLifecycleController;)Lorg/gradle/internal/buildtree/BuildActionRunner$Result;+6
j  org.gradle.launcher.exec.RootBuildLifecycleBuildActionExecutor.lambda$execute$0(Lorg/gradle/internal/invocation/BuildAction;Lorg/gradle/internal/buildtree/BuildTreeLifecycleController;)Lorg/gradle/internal/buildtree/BuildActionRunner$Result;+6
j  org.gradle.launcher.exec.RootBuildLifecycleBuildActionExecutor$$Lambda+0x0000027810416680.apply(Ljava/lang/Object;)Ljava/lang/Object;+12
j  org.gradle.composite.internal.DefaultRootBuildState.run(Ljava/util/function/Function;)Ljava/lang/Object;+92
j  org.gradle.launcher.exec.RootBuildLifecycleBuildActionExecutor.execute(Lorg/gradle/internal/invocation/BuildAction;)Lorg/gradle/internal/buildtree/BuildActionRunner$Result;+87
j  org.gradle.launcher.exec.DefaultBuildTreeActionExecutor.runBuildTreeLifecycle(Lorg/gradle/internal/invocation/BuildAction;Lorg/gradle/internal/service/ServiceRegistry;)Lorg/gradle/internal/buildtree/BuildActionRunner$Result;+83
j  org.gradle.launcher.exec.DefaultBuildTreeActionExecutor.access$100(Lorg/gradle/launcher/exec/DefaultBuildTreeActionExecutor;Lorg/gradle/internal/invocation/BuildAction;Lorg/gradle/internal/service/ServiceRegistry;)Lorg/gradle/internal/buildtree/BuildActionRunner$Result;+3
j  org.gradle.launcher.exec.DefaultBuildTreeActionExecutor$2.call(Lorg/gradle/internal/operations/BuildOperationContext;)Lorg/gradle/internal/buildtree/BuildActionRunner$Result;+22
j  org.gradle.launcher.exec.DefaultBuildTreeActionExecutor$2.call(Lorg/gradle/internal/operations/BuildOperationContext;)Ljava/lang/Object;+2
j  org.gradle.internal.operations.DefaultBuildOperationRunner$CallableBuildOperationWorker.execute(Lorg/gradle/internal/operations/CallableBuildOperation;Lorg/gradle/internal/operations/BuildOperationContext;)V+3
j  org.gradle.internal.operations.DefaultBuildOperationRunner$CallableBuildOperationWorker.execute(Lorg/gradle/internal/operations/BuildOperation;Lorg/gradle/internal/operations/BuildOperationContext;)V+6
j  org.gradle.internal.operations.DefaultBuildOperationRunner$2.execute(Lorg/gradle/internal/operations/BuildOperationDescriptor;Lorg/gradle/internal/operations/BuildOperationState;Lorg/gradle/internal/operations/BuildOperationState;Lorg/gradle/internal/operations/DefaultBuildOperationRunner$ReadableBuildOperationContext;Lorg/gradle/internal/operations/DefaultBuildOperationRunner$BuildOperationExecutionListener;)Lorg/gradle/internal/operations/BuildOperation;+22
j  org.gradle.internal.operations.DefaultBuildOperationRunner$2.execute(Lorg/gradle/internal/operations/BuildOperationDescriptor;Lorg/gradle/internal/operations/BuildOperationState;Lorg/gradle/internal/operations/BuildOperationState;Lorg/gradle/internal/operations/DefaultBuildOperationRunner$ReadableBuildOperationContext;Lorg/gradle/internal/operations/DefaultBuildOperationRunner$BuildOperationExecutionListener;)Ljava/lang/Object;+8
j  org.gradle.internal.operations.DefaultBuildOperationRunner.execute(Lorg/gradle/internal/operations/BuildOperationDescriptor$Builder;Lorg/gradle/internal/operations/DefaultBuildOperationRunner$BuildOperationExecution;)Ljava/lang/Object;+141
j  org.gradle.internal.operations.DefaultBuildOperationRunner.execute(Lorg/gradle/internal/operations/BuildOperation;Lorg/gradle/internal/operations/BuildOperationWorker;)V+17
j  org.gradle.internal.operations.DefaultBuildOperationRunner.call(Lorg/gradle/internal/operations/CallableBuildOperation;)Ljava/lang/Object;+12
j  org.gradle.launcher.exec.DefaultBuildTreeActionExecutor.runAsBuildOperation(Lorg/gradle/internal/invocation/BuildAction;Lorg/gradle/internal/service/ServiceRegistry;)Lorg/gradle/internal/buildtree/BuildActionRunner$Result;+23
j  org.gradle.launcher.exec.DefaultBuildTreeActionExecutor.lambda$runBuildTreeAction$0(Lorg/gradle/internal/invocation/BuildAction;Lorg/gradle/internal/service/ServiceRegistry;)Lorg/gradle/internal/buildtree/BuildActionRunner$Result;+3
j  org.gradle.launcher.exec.DefaultBuildTreeActionExecutor$$Lambda+0x00000278102a6800.create()Ljava/lang/Object;+12
j  org.gradle.internal.work.DefaultWorkerLeaseService.lambda$runAndReleaseLocks$0(Lorg/gradle/internal/Factory;Ljava/util/Collection;)Ljava/lang/Object;+1
j  org.gradle.internal.work.DefaultWorkerLeaseService$$Lambda+0x00000278102a9260.create()Ljava/lang/Object;+12
j  org.gradle.internal.work.ResourceLockStatistics$1.measure(Ljava/lang/String;Ljava/lang/Iterable;Lorg/gradle/internal/Factory;)Ljava/lang/Object;+1
j  org.gradle.internal.work.DefaultWorkerLeaseService.runAndReleaseLocks(Ljava/util/Collection;Lorg/gradle/internal/Factory;)Ljava/lang/Object;+16
j  org.gradle.internal.work.DefaultWorkerLeaseService.withLocksAcquired(Ljava/util/Collection;Lorg/gradle/internal/Factory;)Ljava/lang/Object;+8
j  org.gradle.internal.work.DefaultWorkerLeaseService.withLocks(Ljava/util/Collection;Lorg/gradle/internal/Factory;)Ljava/lang/Object;+25
j  org.gradle.internal.work.DefaultWorkerLeaseService.runAsWorkerThread(Lorg/gradle/internal/Factory;)Ljava/lang/Object;+33
j  org.gradle.launcher.exec.DefaultBuildTreeActionExecutor.runBuildTreeAction(Lorg/gradle/internal/invocation/BuildAction;Lorg/gradle/internal/service/ServiceRegistry;)Lorg/gradle/internal/buildtree/BuildActionRunner$Result;+12
j  org.gradle.tooling.internal.provider.continuous.ContinuousBuildActionExecutor.execute(Lorg/gradle/internal/invocation/BuildAction;Lorg/gradle/internal/session/BuildSessionContext;)Lorg/gradle/internal/buildtree/BuildActionRunner$Result;+63
j  org.gradle.tooling.internal.provider.SubscribableBuildActionExecutor.execute(Lorg/gradle/internal/invocation/BuildAction;Lorg/gradle/internal/session/BuildSessionContext;)Lorg/gradle/internal/buildtree/BuildActionRunner$Result;+30
j  org.gradle.internal.session.DefaultBuildSessionContext.execute(Lorg/gradle/internal/invocation/BuildAction;)Lorg/gradle/internal/buildtree/BuildActionRunner$Result;+64
j  org.gradle.internal.buildprocess.execution.BuildSessionLifecycleBuildActionExecutor$ActionImpl.apply(Lorg/gradle/internal/session/BuildSessionContext;)Lorg/gradle/launcher/exec/BuildActionResult;+6
j  org.gradle.internal.buildprocess.execution.BuildSessionLifecycleBuildActionExecutor$ActionImpl.apply(Ljava/lang/Object;)Ljava/lang/Object;+5
j  org.gradle.internal.session.BuildSessionState.run(Ljava/util/function/Function;)Ljava/lang/Object;+5
j  org.gradle.internal.buildprocess.execution.BuildSessionLifecycleBuildActionExecutor.execute(Lorg/gradle/internal/invocation/BuildAction;Lorg/gradle/launcher/exec/BuildActionParameters;Lorg/gradle/initialization/BuildRequestContext;)Lorg/gradle/launcher/exec/BuildActionResult;+105
j  org.gradle.internal.buildprocess.execution.BuildSessionLifecycleBuildActionExecutor.execute(Lorg/gradle/internal/invocation/BuildAction;Ljava/lang/Object;Ljava/lang/Object;)Lorg/gradle/launcher/exec/BuildActionResult;+10
j  org.gradle.internal.buildprocess.execution.StartParamsValidatingActionExecutor.execute(Lorg/gradle/internal/invocation/BuildAction;Lorg/gradle/launcher/exec/BuildActionParameters;Lorg/gradle/initialization/BuildRequestContext;)Lorg/gradle/launcher/exec/BuildActionResult;+142
j  org.gradle.internal.buildprocess.execution.StartParamsValidatingActionExecutor.execute(Lorg/gradle/internal/invocation/BuildAction;Ljava/lang/Object;Ljava/lang/Object;)Lorg/gradle/launcher/exec/BuildActionResult;+10
j  org.gradle.internal.buildprocess.execution.SessionFailureReportingActionExecutor.execute(Lorg/gradle/internal/invocation/BuildAction;Lorg/gradle/launcher/exec/BuildActionParameters;Lorg/gradle/initialization/BuildRequestContext;)Lorg/gradle/launcher/exec/BuildActionResult;+7
j  org.gradle.internal.buildprocess.execution.SessionFailureReportingActionExecutor.execute(Lorg/gradle/internal/invocation/BuildAction;Ljava/lang/Object;Ljava/lang/Object;)Lorg/gradle/launcher/exec/BuildActionResult;+10
j  org.gradle.internal.buildprocess.execution.SetupLoggingActionExecutor.execute(Lorg/gradle/internal/invocation/BuildAction;Lorg/gradle/launcher/exec/BuildActionParameters;Lorg/gradle/initialization/BuildRequestContext;)Lorg/gradle/launcher/exec/BuildActionResult;+50
j  org.gradle.internal.buildprocess.execution.SetupLoggingActionExecutor.execute(Lorg/gradle/internal/invocation/BuildAction;Ljava/lang/Object;Ljava/lang/Object;)Lorg/gradle/launcher/exec/BuildActionResult;+10
j  org.gradle.launcher.daemon.server.exec.ExecuteBuild.doBuild(Lorg/gradle/launcher/daemon/server/api/DaemonCommandExecution;Lorg/gradle/launcher/daemon/protocol/Build;)V+147
j  org.gradle.launcher.daemon.server.exec.BuildCommandOnly.execute(Lorg/gradle/launcher/daemon/server/api/DaemonCommandExecution;)V+49
j  org.gradle.launcher.daemon.server.api.DaemonCommandExecution.proceed()Z+23
j  org.gradle.launcher.daemon.server.exec.WatchForDisconnection.execute(Lorg/gradle/launcher/daemon/server/api/DaemonCommandExecution;)V+19
j  org.gradle.launcher.daemon.server.api.DaemonCommandExecution.proceed()Z+23
j  org.gradle.launcher.daemon.server.exec.ResetDeprecationLogger.execute(Lorg/gradle/launcher/daemon/server/api/DaemonCommandExecution;)V+7
j  org.gradle.launcher.daemon.server.api.DaemonCommandExecution.proceed()Z+23
j  org.gradle.launcher.daemon.server.exec.RequestStopIfSingleUsedDaemon.execute(Lorg/gradle/launcher/daemon/server/api/DaemonCommandExecution;)V+33
j  org.gradle.launcher.daemon.server.api.DaemonCommandExecution.proceed()Z+23
j  org.gradle.launcher.daemon.server.exec.ForwardClientInput.lambda$execute$0(Lorg/gradle/launcher/daemon/server/api/DaemonCommandExecution;Lorg/gradle/internal/daemon/clientinput/StdinHandler;)Ljava/lang/Object;+11
j  org.gradle.launcher.daemon.server.exec.ForwardClientInput$$Lambda+0x0000027810196088.apply(Ljava/lang/Object;)Ljava/lang/Object;+8
j  org.gradle.internal.daemon.clientinput.ClientInputForwarder.forwardInput(Ljava/util/function/Function;)Ljava/lang/Object;+46
j  org.gradle.launcher.daemon.server.exec.ForwardClientInput.execute(Lorg/gradle/launcher/daemon/server/api/DaemonCommandExecution;)V+10
j  org.gradle.launcher.daemon.server.api.DaemonCommandExecution.proceed()Z+23
j  org.gradle.launcher.daemon.server.exec.LogAndCheckHealth.execute(Lorg/gradle/launcher/daemon/server/api/DaemonCommandExecution;)V+51
j  org.gradle.launcher.daemon.server.api.DaemonCommandExecution.proceed()Z+23
j  org.gradle.launcher.daemon.server.exec.ApplyClientEnvironmentVariables.doBuild(Lorg/gradle/launcher/daemon/server/api/DaemonCommandExecution;Lorg/gradle/launcher/daemon/protocol/Build;)V+133
j  org.gradle.launcher.daemon.server.exec.BuildCommandOnly.execute(Lorg/gradle/launcher/daemon/server/api/DaemonCommandExecution;)V+49
j  org.gradle.launcher.daemon.server.api.DaemonCommandExecution.proceed()Z+23
j  org.gradle.launcher.daemon.server.exec.LogToClient.doBuild(Lorg/gradle/launcher/daemon/server/api/DaemonCommandExecution;Lorg/gradle/launcher/daemon/protocol/Build;)V+87
j  org.gradle.launcher.daemon.server.exec.BuildCommandOnly.execute(Lorg/gradle/launcher/daemon/server/api/DaemonCommandExecution;)V+49
j  org.gradle.launcher.daemon.server.api.DaemonCommandExecution.proceed()Z+23
j  org.gradle.launcher.daemon.server.exec.EstablishBuildEnvironment.doBuild(Lorg/gradle/launcher/daemon/server/api/DaemonCommandExecution;Lorg/gradle/launcher/daemon/protocol/Build;)V+225
j  org.gradle.launcher.daemon.server.exec.BuildCommandOnly.execute(Lorg/gradle/launcher/daemon/server/api/DaemonCommandExecution;)V+49
j  org.gradle.launcher.daemon.server.api.DaemonCommandExecution.proceed()Z+23
j  org.gradle.launcher.daemon.server.exec.StartBuildOrRespondWithBusy$1.run()V+44
j  org.gradle.launcher.daemon.server.DaemonStateCoordinator.lambda$runCommand$0(Ljava/lang/Runnable;)V+1
j  org.gradle.launcher.daemon.server.DaemonStateCoordinator$$Lambda+0x0000027810194c18.run()V+8
j  org.gradle.internal.concurrent.ExecutorPolicy$CatchAndRecordFailures.onExecute(Ljava/lang/Runnable;)V+1
j  org.gradle.internal.concurrent.AbstractManagedExecutor$1.run()V+25
j  java.util.concurrent.ThreadPoolExecutor.runWorker(Ljava/util/concurrent/ThreadPoolExecutor$Worker;)V+92 java.base@21.0.12.1
j  java.util.concurrent.ThreadPoolExecutor$Worker.run()V+5 java.base@21.0.12.1
j  java.lang.Thread.runWith(Ljava/lang/Object;Ljava/lang/Runnable;)V+5 java.base@21.0.12.1
j  java.lang.Thread.run()V+19 java.base@21.0.12.1
v  ~StubRoutines::call_stub 0x000002780753100d
new  187 new  [0x000002780754a0a0, 0x000002780754a2a8]  520 bytes
[MachCode]
  0x000002780754a0a0: 4883 ec08 | c5fa 1104 | 24eb 1f48 | 83ec 10c5 | fb11 0424 | eb14 4883 | ec10 4889 | 0424 48c7 
  0x000002780754a0c0: 4424 0800 | 0000 00eb | 0150 410f | b755 010f | cac1 ea10 | 488b 4de8 | 488b 4908 | 488b 4908 
  0x000002780754a0e0: 488b 4108 | 807c 1004 | 070f 85d3 | 0000 0066 | 8b54 d148 | 488b 4928 | 488b 4cd1 | 0851 80b9 
  0x000002780754a100: 3101 0000 | 040f 85b6 | 0000 008b | 5108 f6c2 | 010f 85aa | 0000 0049 | 8b87 b801 | 0000 488d 
  0x000002780754a120: 1c10 493b | 9fc8 0100 | 000f 8792 | 0000 0049 | 899f b801 | 0000 4883 | ea10 0f84 | 0f00 0000 
  0x000002780754a140: 33c9 c1ea | 0348 894c | d008 48ff | ca75 f648 | c700 0100 | 0000 5933 | f689 700c | 49ba 0000 
  0x000002780754a160: 000f 7802 | 0000 492b | ca89 4808 | 49ba 076d | ad30 fb7f | 0000 4180 | 3a00 0f84 | 3c00 0000 
  0x000002780754a180: 5048 8bc8 | 4883 ec20 | 40f6 c40f | 0f84 1900 | 0000 4883 | ec08 48b8 | 20eb 5630 | fb7f 0000 
  0x000002780754a1a0: ffd0 4883 | c408 e90c | 0000 0048 | b820 eb56 | 30fb 7f00 | 00ff d048 | 83c4 2058 | e9cb 0000 
  0x000002780754a1c0: 0059 488b | 55e8 488b | 5208 488b | 5208 450f | b745 0141 | 0fc8 41c1 | e810 e805 | 0000 00e9 
  0x000002780754a1e0: a800 0000 | 488d 4424 | 084c 896d | c049 8bcf | c5f8 7749 | 89af b003 | 0000 4989 | 87a0 0300 
  0x000002780754a200: 0048 83ec | 2040 f6c4 | 0f0f 8419 | 0000 0048 | 83ec 0848 | b820 d320 | 30fb 7f00 | 00ff d048 
  0x000002780754a220: 83c4 08e9 | 0c00 0000 | 48b8 20d3 | 2030 fb7f | 0000 ffd0 | 4883 c420 | 49c7 87a0 | 0300 0000 
  0x000002780754a240: 0000 0049 | c787 b003 | 0000 0000 | 0000 49c7 | 87a8 0300 | 0000 0000 | 00c5 f877 | 4983 7f08 
  0x000002780754a260: 000f 8405 | 0000 00e9 | 946c feff | 498b 87f8 | 0300 0049 | c787 f803 | 0000 0000 | 0000 4c8b 
  0x000002780754a280: 6dc0 4c8b | 75c8 4e8d | 74f5 00c3 | 410f b65d | 0349 83c5 | 0349 ba50 | 35b0 30fb | 7f00 0041 
  0x000002780754a2a0: ff24 da0f | 1f44 0000 
[/MachCode]

Compiled method (c1) 18334 2900   !   3       org.gradle.internal.classloader.TransformingClassLoader::findClass (256 bytes)
 total in heap  [0x000002780059b510,0x00000278005a0218] = 19720
 relocation     [0x000002780059b670,0x000002780059bb60] = 1264
 main code      [0x000002780059bb60,0x000002780059ea48] = 12008
 stub code      [0x000002780059ea48,0x000002780059ece0] = 664
 oops           [0x000002780059ece0,0x000002780059ed10] = 48
 metadata       [0x000002780059ed10,0x000002780059ee68] = 344
 scopes data    [0x000002780059ee68,0x000002780059f648] = 2016
 scopes pcs     [0x000002780059f648,0x000002780059fe08] = 1984
 dependencies   [0x000002780059fe08,0x000002780059fe40] = 56
 handler table  [0x000002780059fe40,0x00000278005a0170] = 816
 nul chk table  [0x00000278005a0170,0x00000278005a0218] = 168

[Constant Pool (empty)]

[MachCode]
[Entry Point]
  # {method} {0x00000278245e1c08} 'findClass' '(Ljava/lang/String;)Ljava/lang/Class;' in 'org/gradle/internal/classloader/TransformingClassLoader'
  # this:     rdx:rdx   = 'org/gradle/internal/classloader/TransformingClassLoader'
  # parm0:    r8:r8     = 'java/lang/String'
  #           [sp+0x1c0]  (sp of caller)
  0x000002780059bb60: 448b 5208 | 49bb 0000 | 000f 7802 | 0000 4d03 | d34c 3bd0 

  0x000002780059bb74: ;   {runtime_call ic_miss_stub}
  0x000002780059bb74: 0f85 062c | fe06 660f | 1f44 0000 
[Verified Entry Point]
  0x000002780059bb80: 8984 2400 | 80ff ff55 | 4881 ecb0 | 0100 0090 | 4181 7f20 | 0300 0000 

  0x000002780059bb98: ;   {runtime_call StubRoutines (final stubs)}
  0x000002780059bb98: 7405 e801 | a9fc 0648 | 8994 24d0 | 0000 004c | 8984 24c8 

  0x000002780059bbac: ;   {metadata(method data for {method} {0x00000278245e1c08} 'findClass' '(Ljava/lang/String;)Ljava/lang/Class;' in 'org/gradle/internal/classloader/TransformingClassLoader')}
  0x000002780059bbac: 0000 0048 | bea0 35fb | 2478 0200 | 008b becc | 0000 0083 | c702 89be | cc00 0000 | 81e7 fe07 
  0x000002780059bbcc: 0000 85ff | 0f84 6b25 | 0000 488b 

  0x000002780059bbd8: ;   {metadata(method data for {method} {0x00000278245e1c08} 'findClass' '(Ljava/lang/String;)Ljava/lang/Class;' in 'org/gradle/internal/classloader/TransformingClassLoader')}
  0x000002780059bbd8: f248 bfa0 | 35fb 2478 

  0x000002780059bbe0: ;   {metadata('org/gradle/initialization/MixInLegacyTypesClassLoader')}
  0x000002780059bbe0: 0200 0049 | ba70 930a | 1078 0200 | 004c 8997 | 2001 0000 | 4883 8728 | 0100 0001 | 498b f04c 
  0x000002780059bc00: 8bc6 488b | fa48 8bd7 | 0f1f 8000 

  0x000002780059bc0c: ;   {optimized virtual_call}
  0x000002780059bc0c: 0000 00e8 

  0x000002780059bc10: ; ImmutableOopMap {[200]=Oop [208]=Oop }
                      ;*invokevirtual shouldTransform {reexecute=0 rethrow=0 return_oop=0}
                      ; - org.gradle.internal.classloader.TransformingClassLoader::findClass@2 (line 51)
  0x000002780059bc10: 6c48 0000 

  0x000002780059bc14: ;   {other}
  0x000002780059bc14: 0f1f 8400 | 0407 0000 

  0x000002780059bc1c: ;   {metadata(method data for {method} {0x00000278245e1c08} 'findClass' '(Ljava/lang/String;)Ljava/lang/Class;' in 'org/gradle/internal/classloader/TransformingClassLoader')}
  0x000002780059bc1c: 85c0 48ba | a035 fb24 | 7802 0000 | 48c7 c658 | 0100 0074 | 0748 c7c6 | 4801 0000 | 488b 3c32 
  0x000002780059bc3c: 488d 7f01 | 4889 3c32 | 0f84 5018 | 0000 660f | 1f44 0000 

  0x000002780059bc50: ;   {metadata('java/lang/StringBuilder')}
  0x000002780059bc50: 48ba 4080 | 000f 7802 | 0000 498b | 87b8 0100 | 0048 8d78 | 1849 3bbf | c801 0000 | 0f87 0925 
  0x000002780059bc70: 0000 4989 | bfb8 0100 | 0048 c700 | 0100 0000 | 488b ca49 | ba00 0000 | 0f78 0200 | 0049 2bca 
  0x000002780059bc90: 8948 0848 | 33c9 8948 | 0c48 33c9 | 4889 4810 

  0x000002780059bca0: ;   {metadata(method data for {method} {0x00000278245e1c08} 'findClass' '(Ljava/lang/String;)Ljava/lang/Class;' in 'org/gradle/internal/classloader/TransformingClassLoader')}
  0x000002780059bca0: 488b d048 | bea0 35fb | 2478 0200 | 0048 8386 | 7801 0000 

  0x000002780059bcb4: ;   {metadata(method data for {method} {0x000002780f4619d8} '<init>' '()V' in 'java/lang/StringBuilder')}
  0x000002780059bcb4: 0148 ba10 | af00 2478 | 0200 008b | b2cc 0000 | 0083 c602 | 89b2 cc00 | 0000 81e6 | feff 1f00 
  0x000002780059bcd4: 85f6 0f84 | ac24 0000 

  0x000002780059bcdc: ;   {metadata(method data for {method} {0x000002780f4619d8} '<init>' '()V' in 'java/lang/StringBuilder')}
  0x000002780059bcdc: 488b d048 | be10 af00 | 2478 0200 | 0048 8386 | 1001 0000 | 0141 b810 | 0000 0048 | 8bd0 4889 
  0x000002780059bcfc: 8424 d800 | 0000 0f1f 

  0x000002780059bd04: ;   {optimized virtual_call}
  0x000002780059bd04: 4400 00e8 

  0x000002780059bd08: ; ImmutableOopMap {[200]=Oop [208]=Oop [216]=Oop }
                      ;*invokespecial <init> {reexecute=0 rethrow=0 return_oop=0}
                      ; - java.lang.StringBuilder::<init>@3
                      ; - org.gradle.internal.classloader.TransformingClassLoader::findClass@18 (line 55)
  0x000002780059bd08: b4ce 5907 

  0x000002780059bd0c: ;   {other}
  0x000002780059bd0c: 0f1f 8400 | fc07 0001 | 4c8b 8424 | c800 0000 

  0x000002780059bd1c: ; implicit exception: dispatches to 0x000002780059e1a9
  0x000002780059bd1c: 493b 004d 

  0x000002780059bd20: ;   {metadata(method data for {method} {0x00000278245e1c08} 'findClass' '(Ljava/lang/String;)Ljava/lang/Class;' in 'org/gradle/internal/classloader/TransformingClassLoader')}
  0x000002780059bd20: 8bc8 48ba | a035 fb24 | 7802 0000 | 4883 8288 | 0100 0001 | 498b f041 | b82e 0000 | 0041 b92f 
  0x000002780059bd40: 0000 0048 

  0x000002780059bd44: ;   {optimized virtual_call}
  0x000002780059bd44: 8bd6 90e8 

  0x000002780059bd48: ; ImmutableOopMap {[200]=Oop [208]=Oop [216]=Oop }
                      ;*invokevirtual replace {reexecute=0 rethrow=0 return_oop=0}
                      ; - org.gradle.internal.classloader.TransformingClassLoader::findClass@26 (line 55)
  0x000002780059bd48: 3417 5f07 

  0x000002780059bd4c: ;   {other}
  0x000002780059bd4c: 0f1f 8400 | 3c08 0002 | 4c8b 8424 | d800 0000 

  0x000002780059bd5c: ;   {metadata(method data for {method} {0x00000278245e1c08} 'findClass' '(Ljava/lang/String;)Ljava/lang/Class;' in 'org/gradle/internal/classloader/TransformingClassLoader')}
  0x000002780059bd5c: 48ba a035 | fb24 7802 | 0000 4883 | 82c0 0100 

  0x000002780059bd6c: ;   {metadata(method data for {method} {0x000002780f4617c8} 'append' '(Ljava/lang/String;)Ljava/lang/StringBuilder;' in 'java/lang/StringBuilder')}
  0x000002780059bd6c: 0001 49b8 | 00b2 0024 | 7802 0000 | 418b 90cc | 0000 0083 | c202 4189 | 90cc 0000 | 0081 e2fe 
  0x000002780059bd8c: ff1f 0085 | d20f 8417 | 2400 004c | 8b84 24d8 

  0x000002780059bd9c: ;   {metadata(method data for {method} {0x000002780f4617c8} 'append' '(Ljava/lang/String;)Ljava/lang/StringBuilder;' in 'java/lang/StringBuilder')}
  0x000002780059bd9c: 0000 0048 | ba00 b200 | 2478 0200 | 0048 8382 | 1001 0000 | 014c 8bc0 | 488b 9424 | d800 0000 
  0x000002780059bdbc: ;   {optimized virtual_call}
  0x000002780059bdbc: 6666 90e8 

  0x000002780059bdc0: ; ImmutableOopMap {[200]=Oop [208]=Oop [216]=Oop }
                      ;*invokespecial append {reexecute=0 rethrow=0 return_oop=0}
                      ; - java.lang.StringBuilder::append@2
                      ; - org.gradle.internal.classloader.TransformingClassLoader::findClass@29 (line 55)
  0x000002780059bdc0: bc35 5807 

  0x000002780059bdc4: ;   {other}
  0x000002780059bdc4: 0f1f 8400 | b408 0003 | 488b 8424 | d800 0000 

  0x000002780059bdd4: ;   {metadata(method data for {method} {0x00000278245e1c08} 'findClass' '(Ljava/lang/String;)Ljava/lang/Class;' in 'org/gradle/internal/classloader/TransformingClassLoader')}
  0x000002780059bdd4: 49b8 a035 | fb24 7802 | 0000 4983 | 80f8 0100 

  0x000002780059bde4: ;   {metadata(method data for {method} {0x000002780f4617c8} 'append' '(Ljava/lang/String;)Ljava/lang/StringBuilder;' in 'java/lang/StringBuilder')}
  0x000002780059bde4: 0001 49b8 | 00b2 0024 | 7802 0000 | 418b 90cc | 0000 0083 | c202 4189 | 90cc 0000 | 0081 e2fe 
  0x000002780059be04: ff1f 0085 | d20f 84c0 | 2300 0048 | 8b84 24d8 

  0x000002780059be14: ;   {metadata(method data for {method} {0x000002780f4617c8} 'append' '(Ljava/lang/String;)Ljava/lang/StringBuilder;' in 'java/lang/StringBuilder')}
  0x000002780059be14: 0000 0049 | b800 b200 | 2478 0200 | 0049 8380 | 1001 0000 

  0x000002780059be28: ;   {oop(".class"{0x00000000e0a8c330})}
  0x000002780059be28: 0149 b830 | c3a8 e000 | 0000 0048 | 8b94 24d8 | 0000 000f 

  0x000002780059be3c: ;   {optimized virtual_call}
  0x000002780059be3c: 1f40 00e8 

  0x000002780059be40: ; ImmutableOopMap {[200]=Oop [208]=Oop [216]=Oop }
                      ;*invokespecial append {reexecute=0 rethrow=0 return_oop=0}
                      ; - java.lang.StringBuilder::append@2
                      ; - org.gradle.internal.classloader.TransformingClassLoader::findClass@34 (line 55)
  0x000002780059be40: 3c35 5807 

  0x000002780059be44: ;   {other}
  0x000002780059be44: 0f1f 8400 | 3409 0004 | 488b 8424 | d800 0000 

  0x000002780059be54: ;   {metadata(method data for {method} {0x00000278245e1c08} 'findClass' '(Ljava/lang/String;)Ljava/lang/Class;' in 'org/gradle/internal/classloader/TransformingClassLoader')}
  0x000002780059be54: 48ba a035 | fb24 7802 | 0000 4883 | 8230 0200 

  0x000002780059be64: ;   {metadata(method data for {method} {0x000002780f008958} 'toString' '()Ljava/lang/String;' in 'java/lang/StringBuilder')}
  0x000002780059be64: 0001 48ba | 58b9 0024 | 7802 0000 | 8bb2 cc00 | 0000 83c6 | 0289 b2cc | 0000 0081 | e6fe ff1f 
  0x000002780059be84: 0085 f60f | 8463 2300 

  0x000002780059be8c: ;   {metadata('java/lang/String')}
  0x000002780059be8c: 0048 ba78 | e800 0f78 | 0200 0049 | 8b87 b801 | 0000 488d | 7818 493b | bfc8 0100 | 000f 8762 
  0x000002780059beac: 2300 0049 | 89bf b801 | 0000 48c7 | 0001 0000 | 0048 8bca | 49ba 0000 | 000f 7802 | 0000 492b 
  0x000002780059becc: ca89 4808 | 4833 c989 | 480c 4833 | c948 8948 | 1048 8984 | 24e0 0000 | 004c 8bc0 

  0x000002780059bee8: ;   {metadata(method data for {method} {0x000002780f008958} 'toString' '()Ljava/lang/String;' in 'java/lang/StringBuilder')}
  0x000002780059bee8: 49b9 58b9 | 0024 7802 | 0000 4983 | 8110 0100 

  0x000002780059bef8: ;   {metadata(method data for {method} {0x000002780f455ab8} '<init>' '(Ljava/lang/StringBuilder;)V' in 'java/lang/String')}
  0x000002780059bef8: 0001 49b8 | a0ba 0024 | 7802 0000 | 458b 88cc | 0000 0041 | 83c1 0245 | 8988 cc00 | 0000 4181 
  0x000002780059bf18: e1fe ff1f | 0045 85c9 | 0f84 f822 | 0000 4c8b 

  0x000002780059bf28: ;   {metadata(method data for {method} {0x000002780f455ab8} '<init>' '(Ljava/lang/StringBuilder;)V' in 'java/lang/String')}
  0x000002780059bf28: c049 b9a0 | ba00 2478 | 0200 0049 | 8381 1001 | 0000 014c | 8b84 24d8 

  0x000002780059bf40: ;   {oop(nullptr)}
  0x000002780059bf40: 0000 0049 | b900 0000 | 0000 0000 | 0048 8bd0 | 0f1f 8000 

  0x000002780059bf54: ;   {optimized virtual_call}
  0x000002780059bf54: 0000 00e8 

  0x000002780059bf58: ; ImmutableOopMap {[200]=Oop [208]=Oop [224]=Oop }
                      ;*invokespecial <init> {reexecute=0 rethrow=0 return_oop=0}
                      ; - java.lang.String::<init>@3
                      ; - java.lang.StringBuilder::toString@5
                      ; - org.gradle.internal.classloader.TransformingClassLoader::findClass@37 (line 55)
  0x000002780059bf58: 0437 6007 

  0x000002780059bf5c: ;   {other}
  0x000002780059bf5c: 0f1f 8400 | 4c0a 0005 | 488b 9424 | d000 0000 

  0x000002780059bf6c: ;   {metadata(method data for {method} {0x00000278245e1c08} 'findClass' '(Ljava/lang/String;)Ljava/lang/Class;' in 'org/gradle/internal/classloader/TransformingClassLoader')}
  0x000002780059bf6c: 49b8 a035 | fb24 7802 | 0000 8b52 | 0849 ba00 | 0000 0f78 | 0200 0049 | 03d2 493b | 9078 0200 
  0x000002780059bf8c: 0075 0d49 | 8380 8002 | 0000 01e9 | 6000 0000 | 493b 9088 | 0200 0075 | 0d49 8380 | 9002 0000 
  0x000002780059bfac: 01e9 4a00 | 0000 4983 | b878 0200 | 0000 7517 | 4989 9078 | 0200 0049 | c780 8002 | 0000 0100 
  0x000002780059bfcc: 0000 e929 | 0000 0049 | 83b8 8802 | 0000 0075 | 1749 8990 | 8802 0000 | 49c7 8090 | 0200 0001 
  0x000002780059bfec: 0000 00e9 | 0800 0000 | 4983 8068 | 0200 0001 | 4c8b 8424 | e000 0000 | 488b 9424 | d000 0000 
  0x000002780059c00c: ;   {optimized virtual_call}
  0x000002780059c00c: 6666 90e8 

  0x000002780059c010: ; ImmutableOopMap {[200]=Oop [208]=Oop [224]=Oop }
                      ;*invokevirtual findResource {reexecute=0 rethrow=0 return_oop=0}
                      ; - org.gradle.internal.classloader.TransformingClassLoader::findClass@43 (line 56)
  0x000002780059c010: 692a 0000 

  0x000002780059c014: ;   {other}
  0x000002780059c014: 0f1f 8400 | 040b 0006 

  0x000002780059c01c: ;   {metadata(method data for {method} {0x00000278245e1c08} 'findClass' '(Ljava/lang/String;)Ljava/lang/Class;' in 'org/gradle/internal/classloader/TransformingClassLoader')}
  0x000002780059c01c: 4885 c049 | b8a0 35fb | 2478 0200 | 0048 c7c2 | a002 0000 | 7407 48c7 | c2b0 0200 | 0049 8b34 
  0x000002780059c03c: 1048 8d76 | 0149 8934 | 100f 8417 | 0600 0048 | 8b94 24d0 

  0x000002780059c050: ;   {metadata(method data for {method} {0x00000278245e1c08} 'findClass' '(Ljava/lang/String;)Ljava/lang/Class;' in 'org/gradle/internal/classloader/TransformingClassLoader')}
  0x000002780059c050: 0000 0049 | b8a0 35fb | 2478 0200 | 0049 8380 | c002 0000 

  0x000002780059c064: ;   {metadata(method data for {method} {0x00000278245e1f08} 'loadBytecode' '(Ljava/net/URL;)[B' in 'org/gradle/internal/classloader/TransformingClassLoader')}
  0x000002780059c064: 0149 b800 | 00fc 2478 | 0200 0041 | 8b90 cc00 | 0000 83c2 | 0241 8990 | cc00 0000 | 81e2 feff 
  0x000002780059c084: 1f00 85d2 | 0f84 b121 | 0000 483b | 004c 8bc0 

  0x000002780059c094: ;   {metadata(method data for {method} {0x00000278245e1f08} 'loadBytecode' '(Ljava/net/URL;)[B' in 'org/gradle/internal/classloader/TransformingClassLoader')}
  0x000002780059c094: 48ba 0000 | fc24 7802 | 0000 4883 | 8210 0100 

  0x000002780059c0a4: ;   {metadata(method data for {method} {0x000002780f428e18} 'openStream' '()Ljava/io/InputStream;' in 'java/net/URL')}
  0x000002780059c0a4: 0001 49b8 | 18f0 db24 | 7802 0000 | 418b 90cc | 0000 0083 | c202 4189 | 90cc 0000 | 0081 e2fe 
  0x000002780059c0c4: ff1f 0085 | d20f 8496 | 2100 004c 

  0x000002780059c0d0: ;   {metadata(method data for {method} {0x000002780f428e18} 'openStream' '()Ljava/io/InputStream;' in 'java/net/URL')}
  0x000002780059c0d0: 8bc0 48ba | 18f0 db24 | 7802 0000 | 4883 8210 | 0100 0001 

  0x000002780059c0e4: ;   {metadata(method data for {method} {0x000002780f4287e8} 'openConnection' '()Ljava/net/URLConnection;' in 'java/net/URL')}
  0x000002780059c0e4: 49b8 60b5 | 1e24 7802 | 0000 418b | 90cc 0000 | 0083 c202 | 4189 90cc | 0000 0081 | e2fe ff1f 
  0x000002780059c104: 0085 d20f | 8479 2100 | 008b 5038 

  0x000002780059c110: ; implicit exception: dispatches to 0x000002780059e2a7
  0x000002780059c110: 483b 024c 

  0x000002780059c114: ;   {metadata(method data for {method} {0x000002780f4287e8} 'openConnection' '()Ljava/net/URLConnection;' in 'java/net/URL')}
  0x000002780059c114: 8bc2 48be | 60b5 1e24 | 7802 0000 | 458b 4008 | 49ba 0000 | 000f 7802 | 0000 4d03 | c24c 3b86 
  0x000002780059c134: 2001 0000 | 750d 4883 | 8628 0100 | 0001 e960 | 0000 004c | 3b86 3001 | 0000 750d | 4883 8638 
  0x000002780059c154: 0100 0001 | e94a 0000 | 0048 83be | 2001 0000 | 0075 174c | 8986 2001 | 0000 48c7 | 8628 0100 
  0x000002780059c174: 0001 0000 | 00e9 2900 | 0000 4883 | be30 0100 | 0000 7517 | 4c89 8630 | 0100 0048 | c786 3801 
  0x000002780059c194: 0000 0100 | 0000 e908 | 0000 0048 | 8386 1001 | 0000 014c | 8bc0 4889 | 8424 e800 | 0000 6666 
  0x000002780059c1b4: 9048 b8ff | ffff ffff 

  0x000002780059c1bc: ;   {virtual_call}
  0x000002780059c1bc: ffff ffe8 

  0x000002780059c1c0: ; ImmutableOopMap {[200]=Oop [208]=Oop [224]=Oop [232]=Oop }
                      ;*invokevirtual openConnection {reexecute=0 rethrow=0 return_oop=0}
                      ; - java.net.URL::openConnection@5
                      ; - java.net.URL::openStream@1
                      ; - org.gradle.internal.classloader.TransformingClassLoader::loadBytecode@1 (line 107)
                      ; - org.gradle.internal.classloader.TransformingClassLoader::findClass@53 (line 62)
  0x000002780059c1c0: dcf5 fd06 

  0x000002780059c1c4: ;   {other}
  0x000002780059c1c4: 0f1f 8400 | b40c 0007 

  0x000002780059c1cc: ; implicit exception: dispatches to 0x000002780059e2ac
  0x000002780059c1cc: 483b 0048 

  0x000002780059c1d0: ;   {metadata(method data for {method} {0x000002780f428e18} 'openStream' '()Ljava/io/InputStream;' in 'java/net/URL')}
  0x000002780059c1d0: 8bd0 48be | 18f0 db24 | 7802 0000 | 8b52 0849 | ba00 0000 | 0f78 0200 | 0049 03d2 | 483b 9658 
  0x000002780059c1f0: 0100 0075 | 0d48 8386 | 6001 0000 | 01e9 6000 | 0000 483b | 9668 0100 | 0075 0d48 | 8386 7001 
  0x000002780059c210: 0000 01e9 | 4a00 0000 | 4883 be58 | 0100 0000 | 7517 4889 | 9658 0100 | 0048 c786 | 6001 0000 
  0x000002780059c230: 0100 0000 | e929 0000 | 0048 83be | 6801 0000 | 0075 1748 | 8996 6801 | 0000 48c7 | 8670 0100 
  0x000002780059c250: 0001 0000 | 00e9 0800 | 0000 4883 | 8648 0100 | 0001 488b | d048 b8ff | ffff ffff 

  0x000002780059c26c: ;   {virtual_call}
  0x000002780059c26c: ffff ffe8 

  0x000002780059c270: ; ImmutableOopMap {[200]=Oop [208]=Oop [224]=Oop [232]=Oop }
                      ;*invokevirtual getInputStream {reexecute=0 rethrow=0 return_oop=0}
                      ; - java.net.URL::openStream@4
                      ; - org.gradle.internal.classloader.TransformingClassLoader::loadBytecode@1 (line 107)
                      ; - org.gradle.internal.classloader.TransformingClassLoader::findClass@53 (line 62)
  0x000002780059c270: 6cf5 fd06 

  0x000002780059c274: ;   {other}
  0x000002780059c274: 0f1f 8400 | 640d 0008 | 488b d048 | 8984 24f0 

  0x000002780059c284: ;   {static_call}
  0x000002780059c284: 0000 00e8 

  0x000002780059c288: ; ImmutableOopMap {[200]=Oop [208]=Oop [224]=Oop [232]=Oop [240]=Oop }
                      ;*invokestatic toByteArray {reexecute=0 rethrow=0 return_oop=0}
                      ; - org.gradle.internal.classloader.TransformingClassLoader::loadBytecode@6 (line 109)
                      ; - org.gradle.internal.classloader.TransformingClassLoader::findClass@53 (line 62)
  0x000002780059c288: 2128 0000 

  0x000002780059c28c: ;   {other}
  0x000002780059c28c: 0f1f 8400 | 7c0d 0009 | 4889 8424 | f800 0000 | 488b b424 | f000 0000 

  0x000002780059c2a4: ; implicit exception: dispatches to 0x000002780059e2b1
  0x000002780059c2a4: 483b 0648 

  0x000002780059c2a8: ;   {metadata(method data for {method} {0x00000278245e1f08} 'loadBytecode' '(Ljava/net/URL;)[B' in 'org/gradle/internal/classloader/TransformingClassLoader')}
  0x000002780059c2a8: 8bd6 48bf | 0000 fc24 | 7802 0000 | 8b52 0849 | ba00 0000 | 0f78 0200 | 0049 03d2 | 483b 9768 
  0x000002780059c2c8: 0100 0075 | 0d48 8387 | 7001 0000 | 01e9 6000 | 0000 483b | 9778 0100 | 0075 0d48 | 8387 8001 
  0x000002780059c2e8: 0000 01e9 | 4a00 0000 | 4883 bf68 | 0100 0000 | 7517 4889 | 9768 0100 | 0048 c787 | 7001 0000 
  0x000002780059c308: 0100 0000 | e929 0000 | 0048 83bf | 7801 0000 | 0075 1748 | 8997 7801 | 0000 48c7 | 8780 0100 
  0x000002780059c328: 0001 0000 | 00e9 0800 | 0000 4883 | 8758 0100 | 0001 488b | d648 b8ff | ffff ffff 

  0x000002780059c344: ;   {virtual_call}
  0x000002780059c344: ffff ffe8 

  0x000002780059c348: ; ImmutableOopMap {[200]=Oop [208]=Oop [224]=Oop [232]=Oop [248]=Oop }
                      ;*invokevirtual close {reexecute=0 rethrow=0 return_oop=0}
                      ; - org.gradle.internal.classloader.TransformingClassLoader::loadBytecode@11 (line 111)
                      ; - org.gradle.internal.classloader.TransformingClassLoader::findClass@53 (line 62)
  0x000002780059c348: 14f5 fd06 

  0x000002780059c34c: ;   {other}
  0x000002780059c34c: 0f1f 8400 | 3c0e 000a | 488b 8424 | f800 0000 | 488b 9424 | d000 0000 

  0x000002780059c364: ;   {metadata(method data for {method} {0x00000278245e1c08} 'findClass' '(Ljava/lang/String;)Ljava/lang/Class;' in 'org/gradle/internal/classloader/TransformingClassLoader')}
  0x000002780059c364: 49b8 a035 | fb24 7802 

  0x000002780059c36c: ;   {metadata('org/gradle/initialization/MixInLegacyTypesClassLoader')}
  0x000002780059c36c: 0000 49ba | 7093 0a10 | 7802 0000 | 4d89 90e0 | 0200 0049 | 8380 e802 | 0000 014c | 8b84 24c8 
  0x000002780059c38c: 0000 004c | 8bc8 488b | 9424 d000 | 0000 0f1f 

  0x000002780059c39c: ;   {optimized virtual_call}
  0x000002780059c39c: 4400 00e8 

  0x000002780059c3a0: ; ImmutableOopMap {[200]=Oop [208]=Oop [224]=Oop [232]=Oop }
                      ;*invokevirtual transform {reexecute=0 rethrow=0 return_oop=0}
                      ; - org.gradle.internal.classloader.TransformingClassLoader::findClass@62 (line 63)
  0x000002780059c3a0: 2927 0000 

  0x000002780059c3a4: ;   {other}
  0x000002780059c3a4: 0f1f 8400 | 940e 000b 

  0x000002780059c3ac: ;   {metadata(method data for {method} {0x00000278245e1c08} 'findClass' '(Ljava/lang/String;)Ljava/lang/Class;' in 'org/gradle/internal/classloader/TransformingClassLoader')}
  0x000002780059c3ac: 48ba a035 | fb24 7802 | 0000 4883 | 8208 0300 | 0001 488b | 9424 e800 | 0000 4c8b | 8424 e000 
  0x000002780059c3cc: 0000 4889 | 8424 0001 

  0x000002780059c3d4: ;   {static_call}
  0x000002780059c3d4: 0000 90e8 

  0x000002780059c3d8: ; ImmutableOopMap {[200]=Oop [208]=Oop [232]=Oop [256]=Oop }
                      ;*invokestatic getClasspathForResource {reexecute=0 rethrow=0 return_oop=0}
                      ; - org.gradle.internal.classloader.TransformingClassLoader::findClass@69 (line 64)
  0x000002780059c3d8: a42c fe06 

  0x000002780059c3dc: ;   {other}
  0x000002780059c3dc: 0f1f 8400 | cc0e 000c 

  0x000002780059c3e4: ; implicit exception: dispatches to 0x000002780059e2b6
  0x000002780059c3e4: 483b 0048 

  0x000002780059c3e8: ;   {metadata(method data for {method} {0x00000278245e1c08} 'findClass' '(Ljava/lang/String;)Ljava/lang/Class;' in 'org/gradle/internal/classloader/TransformingClassLoader')}
  0x000002780059c3e8: 8bd0 48be | a035 fb24 | 7802 0000 

  0x000002780059c3f4: ;   {metadata('java/io/File')}
  0x000002780059c3f4: 49ba 10f6 | 040f 7802 | 0000 4c89 | 9628 0300 | 0048 8386 | 3003 0000 | 0148 8bd0 | 0f1f 8000 
  0x000002780059c414: ;   {optimized virtual_call}
  0x000002780059c414: 0000 00e8 

  0x000002780059c418: ; ImmutableOopMap {[200]=Oop [208]=Oop [232]=Oop [256]=Oop }
                      ;*invokevirtual toURI {reexecute=0 rethrow=0 return_oop=0}
                      ; - org.gradle.internal.classloader.TransformingClassLoader::findClass@72 (line 64)
  0x000002780059c418: 6426 fe06 

  0x000002780059c41c: ;   {other}
  0x000002780059c41c: 0f1f 8400 | 0c0f 000d 

  0x000002780059c424: ; implicit exception: dispatches to 0x000002780059e2bb
  0x000002780059c424: 483b 0048 

  0x000002780059c428: ;   {metadata(method data for {method} {0x00000278245e1c08} 'findClass' '(Ljava/lang/String;)Ljava/lang/Class;' in 'org/gradle/internal/classloader/TransformingClassLoader')}
  0x000002780059c428: 8bd0 49b8 | a035 fb24 | 7802 0000 | 4983 8050 | 0300 0001 

  0x000002780059c43c: ;   {metadata(method data for {method} {0x000002780f144ed0} 'toURL' '()Ljava/net/URL;' in 'java/net/URI')}
  0x000002780059c43c: 48ba b0ad | 1c24 7802 | 0000 448b | 82cc 0000 | 0041 83c0 | 0244 8982 | cc00 0000 | 4181 e0fe 
  0x000002780059c45c: ff1f 0045 | 85c0 0f84 | 581e 0000 

  0x000002780059c468: ;   {metadata(method data for {method} {0x000002780f144ed0} 'toURL' '()Ljava/net/URL;' in 'java/net/URI')}
  0x000002780059c468: 48ba b0ad | 1c24 7802 | 0000 4883 | 8210 0100 | 0001 488b 

  0x000002780059c47c: ;   {oop(nullptr)}
  0x000002780059c47c: d049 b800 | 0000 0000 

  0x000002780059c484: ;   {static_call}
  0x000002780059c484: 0000 00e8 

  0x000002780059c488: ; ImmutableOopMap {[200]=Oop [208]=Oop [232]=Oop [256]=Oop }
                      ;*invokestatic of {reexecute=0 rethrow=0 return_oop=0}
                      ; - java.net.URI::toURL@2
                      ; - org.gradle.internal.classloader.TransformingClassLoader::findClass@75 (line 64)
  0x000002780059c488: f42b fe06 

  0x000002780059c48c: ;   {other}
  0x000002780059c48c: 0f1f 8400 | 7c0f 000e | 4c8b c090 

  0x000002780059c498: ;   {no_reloc}
  0x000002780059c498: e953 1e00 | 0000 0000 | 0000 498b | 87b8 0100 | 0048 8d78 | 2849 3bbf | c801 0000 | 0f87 401e 
  0x000002780059c4b8: 0000 4989 | bfb8 0100 | 0048 c700 | 0100 0000 | 488b ca49 | ba00 0000 | 0f78 0200 | 0049 2bca 
  0x000002780059c4d8: 8948 0848 | 33c9 8948 | 0c48 33c9 | 4889 4810 | 4889 4818 | 4889 4820 

  0x000002780059c4f0: ;   {oop(nullptr)}
  0x000002780059c4f0: 49b9 0000 | 0000 0000 | 0000 4d85 

  0x000002780059c4fc: ;   {metadata(method data for {method} {0x00000278245e1c08} 'findClass' '(Ljava/lang/String;)Ljava/lang/Class;' in 'org/gradle/internal/classloader/TransformingClassLoader')}
  0x000002780059c4fc: c975 1648 | bea0 35fb | 2478 0200 | 0080 8e81 | 0300 0001 | e9f8 0000 | 0066 6690 

  0x000002780059c518: ;   {no_reloc}
  0x000002780059c518: e9f9 1d00 | 0000 0000 | 0000 418b | 7108 49ba | 0000 000f | 7802 0000 | 4903 f248 | 3bf7 0f84 
  0x000002780059c538: 2700 0000 | 8b57 1448 | 3b3c 160f | 841a 0000 | 0083 fa20 | 0f85 9f00 | 0000 5657 

  0x000002780059c554: ;   {runtime_call slow_subtype_check Runtime1 stub}
  0x000002780059c554: e8a7 f909 | 075e 5f85 | ff0f 848e 

  0x000002780059c560: ;   {metadata(method data for {method} {0x00000278245e1c08} 'findClass' '(Ljava/lang/String;)Ljava/lang/Class;' in 'org/gradle/internal/classloader/TransformingClassLoader')}
  0x000002780059c560: 0000 0048 | bea0 35fb | 2478 0200 | 0041 8b79 | 0849 ba00 | 0000 0f78 | 0200 0049 | 03fa 483b 
  0x000002780059c580: be98 0300 | 0075 0d48 | 8386 a003 | 0000 01e9 | 7900 0000 | 483b bea8 | 0300 0075 | 0d48 8386 
  0x000002780059c5a0: b003 0000 | 01e9 6300 | 0000 4883 | be98 0300 | 0000 7517 | 4889 be98 | 0300 0048 | c786 a003 
  0x000002780059c5c0: 0000 0100 | 0000 e942 | 0000 0048 | 83be a803 | 0000 0075 | 1748 89be | a803 0000 | 48c7 86b0 
  0x000002780059c5e0: 0300 0001 | 0000 00e9 | 2100 0000 | e91c 0000 

  0x000002780059c5f0: ;   {metadata(method data for {method} {0x00000278245e1c08} 'findClass' '(Ljava/lang/String;)Ljava/lang/Class;' in 'org/gradle/internal/classloader/TransformingClassLoader')}
  0x000002780059c5f0: 0048 bea0 | 35fb 2478 | 0200 0048 | 83ae 8803 | 0000 01e9 | 181d 0000 | e900 0000 | 0048 8bd0 
  0x000002780059c610: ;   {metadata(method data for {method} {0x00000278245e1c08} 'findClass' '(Ljava/lang/String;)Ljava/lang/Class;' in 'org/gradle/internal/classloader/TransformingClassLoader')}
  0x000002780059c610: 48be a035 | fb24 7802 | 0000 4883 | 86c0 0300 | 0001 488b | d048 8984 | 2408 0100 

  0x000002780059c62c: ;   {optimized virtual_call}
  0x000002780059c62c: 0066 90e8 

  0x000002780059c630: ; ImmutableOopMap {[200]=Oop [208]=Oop [232]=Oop [256]=Oop [264]=Oop }
                      ;*invokespecial <init> {reexecute=0 rethrow=0 return_oop=0}
                      ; - org.gradle.internal.classloader.TransformingClassLoader::findClass@90 (line 65)
  0x000002780059c630: 4c24 fe06 

  0x000002780059c634: ;   {other}
  0x000002780059c634: 0f1f 8400 | 2411 000f 

  0x000002780059c63c: ;   {metadata(method data for {method} {0x00000278245e1c08} 'findClass' '(Ljava/lang/String;)Ljava/lang/Class;' in 'org/gradle/internal/classloader/TransformingClassLoader')}
  0x000002780059c63c: 49b8 a035 | fb24 7802 | 0000 41ff | 80d0 0300 | 0048 8b84 | 2408 0100 | 0048 8bb4 | 2400 0100 
  0x000002780059c65c: 00e9 c705 | 0000 4889 | 8424 e800 | 0000 488b | 9424 d000 | 0000 4c8b 

  0x000002780059c674: ;   {metadata(method data for {method} {0x00000278245e1c08} 'findClass' '(Ljava/lang/String;)Ljava/lang/Class;' in 'org/gradle/internal/classloader/TransformingClassLoader')}
  0x000002780059c674: c248 bea0 | 35fb 2478 

  0x000002780059c67c: ;   {metadata('org/gradle/initialization/MixInLegacyTypesClassLoader')}
  0x000002780059c67c: 0200 0049 | ba70 930a | 1078 0200 | 004c 8996 | f803 0000 | 4883 8600 | 0400 0001 

  0x000002780059c698: ;   {metadata(method data for {method} {0x00000278245e0278} 'generateMissingClass' '(Ljava/lang/String;)[B' in 'org/gradle/initialization/MixInLegacyTypesClassLoader')}
  0x000002780059c698: 49b8 b00c | fc24 7802 | 0000 418b | b0cc 0000 | 0083 c602 | 4189 b0cc | 0000 0081 | e6fe ff1f 
  0x000002780059c6b8: 0085 f60f | 8468 1c00 | 0044 8b42 | 684d 85c0 | 0f84 2a00 

  0x000002780059c6cc: ;   {metadata('org/gradle/initialization/DefaultLegacyTypesSupport')}
  0x000002780059c6cc: 0000 48b8 | 1073 0a10 | 7802 0000 | 418b 5808 | 49ba 0000 | 000f 7802 | 0000 4903 | da48 3b43 
  0x000002780059c6ec: 380f 8557 | 1c00 00e9 | 0000 0000 | 498b f049 | 3b00 498b 

  0x000002780059c700: ;   {metadata(method data for {method} {0x00000278245e0278} 'generateMissingClass' '(Ljava/lang/String;)[B' in 'org/gradle/initialization/MixInLegacyTypesClassLoader')}
  0x000002780059c700: f048 bfb0 | 0cfc 2478 

  0x000002780059c708: ;   {metadata('org/gradle/initialization/DefaultLegacyTypesSupport')}
  0x000002780059c708: 0200 0049 | ba10 730a | 1078 0200 | 004c 8997 | 2001 0000 | 4883 8728 | 0100 0001 | 418b 7014 
  0x000002780059c728: ; implicit exception: dispatches to 0x000002780059e354
  0x000002780059c728: 483b 064c 

  0x000002780059c72c: ;   {metadata(method data for {method} {0x00000278245e0278} 'generateMissingClass' '(Ljava/lang/String;)[B' in 'org/gradle/initialization/MixInLegacyTypesClassLoader')}
  0x000002780059c72c: 8bc6 48bf | b00c fc24 | 7802 0000 | 458b 4008 | 49ba 0000 | 000f 7802 | 0000 4d03 | c24c 3b87 
  0x000002780059c74c: 5801 0000 | 750d 4883 | 8760 0100 | 0001 e960 | 0000 004c | 3b87 6801 | 0000 750d | 4883 8770 
  0x000002780059c76c: 0100 0001 | e94a 0000 | 0048 83bf | 5801 0000 | 0075 174c | 8987 5801 | 0000 48c7 | 8760 0100 
  0x000002780059c78c: 0001 0000 | 00e9 2900 | 0000 4883 | bf68 0100 | 0000 7517 | 4c89 8768 | 0100 0048 | c787 7001 
  0x000002780059c7ac: 0000 0100 | 0000 e908 | 0000 0048 | 8387 4801 | 0000 014c | 8b84 24c8 | 0000 0048 | 8bd6 6666 
  0x000002780059c7cc: 9048 b8ff | ffff ffff 

  0x000002780059c7d4: ;   {virtual_call}
  0x000002780059c7d4: ffff ffe8 

  0x000002780059c7d8: ; ImmutableOopMap {[200]=Oop [208]=Oop [232]=Oop }
                      ;*invokeinterface contains {reexecute=0 rethrow=0 return_oop=0}
                      ; - org.gradle.initialization.MixInLegacyTypesClassLoader::generateMissingClass@10 (line 101)
                      ; - org.gradle.internal.classloader.TransformingClassLoader::findClass@100 (line 67)
  0x000002780059c7d8: a425 fe06 

  0x000002780059c7dc: ;   {other}
  0x000002780059c7dc: 0f1f 8400 | cc12 0010 

  0x000002780059c7e4: ;   {metadata(method data for {method} {0x00000278245e0278} 'generateMissingClass' '(Ljava/lang/String;)[B' in 'org/gradle/initialization/MixInLegacyTypesClassLoader')}
  0x000002780059c7e4: 85c0 48ba | b00c fc24 | 7802 0000 | 49c7 c080 | 0100 0075 | 0749 c7c0 | 9001 0000 | 4a8b 3402 
  0x000002780059c804: 488d 7601 | 4a89 3402 | 0f85 0f00 

  0x000002780059c810: ;   {oop(nullptr)}
  0x000002780059c810: 0000 48be | 0000 0000 | 0000 0000 | e9fe 0300 | 004c 8b84 | 24c8 0000 | 0048 8b94 | 24d0 0000 
  0x000002780059c830: 008b 7268 | 4885 f60f | 8429 0000 

  0x000002780059c83c: ;   {metadata('org/gradle/initialization/DefaultLegacyTypesSupport')}
  0x000002780059c83c: 0048 b910 | 730a 1078 | 0200 008b | 4608 49ba | 0000 000f | 7802 0000 | 4903 c248 | 3b48 380f 
  0x000002780059c85c: 85f8 1a00 | 00e9 0000 | 0000 488b | fe48 3b06 

  0x000002780059c86c: ;   {metadata(method data for {method} {0x00000278245e0278} 'generateMissingClass' '(Ljava/lang/String;)[B' in 'org/gradle/initialization/MixInLegacyTypesClassLoader')}
  0x000002780059c86c: 488b fe48 | bbb0 0cfc | 2478 0200 

  0x000002780059c878: ;   {metadata('org/gradle/initialization/DefaultLegacyTypesSupport')}
  0x000002780059c878: 0049 ba10 | 730a 1078 | 0200 004c | 8993 b001 | 0000 4883 | 83b8 0100 

  0x000002780059c890: ;   {metadata(method data for {method} {0x00000278245ca488} 'generateSyntheticClass' '(Ljava/lang/String;)[B' in 'org/gradle/initialization/DefaultLegacyTypesSupport')}
  0x000002780059c890: 0001 48bf | d00e fc24 | 7802 0000 | 8b9f cc00 | 0000 83c3 | 0289 9fcc | 0000 0081 | e3fe ff1f 
  0x000002780059c8b0: 0085 db0f | 84aa 1a00 | 008b 7e0c 

  0x000002780059c8bc: ; implicit exception: dispatches to 0x000002780059e384
                      ;   {metadata(method data for {method} {0x00000278245ca488} 'generateSyntheticClass' '(Ljava/lang/String;)[B' in 'org/gradle/initialization/DefaultLegacyTypesSupport')}
  0x000002780059c8bc: 483b 0748 | bbd0 0efc | 2478 0200 

  0x000002780059c8c8: ;   {metadata('org/gradle/initialization/ConventionInterfaceGenerator')}
  0x000002780059c8c8: 0049 ba70 | 750a 1078 | 0200 004c | 8993 2001 | 0000 4883 | 8328 0100 

  0x000002780059c8e0: ;   {metadata(method data for {method} {0x00000278245cb7c0} 'isConventionClass' '(Ljava/lang/String;)Z' in 'org/gradle/initialization/ConventionInterfaceGenerator')}
  0x000002780059c8e0: 0001 48bf | c810 fc24 | 7802 0000 | 8b9f cc00 | 0000 83c3 | 0289 9fcc | 0000 0081 | e3fe ff1f 
  0x000002780059c900: 0085 db0f | 8480 1a00 

  0x000002780059c908: ;   {oop(a 'com/google/common/collect/RegularImmutableList'{0x00000000e82d7f68})}
  0x000002780059c908: 0048 bf68 | 7f2d e800 | 0000 0048 

  0x000002780059c914: ;   {metadata(method data for {method} {0x00000278245cb7c0} 'isConventionClass' '(Ljava/lang/String;)Z' in 'org/gradle/initialization/ConventionInterfaceGenerator')}
  0x000002780059c914: 8bdf 48b8 | c810 fc24 | 7802 0000 | 8b5b 0849 | ba00 0000 | 0f78 0200 | 0049 03da | 483b 9820 
  0x000002780059c934: 0100 0075 | 0d48 8380 | 2801 0000 | 01e9 6000 | 0000 483b | 9830 0100 | 0075 0d48 | 8380 3801 
  0x000002780059c954: 0000 01e9 | 4a00 0000 | 4883 b820 | 0100 0000 | 7517 4889 | 9820 0100 | 0048 c780 | 2801 0000 
  0x000002780059c974: 0100 0000 | e929 0000 | 0048 83b8 | 3001 0000 | 0075 1748 | 8998 3001 | 0000 48c7 | 8038 0100 
  0x000002780059c994: 0001 0000 | 00e9 0800 | 0000 4883 | 8010 0100 

  0x000002780059c9a4: ;   {metadata(method data for {method} {0x00000278245432c8} 'contains' '(Ljava/lang/Object;)Z' in 'com/google/common/collect/ImmutableList')}
  0x000002780059c9a4: 0001 48bb | 5812 fc24 | 7802 0000 | 8b83 cc00 | 0000 83c0 | 0289 83cc | 0000 0025 | feff 1f00 
  0x000002780059c9c4: 85c0 0f84 | de19 0000 

  0x000002780059c9cc: ;   {metadata(method data for {method} {0x00000278245432c8} 'contains' '(Ljava/lang/Object;)Z' in 'com/google/common/collect/ImmutableList')}
  0x000002780059c9cc: 48bb 5812 | fc24 7802 | 0000 8b7f | 0849 ba00 | 0000 0f78 | 0200 0049 | 03fa 483b | bb20 0100 
  0x000002780059c9ec: 0075 0d48 | 8383 2801 | 0000 01e9 | 6000 0000 | 483b bb30 | 0100 0075 | 0d48 8383 | 3801 0000 
  0x000002780059ca0c: 01e9 4a00 | 0000 4883 | bb20 0100 | 0000 7517 | 4889 bb20 | 0100 0048 | c783 2801 | 0000 0100 
  0x000002780059ca2c: 0000 e929 | 0000 0048 | 83bb 3001 | 0000 0075 | 1748 89bb | 3001 0000 | 48c7 8338 | 0100 0001 
  0x000002780059ca4c: 0000 00e9 | 0800 0000 | 4883 8310 | 0100 0001 

  0x000002780059ca5c: ;   {metadata(method data for {method} {0x00000278245430e8} 'indexOf' '(Ljava/lang/Object;)I' in 'com/google/common/collect/ImmutableList')}
  0x000002780059ca5c: 48bf 2014 | fc24 7802 | 0000 8b9f | cc00 0000 | 83c3 0289 | 9fcc 0000 | 0081 e3fe | ff1f 0085 
  0x000002780059ca7c: db0f 8448 | 1900 004d 

  0x000002780059ca84: ;   {metadata(method data for {method} {0x00000278245430e8} 'indexOf' '(Ljava/lang/Object;)I' in 'com/google/common/collect/ImmutableList')}
  0x000002780059ca84: 85c0 48bf | 2014 fc24 | 7802 0000 | 48c7 c310 | 0100 0075 | 0748 c7c3 | 2001 0000 | 488b 041f 
  0x000002780059caa4: 488d 4001 | 4889 041f | 0f85 2200 

  0x000002780059cab0: ;   {metadata(method data for {method} {0x00000278245430e8} 'indexOf' '(Ljava/lang/Object;)I' in 'com/google/common/collect/ImmutableList')}
  0x000002780059cab0: 0000 48bf | 2014 fc24 | 7802 0000 | ff87 3001 | 0000 bfff | ffff ff48 | 89b4 2410 | 0100 00e9 
  0x000002780059cad0: 4300 0000 | 4889 b424 | 1001 0000 

  0x000002780059cadc: ;   {metadata(method data for {method} {0x00000278245430e8} 'indexOf' '(Ljava/lang/Object;)I' in 'com/google/common/collect/ImmutableList')}
  0x000002780059cadc: 48bf 2014 | fc24 7802 | 0000 4883 | 8748 0100 

  0x000002780059caec: ;   {oop(a 'com/google/common/collect/RegularImmutableList'{0x00000000e82d7f68})}
  0x000002780059caec: 0001 48bf | 687f 2de8 | 0000 0000 | 488b d749 | 8bf8 4c8b | c766 0f1f 

  0x000002780059cb04: ;   {static_call}
  0x000002780059cb04: 4400 00e8 

  0x000002780059cb08: ; ImmutableOopMap {[200]=Oop [208]=Oop [232]=Oop [272]=Oop }
                      ;*invokestatic indexOfImpl {reexecute=0 rethrow=0 return_oop=0}
                      ; - com.google.common.collect.ImmutableList::indexOf@10 (line 427)
                      ; - com.google.common.collect.ImmutableList::contains@2 (line 437)
                      ; - org.gradle.initialization.ConventionInterfaceGenerator::isConventionClass@4 (line 76)
                      ; - org.gradle.initialization.DefaultLegacyTypesSupport::generateSyntheticClass@5 (line 79)
                      ; - org.gradle.initialization.MixInLegacyTypesClassLoader::generateMissingClass@25 (line 104)
                      ; - org.gradle.internal.classloader.TransformingClassLoader::findClass@100 (line 67)
  0x000002780059cb08: 7425 fe06 

  0x000002780059cb0c: ;   {other}
  0x000002780059cb0c: 0f1f 8400 | fc15 0011 | 488b f885 

  0x000002780059cb18: ;   {metadata(method data for {method} {0x00000278245432c8} 'contains' '(Ljava/lang/Object;)Z' in 'com/google/common/collect/ImmutableList')}
  0x000002780059cb18: ff49 b858 | 12fc 2478 | 0200 0048 | c7c2 4801 | 0000 7c07 | 48c7 c258 | 0100 0049 | 8b34 1048 
  0x000002780059cb38: 8d76 0149 | 8934 100f | 8c1c 0000 

  0x000002780059cb44: ;   {metadata(method data for {method} {0x00000278245432c8} 'contains' '(Ljava/lang/Object;)Z' in 'com/google/common/collect/ImmutableList')}
  0x000002780059cb44: 0049 b858 | 12fc 2478 | 0200 0041 | ff80 6801 | 0000 41b8 | 0100 0000 | e906 0000 | 0041 b800 
  0x000002780059cb64: 0000 0041 | 83e0 0141 | 83e0 0145 

  0x000002780059cb70: ;   {metadata(method data for {method} {0x00000278245ca488} 'generateSyntheticClass' '(Ljava/lang/String;)[B' in 'org/gradle/initialization/DefaultLegacyTypesSupport')}
  0x000002780059cb70: 85c0 49b8 | d00e fc24 | 7802 0000 | 48c7 c248 | 0100 0074 | 0748 c7c2 | 5801 0000 | 498b 3410 
  0x000002780059cb90: 488d 7601 | 4989 3410 | 0f84 5300 | 0000 488b | b424 1001 | 0000 8b56 | 0c48 3b02 

  0x000002780059cbac: ;   {metadata(method data for {method} {0x00000278245ca488} 'generateSyntheticClass' '(Ljava/lang/String;)[B' in 'org/gradle/initialization/DefaultLegacyTypesSupport')}
  0x000002780059cbac: 4c8b c248 | bed0 0efc | 2478 0200 

  0x000002780059cbb8: ;   {metadata('org/gradle/initialization/ConventionInterfaceGenerator')}
  0x000002780059cbb8: 0049 ba70 | 750a 1078 | 0200 004c | 8996 7801 | 0000 4883 | 8680 0100 | 0001 4c8b | 8424 c800 
  0x000002780059cbd8: 0000 0f1f 

  0x000002780059cbdc: ;   {optimized virtual_call}
  0x000002780059cbdc: 4400 00e8 

  0x000002780059cbe0: ; ImmutableOopMap {[200]=Oop [208]=Oop [232]=Oop }
                      ;*invokevirtual generateConventionClass {reexecute=0 rethrow=0 return_oop=0}
                      ; - org.gradle.initialization.DefaultLegacyTypesSupport::generateSyntheticClass@16 (line 80)
                      ; - org.gradle.initialization.MixInLegacyTypesClassLoader::generateMissingClass@25 (line 104)
                      ; - org.gradle.internal.classloader.TransformingClassLoader::findClass@100 (line 67)
  0x000002780059cbe0: 9c1e fe06 

  0x000002780059cbe4: ;   {other}
  0x000002780059cbe4: 0f1f 8400 | d416 0012 | e92b 0000 

  0x000002780059cbf0: ;   {metadata(method data for {method} {0x00000278245ca488} 'generateSyntheticClass' '(Ljava/lang/String;)[B' in 'org/gradle/initialization/DefaultLegacyTypesSupport')}
  0x000002780059cbf0: 0048 bad0 | 0efc 2478 | 0200 0048 | 8382 a001 | 0000 0148 | 8b94 24c8 | 0000 000f 

  0x000002780059cc0c: ;   {static_call}
  0x000002780059cc0c: 1f40 00e8 

  0x000002780059cc10: ; ImmutableOopMap {[200]=Oop [208]=Oop [232]=Oop }
                      ;*invokestatic generateEmptyInterface {reexecute=0 rethrow=0 return_oop=0}
                      ; - org.gradle.initialization.DefaultLegacyTypesSupport::generateSyntheticClass@21 (line 82)
                      ; - org.gradle.initialization.MixInLegacyTypesClassLoader::generateMissingClass@25 (line 104)
                      ; - org.gradle.internal.classloader.TransformingClassLoader::findClass@100 (line 67)
  0x000002780059cc10: 6c24 fe06 

  0x000002780059cc14: ;   {other}
  0x000002780059cc14: 0f1f 8400 | 0417 0013 

  0x000002780059cc1c: ;   {oop(nullptr)}
  0x000002780059cc1c: 488b f048 | b800 0000 | 0000 0000 

  0x000002780059cc28: ;   {metadata(method data for {method} {0x00000278245e1c08} 'findClass' '(Ljava/lang/String;)Ljava/lang/Class;' in 'org/gradle/internal/classloader/TransformingClassLoader')}
  0x000002780059cc28: 0048 baa0 | 35fb 2478 | 0200 00ff | 8220 0400 | 0048 85f6 

  0x000002780059cc3c: ;   {metadata(method data for {method} {0x00000278245e1c08} 'findClass' '(Ljava/lang/String;)Ljava/lang/Class;' in 'org/gradle/internal/classloader/TransformingClassLoader')}
  0x000002780059cc3c: 48ba a035 | fb24 7802 | 0000 49c7 | c0d8 0400 | 0074 0749 | c7c0 c804 | 0000 4a8b | 3c02 488d 
  0x000002780059cc5c: 7f01 4a89 | 3c02 0f84 | 590a 0000 | 4889 8424 | 2001 0000 | 4889 b424 | 1801 0000 

  0x000002780059cc78: ;   {metadata(method data for {method} {0x00000278245e1c08} 'findClass' '(Ljava/lang/String;)Ljava/lang/Class;' in 'org/gradle/internal/classloader/TransformingClassLoader')}
  0x000002780059cc78: 48ba a035 | fb24 7802 | 0000 4883 | 82f8 0400 | 0001 488b | 9424 c800 

  0x000002780059cc90: ;   {oop("."{0x00000000e08280e0})}
  0x000002780059cc90: 0000 49b8 | e080 82e0 | 0000 0000 

  0x000002780059cc9c: ;   {static_call}
  0x000002780059cc9c: 6666 90e8 

  0x000002780059cca0: ; ImmutableOopMap {[200]=Oop [208]=Oop [280]=Oop [288]=Oop }
                      ;*invokestatic substringBeforeLast {reexecute=0 rethrow=0 return_oop=0}
                      ; - org.gradle.internal.classloader.TransformingClassLoader::findClass@157 (line 78)
  0x000002780059cca0: dc23 fe06 

  0x000002780059cca4: ;   {other}
  0x000002780059cca4: 0f1f 8400 | 9417 0014 | 4889 8424 | 2801 0000 | 488b 9424 | d000 0000 

  0x000002780059ccbc: ;   {metadata(method data for {method} {0x00000278245e1c08} 'findClass' '(Ljava/lang/String;)Ljava/lang/Class;' in 'org/gradle/internal/classloader/TransformingClassLoader')}
  0x000002780059ccbc: 49b8 a035 | fb24 7802 | 0000 8b52 | 0849 ba00 | 0000 0f78 | 0200 0049 | 03d2 493b | 9018 0500 
  0x000002780059ccdc: 0075 0d49 | 8380 2005 | 0000 01e9 | 6000 0000 | 493b 9028 | 0500 0075 | 0d49 8380 | 3005 0000 
  0x000002780059ccfc: 01e9 4a00 | 0000 4983 | b818 0500 | 0000 7517 | 4989 9018 | 0500 0049 | c780 2005 | 0000 0100 
  0x000002780059cd1c: 0000 e929 | 0000 0049 | 83b8 2805 | 0000 0075 | 1749 8990 | 2805 0000 | 49c7 8030 | 0500 0001 
  0x000002780059cd3c: 0000 00e9 | 0800 0000 | 4983 8008 | 0500 0001 

  0x000002780059cd4c: ;   {metadata(method data for {method} {0x00000278245e1d30} 'getPackage' '(Ljava/lang/String;)Ljava/lang/Package;' in 'org/gradle/internal/classloader/TransformingClassLoader')}
  0x000002780059cd4c: 49b8 f020 | fc24 7802 | 0000 418b | 90cc 0000 | 0083 c202 | 4189 90cc | 0000 0081 | e2fe ff1f 
  0x000002780059cd6c: 0085 d20f | 847c 1600 | 0048 8b94 | 24d0 0000 

  0x000002780059cd7c: ;   {metadata(method data for {method} {0x00000278245e1d30} 'getPackage' '(Ljava/lang/String;)Ljava/lang/Package;' in 'org/gradle/internal/classloader/TransformingClassLoader')}
  0x000002780059cd7c: 0049 b8f0 | 20fc 2478 | 0200 0049 | 8380 1001 | 0000 014c | 8bc0 488b | 9424 d000 | 0000 0f1f 
  0x000002780059cd9c: ;   {optimized virtual_call}
  0x000002780059cd9c: 4400 00e8 

  0x000002780059cda0: ; ImmutableOopMap {[200]=Oop [208]=Oop [280]=Oop [288]=Oop [296]=Oop }
                      ;*invokespecial getPackage {reexecute=0 rethrow=0 return_oop=0}
                      ; - org.gradle.internal.classloader.TransformingClassLoader::getPackage@2 (line 99)
                      ; - org.gradle.internal.classloader.TransformingClassLoader::findClass@165 (line 79)
  0x000002780059cda0: dc1c fe06 

  0x000002780059cda4: ;   {other}
  0x000002780059cda4: 0f1f 8400 | 9418 0015 

  0x000002780059cdac: ;   {metadata(method data for {method} {0x00000278245e1c08} 'findClass' '(Ljava/lang/String;)Ljava/lang/Class;' in 'org/gradle/internal/classloader/TransformingClassLoader')}
  0x000002780059cdac: 4885 c049 | b8a0 35fb | 2478 0200 | 0049 c7c1 | 4005 0000 | 7507 49c7 | c150 0500 | 004b 8b3c 
  0x000002780059cdcc: 0848 8d7f | 014b 893c | 080f 854f | 0600 0048 | 8b94 24d0 

  0x000002780059cde0: ;   {metadata(method data for {method} {0x00000278245e1c08} 'findClass' '(Ljava/lang/String;)Ljava/lang/Class;' in 'org/gradle/internal/classloader/TransformingClassLoader')}
  0x000002780059cde0: 0000 0049 | b8a0 35fb | 2478 0200 | 008b 5208 | 49ba 0000 | 000f 7802 | 0000 4903 | d249 3b90 
  0x000002780059ce00: 7005 0000 | 750d 4983 | 8078 0500 | 0001 e960 | 0000 0049 | 3b90 8005 | 0000 750d | 4983 8088 
  0x000002780059ce20: 0500 0001 | e94a 0000 | 0049 83b8 | 7005 0000 | 0075 1749 | 8990 7005 | 0000 49c7 | 8078 0500 
  0x000002780059ce40: 0001 0000 | 00e9 2900 | 0000 4983 | b880 0500 | 0000 7517 | 4989 9080 | 0500 0049 | c780 8805 
  0x000002780059ce60: 0000 0100 | 0000 e908 | 0000 0049 | 8380 6005 | 0000 014c | 8b84 2428 

  0x000002780059ce78: ;   {oop(nullptr)}
  0x000002780059ce78: 0100 0049 | b900 0000 | 0000 0000 

  0x000002780059ce84: ;   {oop(nullptr)}
  0x000002780059ce84: 0048 bf00 | 0000 0000 

  0x000002780059ce8c: ;   {oop(nullptr)}
  0x000002780059ce8c: 0000 0048 | be00 0000 | 0000 0000 

  0x000002780059ce98: ;   {oop(nullptr)}
  0x000002780059ce98: 0048 b900 | 0000 0000 | 0000 004d | 33d2 4c89 | 1424 4d33 | d24c 8954 | 2408 4d33 | d24c 8954 
  0x000002780059ceb8: 2410 488b | 9424 d000 | 0000 0f1f 

  0x000002780059cec4: ;   {optimized virtual_call}
  0x000002780059cec4: 4400 00e8 

  0x000002780059cec8: ; ImmutableOopMap {[200]=Oop [208]=Oop [280]=Oop [288]=Oop [296]=Oop }
                      ;*invokevirtual definePackage {reexecute=0 rethrow=0 return_oop=0}
                      ; - org.gradle.internal.classloader.TransformingClassLoader::findClass@185 (line 82)
  0x000002780059cec8: b41b fe06 

  0x000002780059cecc: ;   {other}
  0x000002780059cecc: 0f1f 8400 | bc19 0016 | e940 0500 | 0049 8b87 | 0005 0000 | 4d33 d24d | 8997 0005 | 0000 4d33 
  0x000002780059ceec: d24d 8997 | 0805 0000 | 4889 8424 | 3001 0000 | 488b 9424 | d000 0000 

  0x000002780059cf04: ;   {metadata(method data for {method} {0x00000278245e1c08} 'findClass' '(Ljava/lang/String;)Ljava/lang/Class;' in 'org/gradle/internal/classloader/TransformingClassLoader')}
  0x000002780059cf04: 49b8 a035 | fb24 7802 | 0000 8b52 | 0849 ba00 | 0000 0f78 | 0200 0049 | 03d2 493b | 90c0 0500 
  0x000002780059cf24: 0075 0d49 | 8380 c805 | 0000 01e9 | 6000 0000 | 493b 90d0 | 0500 0075 | 0d49 8380 | d805 0000 
  0x000002780059cf44: 01e9 4a00 | 0000 4983 | b8c0 0500 | 0000 7517 | 4989 90c0 | 0500 0049 | c780 c805 | 0000 0100 
  0x000002780059cf64: 0000 e929 | 0000 0049 | 83b8 d005 | 0000 0075 | 1749 8990 | d005 0000 | 49c7 80d8 | 0500 0001 
  0x000002780059cf84: 0000 00e9 | 0800 0000 | 4983 80b0 | 0500 0001 

  0x000002780059cf94: ;   {metadata(method data for {method} {0x00000278245e1d30} 'getPackage' '(Ljava/lang/String;)Ljava/lang/Package;' in 'org/gradle/internal/classloader/TransformingClassLoader')}
  0x000002780059cf94: 49b8 f020 | fc24 7802 | 0000 418b | 90cc 0000 | 0083 c202 | 4189 90cc | 0000 0081 | e2fe ff1f 
  0x000002780059cfb4: 0085 d20f | 8455 1400 | 0048 8b94 | 24d0 0000 

  0x000002780059cfc4: ;   {metadata(method data for {method} {0x00000278245e1d30} 'getPackage' '(Ljava/lang/String;)Ljava/lang/Package;' in 'org/gradle/internal/classloader/TransformingClassLoader')}
  0x000002780059cfc4: 0049 b8f0 | 20fc 2478 | 0200 0049 | 8380 1001 | 0000 014c | 8b84 2428 | 0100 0048 | 8b94 24d0 
  0x000002780059cfe4: ;   {optimized virtual_call}
  0x000002780059cfe4: 0000 00e8 

  0x000002780059cfe8: ; ImmutableOopMap {[200]=Oop [208]=Oop [280]=Oop [288]=Oop [296]=Oop [304]=Oop }
                      ;*invokespecial getPackage {reexecute=0 rethrow=0 return_oop=0}
                      ; - org.gradle.internal.classloader.TransformingClassLoader::getPackage@2 (line 99)
                      ; - org.gradle.internal.classloader.TransformingClassLoader::findClass@197 (line 87)
  0x000002780059cfe8: 941a fe06 

  0x000002780059cfec: ;   {other}
  0x000002780059cfec: 0f1f 8400 | dc1a 0017 

  0x000002780059cff4: ;   {metadata(method data for {method} {0x00000278245e1c08} 'findClass' '(Ljava/lang/String;)Ljava/lang/Class;' in 'org/gradle/internal/classloader/TransformingClassLoader')}
  0x000002780059cff4: 4885 c048 | baa0 35fb | 2478 0200 | 0048 c7c6 | e805 0000 | 7507 48c7 | c6f8 0500 | 0048 8b3c 
  0x000002780059d014: 3248 8d7f | 0148 893c | 320f 8507 | 0400 000f | 1f44 0000 

  0x000002780059d028: ;   {no_reloc}
  0x000002780059d028: e915 1400 | 0000 0000 | 0000 80ba | 3101 0000 | 040f 8512 | 1400 0049 | 8b87 b801 | 0000 488d 
  0x000002780059d048: 7828 493b | bfc8 0100 | 000f 87fa | 1300 0049 | 89bf b801 | 0000 48c7 | 0001 0000 | 0048 8bca 
  0x000002780059d068: 49ba 0000 | 000f 7802 | 0000 492b | ca89 4808 | 4833 c989 | 480c 4833 | c948 8948 | 1048 8948 
  0x000002780059d088: 1848 8948 | 2048 8984 | 2440 0100 | 0066 6690 

  0x000002780059d098: ;   {no_reloc}
  0x000002780059d098: e9d0 1300 | 0000 0000 | 0000 498b | 87b8 0100 | 0048 8d78 | 1849 3bbf | c801 0000 | 0f87 bd13 
  0x000002780059d0b8: 0000 4989 | bfb8 0100 | 0048 c700 | 0100 0000 | 488b ca49 | ba00 0000 | 0f78 0200 | 0049 2bca 
  0x000002780059d0d8: 8948 0848 | 33c9 8948 | 0c48 33c9 | 4889 4810 

  0x000002780059d0e8: ;   {metadata(method data for {method} {0x00000278245e1c08} 'findClass' '(Ljava/lang/String;)Ljava/lang/Class;' in 'org/gradle/internal/classloader/TransformingClassLoader')}
  0x000002780059d0e8: 4c8b c048 | baa0 35fb | 2478 0200 | 0048 8382 | 0806 0000 

  0x000002780059d0fc: ;   {metadata(method data for {method} {0x000002780f4619d8} '<init>' '()V' in 'java/lang/StringBuilder')}
  0x000002780059d0fc: 0149 b810 | af00 2478 | 0200 0041 | 8b90 cc00 | 0000 83c2 | 0241 8990 | cc00 0000 | 81e2 feff 
  0x000002780059d11c: 1f00 85d2 | 0f84 5e13 | 0000 4c8b 

  0x000002780059d128: ;   {metadata(method data for {method} {0x000002780f4619d8} '<init>' '()V' in 'java/lang/StringBuilder')}
  0x000002780059d128: c048 ba10 | af00 2478 | 0200 0048 | 8382 1001 | 0000 0141 | b810 0000 | 0048 8bd0 | 4889 8424 
  0x000002780059d148: 3801 0000 

  0x000002780059d14c: ;   {optimized virtual_call}
  0x000002780059d14c: 6666 90e8 

  0x000002780059d150: ; ImmutableOopMap {[208]=Oop [296]=Oop [304]=Oop [312]=Oop [320]=Oop }
                      ;*invokespecial <init> {reexecute=0 rethrow=0 return_oop=0}
                      ; - java.lang.StringBuilder::<init>@3
                      ; - org.gradle.internal.classloader.TransformingClassLoader::findClass@211 (line 89)
  0x000002780059d150: 2c19 fe06 

  0x000002780059d154: ;   {other}
  0x000002780059d154: 0f1f 8400 | 441c 0018 | 488b 8424 | 3801 0000 

  0x000002780059d164: ;   {metadata(method data for {method} {0x00000278245e1c08} 'findClass' '(Ljava/lang/String;)Ljava/lang/Class;' in 'org/gradle/internal/classloader/TransformingClassLoader')}
  0x000002780059d164: 49b8 a035 | fb24 7802 | 0000 4983 | 8018 0600 

  0x000002780059d174: ;   {metadata(method data for {method} {0x000002780f4617c8} 'append' '(Ljava/lang/String;)Ljava/lang/StringBuilder;' in 'java/lang/StringBuilder')}
  0x000002780059d174: 0001 49b8 | 00b2 0024 | 7802 0000 | 418b 90cc | 0000 0083 | c202 4189 | 90cc 0000 | 0081 e2fe 
  0x000002780059d194: ff1f 0085 | d20f 8406 | 1300 0048 | 8b84 2438 

  0x000002780059d1a4: ;   {metadata(method data for {method} {0x000002780f4617c8} 'append' '(Ljava/lang/String;)Ljava/lang/StringBuilder;' in 'java/lang/StringBuilder')}
  0x000002780059d1a4: 0100 0049 | b800 b200 | 2478 0200 | 0049 8380 | 1001 0000 

  0x000002780059d1b8: ;   {oop("Package '"{0x00000000e82d7f78})}
  0x000002780059d1b8: 0149 b878 | 7f2d e800 | 0000 0048 | 8b94 2438 | 0100 000f 

  0x000002780059d1cc: ;   {optimized virtual_call}
  0x000002780059d1cc: 1f40 00e8 

  0x000002780059d1d0: ; ImmutableOopMap {[208]=Oop [296]=Oop [304]=Oop [312]=Oop [320]=Oop }
                      ;*invokespecial append {reexecute=0 rethrow=0 return_oop=0}
                      ; - java.lang.StringBuilder::append@2
                      ; - org.gradle.internal.classloader.TransformingClassLoader::findClass@216 (line 89)
  0x000002780059d1d0: ac18 fe06 

  0x000002780059d1d4: ;   {other}
  0x000002780059d1d4: 0f1f 8400 | c41c 0019 | 488b 8424 | 3801 0000 

  0x000002780059d1e4: ;   {metadata(method data for {method} {0x00000278245e1c08} 'findClass' '(Ljava/lang/String;)Ljava/lang/Class;' in 'org/gradle/internal/classloader/TransformingClassLoader')}
  0x000002780059d1e4: 49b8 a035 | fb24 7802 | 0000 4983 | 8050 0600 

  0x000002780059d1f4: ;   {metadata(method data for {method} {0x000002780f4617c8} 'append' '(Ljava/lang/String;)Ljava/lang/StringBuilder;' in 'java/lang/StringBuilder')}
  0x000002780059d1f4: 0001 49b8 | 00b2 0024 | 7802 0000 | 418b 90cc | 0000 0083 | c202 4189 | 90cc 0000 | 0081 e2fe 
  0x000002780059d214: ff1f 0085 | d20f 84a7 | 1200 0048 | 8b84 2438 

  0x000002780059d224: ;   {metadata(method data for {method} {0x000002780f4617c8} 'append' '(Ljava/lang/String;)Ljava/lang/StringBuilder;' in 'java/lang/StringBuilder')}
  0x000002780059d224: 0100 0049 | b800 b200 | 2478 0200 | 0049 8380 | 1001 0000 | 014c 8b84 | 2428 0100 | 0048 8b94 
  0x000002780059d244: 2438 0100 | 0066 0f1f 

  0x000002780059d24c: ;   {optimized virtual_call}
  0x000002780059d24c: 4400 00e8 

  0x000002780059d250: ; ImmutableOopMap {[208]=Oop [304]=Oop [312]=Oop [320]=Oop }
                      ;*invokespecial append {reexecute=0 rethrow=0 return_oop=0}
                      ; - java.lang.StringBuilder::append@2
                      ; - org.gradle.internal.classloader.TransformingClassLoader::findClass@221 (line 89)
  0x000002780059d250: 2c18 fe06 

  0x000002780059d254: ;   {other}
  0x000002780059d254: 0f1f 8400 | 441d 001a | 488b 8424 | 3801 0000 

  0x000002780059d264: ;   {metadata(method data for {method} {0x00000278245e1c08} 'findClass' '(Ljava/lang/String;)Ljava/lang/Class;' in 'org/gradle/internal/classloader/TransformingClassLoader')}
  0x000002780059d264: 49b8 a035 | fb24 7802 | 0000 4983 | 8088 0600 

  0x000002780059d274: ;   {metadata(method data for {method} {0x000002780f4617c8} 'append' '(Ljava/lang/String;)Ljava/lang/StringBuilder;' in 'java/lang/StringBuilder')}
  0x000002780059d274: 0001 49b8 | 00b2 0024 | 7802 0000 | 418b 90cc | 0000 0083 | c202 4189 | 90cc 0000 | 0081 e2fe 
  0x000002780059d294: ff1f 0085 | d20f 8448 | 1200 0048 | 8b84 2438 

  0x000002780059d2a4: ;   {metadata(method data for {method} {0x000002780f4617c8} 'append' '(Ljava/lang/String;)Ljava/lang/StringBuilder;' in 'java/lang/StringBuilder')}
  0x000002780059d2a4: 0100 0049 | b800 b200 | 2478 0200 | 0049 8380 | 1001 0000 

  0x000002780059d2b8: ;   {oop("' cannot be defined but is not registered either in "{0x00000000e82d7f90})}
  0x000002780059d2b8: 0149 b890 | 7f2d e800 | 0000 0048 | 8b94 2438 | 0100 000f 

  0x000002780059d2cc: ;   {optimized virtual_call}
  0x000002780059d2cc: 1f40 00e8 

  0x000002780059d2d0: ; ImmutableOopMap {[208]=Oop [304]=Oop [312]=Oop [320]=Oop }
                      ;*invokespecial append {reexecute=0 rethrow=0 return_oop=0}
                      ; - java.lang.StringBuilder::append@2
                      ; - org.gradle.internal.classloader.TransformingClassLoader::findClass@226 (line 89)
  0x000002780059d2d0: ac17 fe06 

  0x000002780059d2d4: ;   {other}
  0x000002780059d2d4: 0f1f 8400 | c41d 001b | 488b 8424 | 3801 0000 

  0x000002780059d2e4: ;   {metadata(method data for {method} {0x00000278245e1c08} 'findClass' '(Ljava/lang/String;)Ljava/lang/Class;' in 'org/gradle/internal/classloader/TransformingClassLoader')}
  0x000002780059d2e4: 48ba a035 | fb24 7802 | 0000 4883 | 82c0 0600 

  0x000002780059d2f4: ;   {metadata(method data for {method} {0x000002780f461820} 'append' '(Ljava/lang/Object;)Ljava/lang/StringBuilder;' in 'java/lang/StringBuilder')}
  0x000002780059d2f4: 0001 48ba | 80ba 1124 | 7802 0000 | 8bb2 cc00 | 0000 83c6 | 0289 b2cc | 0000 0081 | e6fe ff1f 
  0x000002780059d314: 0085 f60f | 84eb 1100 

  0x000002780059d31c: ;   {metadata(method data for {method} {0x000002780f461820} 'append' '(Ljava/lang/Object;)Ljava/lang/StringBuilder;' in 'java/lang/StringBuilder')}
  0x000002780059d31c: 0048 ba80 | ba11 2478 | 0200 0048 | 8382 1001 

  0x000002780059d32c: ;   {metadata(method data for {method} {0x000002780f454f60} 'valueOf' '(Ljava/lang/Object;)Ljava/lang/String;' in 'java/lang/String')}
  0x000002780059d32c: 0000 0148 | ba20 bc11 | 2478 0200 | 008b b2cc | 0000 0083 | c602 89b2 | cc00 0000 | 81e6 feff 
  0x000002780059d34c: 1f00 85f6 | 0f84 d311 

  0x000002780059d354: ;   {metadata(method data for {method} {0x000002780f454f60} 'valueOf' '(Ljava/lang/Object;)Ljava/lang/String;' in 'java/lang/String')}
  0x000002780059d354: 0000 48ba | 20bc 1124 | 7802 0000 | ff82 1001 | 0000 488b | 9424 d000 

  0x000002780059d36c: ;   {metadata(method data for {method} {0x000002780f454f60} 'valueOf' '(Ljava/lang/Object;)Ljava/lang/String;' in 'java/lang/String')}
  0x000002780059d36c: 0000 48be | 20bc 1124 | 7802 0000 | 8b52 0849 | ba00 0000 | 0f78 0200 | 0049 03d2 | 483b 9658 
  0x000002780059d38c: 0100 0075 | 0d48 8386 | 6001 0000 | 01e9 6000 | 0000 483b | 9668 0100 | 0075 0d48 | 8386 7001 
  0x000002780059d3ac: 0000 01e9 | 4a00 0000 | 4883 be58 | 0100 0000 | 7517 4889 | 9658 0100 | 0048 c786 | 6001 0000 
  0x000002780059d3cc: 0100 0000 | e929 0000 | 0048 83be | 6801 0000 | 0075 1748 | 8996 6801 | 0000 48c7 | 8670 0100 
  0x000002780059d3ec: 0001 0000 | 00e9 0800 | 0000 4883 | 8648 0100 | 0001 488b | 9424 d000 

  0x000002780059d404: ;   {optimized virtual_call}
  0x000002780059d404: 0000 90e8 

  0x000002780059d408: ; ImmutableOopMap {[304]=Oop [312]=Oop [320]=Oop }
                      ;*invokevirtual toString {reexecute=0 rethrow=0 return_oop=0}
                      ; - java.lang.String::valueOf@11
                      ; - java.lang.StringBuilder::append@2
                      ; - org.gradle.internal.classloader.TransformingClassLoader::findClass@230 (line 89)
  0x000002780059d408: 7416 fe06 

  0x000002780059d40c: ;   {other}
  0x000002780059d40c: 0f1f 8400 | fc1e 001c | e9d1 0000 

  0x000002780059d418: ;   {metadata(method data for {method} {0x00000278245e1c08} 'findClass' '(Ljava/lang/String;)Ljava/lang/Class;' in 'org/gradle/internal/classloader/TransformingClassLoader')}
  0x000002780059d418: 0049 b8a0 | 35fb 2478 | 0200 0041 | ff80 9805 | 0000 488b | 8424 2001 | 0000 488b | b424 1801 
  0x000002780059d438: 0000 8b4e | 0c48 8b94 | 24d0 0000 

  0x000002780059d444: ;   {metadata(method data for {method} {0x00000278245e1c08} 'findClass' '(Ljava/lang/String;)Ljava/lang/Class;' in 'org/gradle/internal/classloader/TransformingClassLoader')}
  0x000002780059d444: 0049 b8a0 | 35fb 2478 | 0200 0049 | 8380 4007 | 0000 014c | 8b84 24c8 | 0000 004c | 8bce bf00 
  0x000002780059d464: 0000 0048 | 8bf1 488b | c848 8b94 | 24d0 0000 

  0x000002780059d474: ;   {optimized virtual_call}
  0x000002780059d474: 0066 90e8 

  0x000002780059d478: ; ImmutableOopMap {}
                      ;*invokevirtual defineClass {reexecute=0 rethrow=0 return_oop=0}
                      ; - org.gradle.internal.classloader.TransformingClassLoader::findClass@252 (line 93)
  0x000002780059d478: 0416 fe06 

  0x000002780059d47c: ;   {other}
  0x000002780059d47c: 0f1f 8400 | 6c1f 001d | 4881 c4b0 | 0100 005d 

  0x000002780059d48c: ;   {poll_return}
  0x000002780059d48c: 493b a750 | 0400 000f | 87b6 1000 | 00c3 488b | 9424 d000 

  0x000002780059d4a0: ;   {metadata(method data for {method} {0x00000278245e1c08} 'findClass' '(Ljava/lang/String;)Ljava/lang/Class;' in 'org/gradle/internal/classloader/TransformingClassLoader')}
  0x000002780059d4a0: 0000 49b8 | a035 fb24 | 7802 0000 | 4983 8068 | 0100 0001 | 4c8b 8424 | c800 0000 | 488b 9424 
  0x000002780059d4c0: d000 0000 

  0x000002780059d4c4: ;   {optimized virtual_call}
  0x000002780059d4c4: 6666 90e8 

  0x000002780059d4c8: ; ImmutableOopMap {}
                      ;*invokespecial findClass {reexecute=0 rethrow=0 return_oop=0}
                      ; - org.gradle.internal.classloader.TransformingClassLoader::findClass@10 (line 52)
  0x000002780059d4c8: 7473 6907 

  0x000002780059d4cc: ;   {other}
  0x000002780059d4cc: 0f1f 8400 | bc1f 001e | 4881 c4b0 | 0100 005d 

  0x000002780059d4dc: ;   {poll_return}
  0x000002780059d4dc: 493b a750 | 0400 000f | 877c 1000 | 00c3 4c8b | 8424 3801 

  0x000002780059d4f0: ;   {metadata(method data for {method} {0x000002780f461820} 'append' '(Ljava/lang/Object;)Ljava/lang/StringBuilder;' in 'java/lang/StringBuilder')}
  0x000002780059d4f0: 0000 48ba | 80ba 1124 | 7802 0000 | 4883 8220 | 0100 0001 

  0x000002780059d504: ;   {metadata(method data for {method} {0x000002780f4617c8} 'append' '(Ljava/lang/String;)Ljava/lang/StringBuilder;' in 'java/lang/StringBuilder')}
  0x000002780059d504: 49b8 00b2 | 0024 7802 | 0000 418b | 90cc 0000 | 0083 c202 | 4189 90cc | 0000 0081 | e2fe ff1f 
  0x000002780059d524: 0085 d20f | 844e 1000 | 004c 8b84 | 2438 0100 

  0x000002780059d534: ;   {metadata(method data for {method} {0x000002780f4617c8} 'append' '(Ljava/lang/String;)Ljava/lang/StringBuilder;' in 'java/lang/StringBuilder')}
  0x000002780059d534: 0048 ba00 | b200 2478 | 0200 0048 | 8382 1001 | 0000 014c | 8bc0 488b | 9424 3801 | 0000 0f1f 
  0x000002780059d554: ;   {optimized virtual_call}
  0x000002780059d554: 4400 00e8 

  0x000002780059d558: ; ImmutableOopMap {[304]=Oop [312]=Oop [320]=Oop }
                      ;*invokespecial append {reexecute=0 rethrow=0 return_oop=0}
                      ; - java.lang.StringBuilder::append@2
                      ; - java.lang.StringBuilder::append@5
                      ; - org.gradle.internal.classloader.TransformingClassLoader::findClass@230 (line 89)
  0x000002780059d558: 2415 fe06 

  0x000002780059d55c: ;   {other}
  0x000002780059d55c: 0f1f 8400 | 4c20 001f | 4c8b 8424 | 3801 0000 

  0x000002780059d56c: ;   {metadata(method data for {method} {0x00000278245e1c08} 'findClass' '(Ljava/lang/String;)Ljava/lang/Class;' in 'org/gradle/internal/classloader/TransformingClassLoader')}
  0x000002780059d56c: 498b d048 | bea0 35fb | 2478 0200 | 0048 8386 | f806 0000 

  0x000002780059d580: ;   {metadata(method data for {method} {0x000002780f008958} 'toString' '()Ljava/lang/String;' in 'java/lang/StringBuilder')}
  0x000002780059d580: 0148 ba58 | b900 2478 | 0200 008b | b2cc 0000 | 0083 c602 | 89b2 cc00 | 0000 81e6 | feff 1f00 
  0x000002780059d5a0: 85f6 0f84 | f40f 0000 

  0x000002780059d5a8: ;   {metadata('java/lang/String')}
  0x000002780059d5a8: 48ba 78e8 | 000f 7802 | 0000 498b | 87b8 0100 | 0048 8d78 | 1849 3bbf | c801 0000 | 0f87 f30f 
  0x000002780059d5c8: 0000 4989 | bfb8 0100 | 0048 c700 | 0100 0000 | 488b ca49 | ba00 0000 | 0f78 0200 | 0049 2bca 
  0x000002780059d5e8: 8948 0848 | 33c9 8948 | 0c48 33c9 | 4889 4810 

  0x000002780059d5f8: ;   {metadata(method data for {method} {0x000002780f008958} 'toString' '()Ljava/lang/String;' in 'java/lang/StringBuilder')}
  0x000002780059d5f8: 4c8b c848 | ba58 b900 | 2478 0200 | 0048 8382 | 1001 0000 

  0x000002780059d60c: ;   {metadata(method data for {method} {0x000002780f455ab8} '<init>' '(Ljava/lang/StringBuilder;)V' in 'java/lang/String')}
  0x000002780059d60c: 0149 b9a0 | ba00 2478 | 0200 0041 | 8b91 cc00 | 0000 83c2 | 0241 8991 | cc00 0000 | 81e2 feff 
  0x000002780059d62c: 1f00 85d2 | 0f84 940f | 0000 4c8b 

  0x000002780059d638: ;   {metadata(method data for {method} {0x000002780f455ab8} '<init>' '(Ljava/lang/StringBuilder;)V' in 'java/lang/String')}
  0x000002780059d638: c848 baa0 | ba00 2478 | 0200 0048 | 8382 1001 

  0x000002780059d648: ;   {oop(nullptr)}
  0x000002780059d648: 0000 0149 | b900 0000 | 0000 0000 | 0048 8bd0 | 4889 8424 | 4801 0000 | 0f1f 8000 

  0x000002780059d664: ;   {optimized virtual_call}
  0x000002780059d664: 0000 00e8 

  0x000002780059d668: ; ImmutableOopMap {[304]=Oop [320]=Oop [328]=Oop }
                      ;*invokespecial <init> {reexecute=0 rethrow=0 return_oop=0}
                      ; - java.lang.String::<init>@3
                      ; - java.lang.StringBuilder::toString@5
                      ; - org.gradle.internal.classloader.TransformingClassLoader::findClass@233 (line 89)
  0x000002780059d668: 1414 fe06 

  0x000002780059d66c: ;   {other}
  0x000002780059d66c: 0f1f 8400 | 5c21 0020 | 488b 8424 | 4001 0000 

  0x000002780059d67c: ;   {metadata(method data for {method} {0x00000278245e1c08} 'findClass' '(Ljava/lang/String;)Ljava/lang/Class;' in 'org/gradle/internal/classloader/TransformingClassLoader')}
  0x000002780059d67c: 49b8 a035 | fb24 7802 | 0000 4983 | 8030 0700 | 0001 4c8b | 8424 4801 | 0000 4c8b | 8c24 3001 
  0x000002780059d69c: 0000 488b | 9424 4001 

  0x000002780059d6a4: ;   {optimized virtual_call}
  0x000002780059d6a4: 0000 90e8 

  0x000002780059d6a8: ; ImmutableOopMap {[320]=Oop }
                      ;*invokespecial <init> {reexecute=0 rethrow=0 return_oop=0}
                      ; - org.gradle.internal.classloader.TransformingClassLoader::findClass@238 (line 89)
  0x000002780059d6a8: d413 fe06 

  0x000002780059d6ac: ;   {other}
  0x000002780059d6ac: 0f1f 8400 | 9c21 0021 | 488b 8424 | 4001 0000 | e977 1300 | 000f 1f80 | 0000 0000 

  0x000002780059d6c8: ;   {no_reloc}
  0x000002780059d6c8: e92d 0f00 | 0000 0000 | 0000 498b | 87b8 0100 | 0048 8d78 | 2849 3bbf | c801 0000 | 0f87 1a0f 
  0x000002780059d6e8: 0000 4989 | bfb8 0100 | 0048 c700 | 0100 0000 | 488b ca49 | ba00 0000 | 0f78 0200 | 0049 2bca 
  0x000002780059d708: 8948 0848 | 33c9 8948 | 0c48 33c9 | 4889 4810 | 4889 4818 | 4889 4820 

  0x000002780059d720: ;   {metadata(method data for {method} {0x00000278245e1c08} 'findClass' '(Ljava/lang/String;)Ljava/lang/Class;' in 'org/gradle/internal/classloader/TransformingClassLoader')}
  0x000002780059d720: 4c8b c048 | baa0 35fb | 2478 0200 | 0048 8382 | e804 0000 | 014c 8b84 | 24c8 0000 | 0048 8bd0 
  0x000002780059d740: 4889 8424 | 5001 0000 | 0f1f 8000 

  0x000002780059d74c: ;   {optimized virtual_call}
  0x000002780059d74c: 0000 00e8 

  0x000002780059d750: ; ImmutableOopMap {[336]=Oop }
                      ;*invokespecial <init> {reexecute=0 rethrow=0 return_oop=0}
                      ; - org.gradle.internal.classloader.TransformingClassLoader::findClass@150 (line 75)
  0x000002780059d750: 2c13 fe06 

  0x000002780059d754: ;   {other}
  0x000002780059d754: 0f1f 8400 | 4422 0022 | 488b 8424 | 5001 0000 | e9cf 1200 | 0049 8b87 | 0005 0000 | 4d33 d24d 
  0x000002780059d774: 8997 0005 | 0000 4d33 | d24d 8997 | 0805 0000 | 4889 8424 | 5801 0000 

  0x000002780059d78c: ; implicit exception: dispatches to 0x000002780059e611
  0x000002780059d78c: 483b 0648 

  0x000002780059d790: ;   {metadata(method data for {method} {0x00000278245e1f08} 'loadBytecode' '(Ljava/net/URL;)[B' in 'org/gradle/internal/classloader/TransformingClassLoader')}
  0x000002780059d790: 8bde 48b9 | 0000 fc24 | 7802 0000 | 8b5b 0849 | ba00 0000 | 0f78 0200 | 0049 03da | 483b 99a0 
  0x000002780059d7b0: 0100 0075 | 0d48 8381 | a801 0000 | 01e9 6000 | 0000 483b | 99b0 0100 | 0075 0d48 | 8381 b801 
  0x000002780059d7d0: 0000 01e9 | 4a00 0000 | 4883 b9a0 | 0100 0000 | 7517 4889 | 99a0 0100 | 0048 c781 | a801 0000 
  0x000002780059d7f0: 0100 0000 | e929 0000 | 0048 83b9 | b001 0000 | 0075 1748 | 8999 b001 | 0000 48c7 | 81b8 0100 
  0x000002780059d810: 0001 0000 | 00e9 0800 | 0000 4883 | 8190 0100 | 0001 488b | d648 b8ff | ffff ffff 

  0x000002780059d82c: ;   {virtual_call}
  0x000002780059d82c: ffff ffe8 

  0x000002780059d830: ; ImmutableOopMap {[200]=Oop [208]=Oop [224]=Oop [232]=Oop [344]=Oop }
                      ;*invokevirtual close {reexecute=0 rethrow=0 return_oop=0}
                      ; - org.gradle.internal.classloader.TransformingClassLoader::loadBytecode@19 (line 111)
                      ; - org.gradle.internal.classloader.TransformingClassLoader::findClass@53 (line 62)
  0x000002780059d830: 4c15 fe06 

  0x000002780059d834: ;   {other}
  0x000002780059d834: 0f1f 8400 | 2423 0023 | 488b 8424 

  0x000002780059d840: ; ImmutableOopMap {rax=Oop [200]=Oop [208]=Oop [224]=Oop [232]=Oop }
                      ;*athrow {reexecute=1 rethrow=0 return_oop=0}
                      ; - (reexecute) org.gradle.internal.classloader.TransformingClassLoader::loadBytecode@24 (line 112)
                      ; - org.gradle.internal.classloader.TransformingClassLoader::findClass@53 (line 62)
  0x000002780059d840: 5801 0000 

  0x000002780059d844: ;   {section_word}
  0x000002780059d844: 48ba 44d8 | 5900 7802 

  0x000002780059d84c: ;   {runtime_call handle_exception_nofpu Runtime1 stub}
  0x000002780059d84c: 0000 e8ad | d409 0790 | 4c8b 8424 | c800 0000 | 498b 8700 | 0500 004d | 33d2 4d89 | 9700 0500 
  0x000002780059d86c: 004d 33d2 | 4d89 9708 | 0500 0048 | 8984 2478 | 0100 0090 

  0x000002780059d880: ;   {no_reloc}
  0x000002780059d880: e9a0 0d00 | 0000 0000 | 0000 80ba | 3101 0000 | 040f 859d | 0d00 0049 | 8b87 b801 | 0000 488d 
  0x000002780059d8a0: 7828 493b | bfc8 0100 | 000f 8785 | 0d00 0049 | 89bf b801 | 0000 48c7 | 0001 0000 | 0048 8bca 
  0x000002780059d8c0: 49ba 0000 | 000f 7802 | 0000 492b | ca89 4808 | 4833 c989 | 480c 4833 | c948 8948 | 1048 8948 
  0x000002780059d8e0: 1848 8948 | 2048 8984 | 2470 0100 | 00bb 0200 

  0x000002780059d8f0: ;   {metadata('java/lang/Object'[])}
  0x000002780059d8f0: 0000 48ba | 7012 000f | 7802 0000 | 4863 db48 | 8bfb 4881 | fbff ffff | 000f 8732 | 0d00 0048 
  0x000002780059d910: c7c6 1700 | 0000 488d | 349e 4883 | e6f8 498b | 87b8 0100 | 0048 8d34 | 3049 3bb7 | c801 0000 
  0x000002780059d930: 0f87 0b0d | 0000 4989 | b7b8 0100 | 0048 2bf0 | 48c7 0001 | 0000 0048 | 8bca 49ba | 0000 000f 
  0x000002780059d950: 7802 0000 | 492b ca89 | 4808 8958 | 0c48 83ee | 1048 85f6 | 0f84 1100 | 0000 4833 | db48 c1ee 
  0x000002780059d970: 0348 895c | f008 48ff | ce75 f64d | 85c0 7516 

  0x000002780059d980: ;   {metadata(method data for {method} {0x00000278245e1c08} 'findClass' '(Ljava/lang/String;)Ljava/lang/Class;' in 'org/gradle/internal/classloader/TransformingClassLoader')}
  0x000002780059d980: 48be a035 | fb24 7802 | 0000 808e | 3104 0000 | 01e9 fa00 | 0000 8b50 | 0849 ba00 | 0000 0f78 
  0x000002780059d9a0: 0200 0049 | 03d2 418b | 7008 49ba | 0000 000f | 7802 0000 | 4903 f248 | 8b92 e000 | 0000 483b 
  0x000002780059d9c0: f20f 8427 | 0000 008b | 7a14 483b | 143e 0f84 | 1a00 0000 | 83ff 200f | 859c 0000 

  0x000002780059d9dc: ;   {runtime_call slow_subtype_check Runtime1 stub}
  0x000002780059d9dc: 0056 52e8 | 1ce5 0907 | 5e5a 85d2 | 0f84 8b00 

  0x000002780059d9ec: ;   {metadata(method data for {method} {0x00000278245e1c08} 'findClass' '(Ljava/lang/String;)Ljava/lang/Class;' in 'org/gradle/internal/classloader/TransformingClassLoader')}
  0x000002780059d9ec: 0000 48be | a035 fb24 | 7802 0000 | 418b 5008 | 49ba 0000 | 000f 7802 | 0000 4903 | d248 3b96 
  0x000002780059da0c: 4804 0000 | 750d 4883 | 8650 0400 | 0001 e971 | 0000 0048 | 3b96 5804 | 0000 750d | 4883 8660 
  0x000002780059da2c: 0400 0001 | e95b 0000 | 0048 83be | 4804 0000 | 0075 1748 | 8996 4804 | 0000 48c7 | 8650 0400 
  0x000002780059da4c: 0001 0000 | 00e9 3a00 | 0000 4883 | be58 0400 | 0000 7517 | 4889 9658 | 0400 0048 | c786 6004 
  0x000002780059da6c: 0000 0100 | 0000 e919 | 0000 00eb 

  0x000002780059da78: ;   {metadata(method data for {method} {0x00000278245e1c08} 'findClass' '(Ljava/lang/String;)Ljava/lang/Class;' in 'org/gradle/internal/classloader/TransformingClassLoader')}
  0x000002780059da78: 1748 bea0 | 35fb 2478 | 0200 0048 | 83ae 3804 | 0000 01e9 | c00b 0000 | 488d 5010 | 410f be77 
  0x000002780059da98: 4085 f60f | 85b8 0b00 | 004d 8bd0 | 4489 1248 | 8bf2 4933 | f048 c1ee | 1448 83fe | 000f 85b8 
  0x000002780059dab8: 0b00 004d | 85c9 7516 

  0x000002780059dac0: ;   {metadata(method data for {method} {0x00000278245e1c08} 'findClass' '(Ljava/lang/String;)Ljava/lang/Class;' in 'org/gradle/internal/classloader/TransformingClassLoader')}
  0x000002780059dac0: 48be a035 | fb24 7802 | 0000 808e | 6904 0000 | 01e9 fa00 | 0000 8b50 | 0849 ba00 | 0000 0f78 
  0x000002780059dae0: 0200 0049 | 03d2 418b | 7108 49ba | 0000 000f | 7802 0000 | 4903 f248 | 8b92 e000 | 0000 483b 
  0x000002780059db00: f20f 8427 | 0000 008b | 7a14 483b | 143e 0f84 | 1a00 0000 | 83ff 200f | 859c 0000 

  0x000002780059db1c: ;   {runtime_call slow_subtype_check Runtime1 stub}
  0x000002780059db1c: 0056 52e8 | dce3 0907 | 5e5a 85d2 | 0f84 8b00 

  0x000002780059db2c: ;   {metadata(method data for {method} {0x00000278245e1c08} 'findClass' '(Ljava/lang/String;)Ljava/lang/Class;' in 'org/gradle/internal/classloader/TransformingClassLoader')}
  0x000002780059db2c: 0000 48be | a035 fb24 | 7802 0000 | 418b 5108 | 49ba 0000 | 000f 7802 | 0000 4903 | d248 3b96 
  0x000002780059db4c: 8004 0000 | 750d 4883 | 8688 0400 | 0001 e971 | 0000 0048 | 3b96 9004 | 0000 750d | 4883 8698 
  0x000002780059db6c: 0400 0001 | e95b 0000 | 0048 83be | 8004 0000 | 0075 1748 | 8996 8004 | 0000 48c7 | 8688 0400 
  0x000002780059db8c: 0001 0000 | 00e9 3a00 | 0000 4883 | be90 0400 | 0000 7517 | 4889 9690 | 0400 0048 | c786 9804 
  0x000002780059dbac: 0000 0100 | 0000 e919 | 0000 00eb 

  0x000002780059dbb8: ;   {metadata(method data for {method} {0x00000278245e1c08} 'findClass' '(Ljava/lang/String;)Ljava/lang/Class;' in 'org/gradle/internal/classloader/TransformingClassLoader')}
  0x000002780059dbb8: 1748 bea0 | 35fb 2478 | 0200 0048 | 83ae 7004 | 0000 01e9 | c00a 0000 | 488d 5014 | 410f be77 
  0x000002780059dbd8: 4085 f60f | 85b8 0a00 | 004d 8bd1 | 4489 1248 | 8bf2 4933 | f148 c1ee | 1448 83fe | 000f 85b8 
  0x000002780059dbf8: ;   {metadata(method data for {method} {0x00000278245e1c08} 'findClass' '(Ljava/lang/String;)Ljava/lang/Class;' in 'org/gradle/internal/classloader/TransformingClassLoader')}
  0x000002780059dbf8: 0a00 0048 | baa0 35fb | 2478 0200 | 0048 8382 | a804 0000 

  0x000002780059dc0c: ;   {metadata(method data for {method} {0x000002780f452e08} 'format' '(Ljava/lang/String;[Ljava/lang/Object;)Ljava/lang/String;' in 'java/lang/String')}
  0x000002780059dc0c: 0148 ba70 | 291c 2478 | 0200 008b | b2cc 0000 | 0083 c602 | 89b2 cc00 | 0000 81e6 | feff 1f00 
  0x000002780059dc2c: 85f6 0f84 | 970a 0000 

  0x000002780059dc34: ;   {metadata('java/util/Formatter')}
  0x000002780059dc34: 48ba e840 | 0e0f 7802 | 0000 4889 | 8424 6801 | 0000 498b | 87b8 0100 | 0048 8d78 | 1849 3bbf 
  0x000002780059dc54: c801 0000 | 0f87 8e0a | 0000 4989 | bfb8 0100 | 0048 c700 | 0100 0000 | 488b ca49 | ba00 0000 
  0x000002780059dc74: 0f78 0200 | 0049 2bca | 8948 0848 | 33c9 8948 | 0c48 33c9 | 4889 4810 

  0x000002780059dc8c: ;   {metadata(method data for {method} {0x000002780f452e08} 'format' '(Ljava/lang/String;[Ljava/lang/Object;)Ljava/lang/String;' in 'java/lang/String')}
  0x000002780059dc8c: 488b d048 | be70 291c | 2478 0200 | 0048 8386 | 1001 0000 

  0x000002780059dca0: ;   {metadata(method data for {method} {0x000002780f0e53c8} '<init>' '()V' in 'java/util/Formatter')}
  0x000002780059dca0: 0148 ba48 | 2b1c 2478 | 0200 008b | b2cc 0000 | 0083 c602 | 89b2 cc00 | 0000 81e6 | feff 1f00 
  0x000002780059dcc0: 85f6 0f84 | 310a 0000 

  0x000002780059dcc8: ;   {metadata(method data for {method} {0x000002780f0e53c8} '<init>' '()V' in 'java/util/Formatter')}
  0x000002780059dcc8: 48ba 482b | 1c24 7802 | 0000 4883 | 8210 0100 

  0x000002780059dcd8: ;   {oop(a 'java/util/Locale$Category'{0x00000000e82d7fa8})}
  0x000002780059dcd8: 0001 48ba | a87f 2de8 | 0000 0000 | 4889 8424 | 6001 0000 

  0x000002780059dcec: ;   {static_call}
  0x000002780059dcec: 6666 90e8 

  0x000002780059dcf0: ; ImmutableOopMap {[352]=Oop [360]=Oop [368]=Oop [376]=Oop }
                      ;*invokestatic getDefault {reexecute=0 rethrow=0 return_oop=0}
                      ; - java.util.Formatter::<init>@4
                      ; - java.lang.String::format@4
                      ; - org.gradle.internal.classloader.TransformingClassLoader::findClass@131 (line 71)
  0x000002780059dcf0: 8c13 fe06 

  0x000002780059dcf4: ;   {other}
  0x000002780059dcf4: 0f1f 8400 | e427 0025 

  0x000002780059dcfc: ;   {metadata('java/lang/StringBuilder')}
  0x000002780059dcfc: 48ba 4080 | 000f 7802 | 0000 4889 | 8424 8801 | 0000 498b | 87b8 0100 | 0048 8d78 | 1849 3bbf 
  0x000002780059dd1c: c801 0000 | 0f87 f409 | 0000 4989 | bfb8 0100 | 0048 c700 | 0100 0000 | 488b ca49 | ba00 0000 
  0x000002780059dd3c: 0f78 0200 | 0049 2bca | 8948 0848 | 33c9 8948 | 0c48 33c9 | 4889 4810 

  0x000002780059dd54: ;   {metadata(method data for {method} {0x000002780f0e53c8} '<init>' '()V' in 'java/util/Formatter')}
  0x000002780059dd54: 4c8b c048 | ba48 2b1c | 2478 0200 | 0048 8382 | 2001 0000 

  0x000002780059dd68: ;   {metadata(method data for {method} {0x000002780f4619d8} '<init>' '()V' in 'java/lang/StringBuilder')}
  0x000002780059dd68: 0149 b810 | af00 2478 | 0200 0041 | 8b90 cc00 | 0000 83c2 | 0241 8990 | cc00 0000 | 81e2 feff 
  0x000002780059dd88: 1f00 85d2 | 0f84 9509 | 0000 4c8b 

  0x000002780059dd94: ;   {metadata(method data for {method} {0x000002780f4619d8} '<init>' '()V' in 'java/lang/StringBuilder')}
  0x000002780059dd94: c048 ba10 | af00 2478 | 0200 0048 | 8382 1001 | 0000 0141 | b810 0000 | 0048 8bd0 | 4889 8424 
  0x000002780059ddb4: 8001 0000 | 0f1f 8000 

  0x000002780059ddbc: ;   {optimized virtual_call}
  0x000002780059ddbc: 0000 00e8 

  0x000002780059ddc0: ; ImmutableOopMap {[352]=Oop [360]=Oop [368]=Oop [376]=Oop [384]=Oop [392]=Oop }
                      ;*invokespecial <init> {reexecute=0 rethrow=0 return_oop=0}
                      ; - java.lang.StringBuilder::<init>@3
                      ; - java.util.Formatter::<init>@11
                      ; - java.lang.String::format@4
                      ; - org.gradle.internal.classloader.TransformingClassLoader::findClass@131 (line 71)
  0x000002780059ddc0: bc0c fe06 

  0x000002780059ddc4: ;   {other}
  0x000002780059ddc4: 0f1f 8400 | b428 0026 | 488b 8424 | 6001 0000 

  0x000002780059ddd4: ;   {metadata(method data for {method} {0x000002780f0e53c8} '<init>' '()V' in 'java/util/Formatter')}
  0x000002780059ddd4: 49b8 482b | 1c24 7802 | 0000 4983 | 8030 0100 

  0x000002780059dde4: ;   {metadata(method data for {method} {0x000002780f0e5478} '<init>' '(Ljava/util/Locale;Ljava/lang/Appendable;)V' in 'java/util/Formatter')}
  0x000002780059dde4: 0001 49b8 | f82e 1c24 | 7802 0000 | 458b 88cc | 0000 0041 | 83c1 0245 | 8988 cc00 | 0000 4181 
  0x000002780059de04: e1fe ff1f | 0045 85c9 | 0f84 3609 | 0000 488b | 8424 6001 

  0x000002780059de18: ;   {metadata(method data for {method} {0x000002780f0e5478} '<init>' '(Ljava/util/Locale;Ljava/lang/Appendable;)V' in 'java/util/Formatter')}
  0x000002780059de18: 0000 49b8 | f82e 1c24 | 7802 0000 | 4983 8010 | 0100 0001 

  0x000002780059de2c: ;   {metadata(method data for {method} {0x000002780f474aa8} '<init>' '()V' in 'java/lang/Object')}
  0x000002780059de2c: 49b8 9067 | 0024 7802 | 0000 458b | 88cc 0000 | 0041 83c1 | 0245 8988 | cc00 0000 | 4181 e1fe 
  0x000002780059de4c: ff1f 0045 | 85c9 0f84 | 1109 0000 | 450f be47 | 4045 85c0 | 488b 8424 | 6001 0000 | 0f85 1c09 
  0x000002780059de6c: 0000 4c8b | 8424 8001 | 0000 4d8b | d044 8950 | 0c4c 8bc8 | 4d33 c849 | c1e9 1449 | 83f9 000f 
  0x000002780059de8c: 8515 0900 | 0045 0fbe | 4740 4585 | c00f 851f | 0900 004c | 8b84 2488 | 0100 004d | 8bd0 4489 
  0x000002780059deac: 5010 4c8b | c84d 33c8 | 49c1 e914 | 4983 f900 | 0f85 1809 | 0000 4c8b 

  0x000002780059dec4: ;   {metadata(method data for {method} {0x000002780f452e08} 'format' '(Ljava/lang/String;[Ljava/lang/Object;)Ljava/lang/String;' in 'java/lang/String')}
  0x000002780059dec4: c848 bf70 | 291c 2478 | 0200 0048 | 8387 2001 

  0x000002780059ded4: ;   {metadata(method data for {method} {0x000002780f0e55d8} 'format' '(Ljava/lang/String;[Ljava/lang/Object;)Ljava/util/Formatter;' in 'java/util/Formatter')}
  0x000002780059ded4: 0000 0149 | b958 301c | 2478 0200 | 0041 8bb9 | cc00 0000 | 83c7 0241 | 89b9 cc00 | 0000 81e7 
  0x000002780059def4: feff 1f00 | 85ff 0f84 | f208 0000 

  0x000002780059df00: ;   {metadata(method data for {method} {0x000002780f0e55d8} 'format' '(Ljava/lang/String;[Ljava/lang/Object;)Ljava/util/Formatter;' in 'java/util/Formatter')}
  0x000002780059df00: 4c8b c848 | bf58 301c | 2478 0200 | 0048 8387 | 1001 0000 

  0x000002780059df14: ;   {oop("Could not load class '%s' from %s."{0x00000000e82d7fd8})}
  0x000002780059df14: 0149 b9d8 | 7f2d e800 | 0000 0048 | 8bbc 2468 | 0100 0048 | 8bd0 0f1f 

  0x000002780059df2c: ;   {optimized virtual_call}
  0x000002780059df2c: 4400 00e8 

  0x000002780059df30: ; ImmutableOopMap {[368]=Oop [376]=Oop }
                      ;*invokevirtual format {reexecute=0 rethrow=0 return_oop=0}
                      ; - java.util.Formatter::format@7
                      ; - java.lang.String::format@9
                      ; - org.gradle.internal.classloader.TransformingClassLoader::findClass@131 (line 71)
  0x000002780059df30: 4c0b fe06 

  0x000002780059df34: ;   {other}
  0x000002780059df34: 0f1f 8400 | 242a 0027 

  0x000002780059df3c: ; implicit exception: dispatches to 0x000002780059e813
  0x000002780059df3c: 483b 0048 

  0x000002780059df40: ;   {metadata(method data for {method} {0x000002780f452e08} 'format' '(Ljava/lang/String;[Ljava/lang/Object;)Ljava/lang/String;' in 'java/lang/String')}
  0x000002780059df40: 8bd0 48be | 7029 1c24 | 7802 0000 | 4883 8658 | 0100 0001 

  0x000002780059df54: ;   {metadata(method data for {method} {0x000002780f0e4348} 'toString' '()Ljava/lang/String;' in 'java/util/Formatter')}
  0x000002780059df54: 48ba e038 | 1c24 7802 | 0000 8bb2 | cc00 0000 | 83c6 0289 | b2cc 0000 | 0081 e6fe | ff1f 0085 
  0x000002780059df74: f60f 849d | 0800 0048 

  0x000002780059df7c: ;   {metadata(method data for {method} {0x000002780f0e4348} 'toString' '()Ljava/lang/String;' in 'java/util/Formatter')}
  0x000002780059df7c: 8bd0 48be | e038 1c24 | 7802 0000 | 4883 8610 | 0100 0001 

  0x000002780059df90: ;   {metadata(method data for {method} {0x000002780f0e57e8} 'ensureOpen' '()V' in 'java/util/Formatter')}
  0x000002780059df90: 48ba a03a | 1c24 7802 | 0000 8bb2 | cc00 0000 | 83c6 0289 | b2cc 0000 | 0081 e6fe | ff1f 0085 
  0x000002780059dfb0: f60f 8482 | 0800 008b | 500c 4885 

  0x000002780059dfbc: ;   {metadata(method data for {method} {0x000002780f0e57e8} 'ensureOpen' '()V' in 'java/util/Formatter')}
  0x000002780059dfbc: d248 bea0 | 3a1c 2478 | 0200 0048 | c7c7 2001 | 0000 7407 | 48c7 c710 | 0100 0048 | 8b1c 3e48 
  0x000002780059dfdc: 8d5b 0148 | 891c 3e0f | 8400 0100 | 0048 3b02 

  0x000002780059dfec: ;   {metadata(method data for {method} {0x000002780f0e4348} 'toString' '()Ljava/lang/String;' in 'java/util/Formatter')}
  0x000002780059dfec: 488b f248 | bfe0 381c | 2478 0200 | 008b 7608 | 49ba 0000 | 000f 7802 | 0000 4903 | f248 3bb7 
  0x000002780059e00c: 5801 0000 | 750d 4883 | 8760 0100 | 0001 e960 | 0000 0048 | 3bb7 6801 | 0000 750d | 4883 8770 
  0x000002780059e02c: 0100 0001 | e94a 0000 | 0048 83bf | 5801 0000 | 0075 1748 | 89b7 5801 | 0000 48c7 | 8760 0100 
  0x000002780059e04c: 0001 0000 | 00e9 2900 | 0000 4883 | bf68 0100 | 0000 7517 | 4889 b768 | 0100 0048 | c787 7001 
  0x000002780059e06c: 0000 0100 | 0000 e908 | 0000 0048 | 8387 4801 | 0000 0166 | 0f1f 4400 | 0048 b8ff | ffff ffff 
  0x000002780059e08c: ;   {virtual_call}
  0x000002780059e08c: ffff ffe8 

  0x000002780059e090: ; ImmutableOopMap {[368]=Oop [376]=Oop }
                      ;*invokeinterface toString {reexecute=0 rethrow=0 return_oop=0}
                      ; - java.util.Formatter::toString@8
                      ; - java.lang.String::format@12
                      ; - org.gradle.internal.classloader.TransformingClassLoader::findClass@131 (line 71)
  0x000002780059e090: ec0c fe06 

  0x000002780059e094: ;   {other}
  0x000002780059e094: 0f1f 8400 | 842b 0028 | 4c8b 8424 | 7001 0000 

  0x000002780059e0a4: ;   {metadata(method data for {method} {0x00000278245e1c08} 'findClass' '(Ljava/lang/String;)Ljava/lang/Class;' in 'org/gradle/internal/classloader/TransformingClassLoader')}
  0x000002780059e0a4: 49b9 a035 | fb24 7802 | 0000 4983 | 81b8 0400 | 0001 4c8b | c04c 8b8c | 2478 0100 | 0048 8b94 
  0x000002780059e0c4: 2470 0100 | 0066 0f1f 

  0x000002780059e0cc: ;   {optimized virtual_call}
  0x000002780059e0cc: 4400 00e8 

  0x000002780059e0d0: ; ImmutableOopMap {[368]=Oop }
                      ;*invokespecial <init> {reexecute=0 rethrow=0 return_oop=0}
                      ; - org.gradle.internal.classloader.TransformingClassLoader::findClass@136 (line 71)
  0x000002780059e0d0: ac09 fe06 

  0x000002780059e0d4: ;   {other}
  0x000002780059e0d4: 0f1f 8400 | c42b 0029 | 488b 8424 | 7001 0000 | e94f 0900 | 0048 8984 | 2498 0100 | 000f 1f80 
  0x000002780059e0f4: 0000 0000 

  0x000002780059e0f8: ;   {no_reloc}
  0x000002780059e0f8: e971 0700 | 0000 0000 | 0000 e971 | 0700 0048 

  0x000002780059e108: ;   {metadata(method data for {method} {0x000002780f0e57e8} 'ensureOpen' '()V' in 'java/util/Formatter')}
  0x000002780059e108: 8bd0 48b9 | a03a 1c24 | 7802 0000 | 4883 8130 | 0100 0001 | 488b d048 | 8984 2490 

  0x000002780059e124: ;   {optimized virtual_call}
  0x000002780059e124: 0100 00e8 

  0x000002780059e128: ; ImmutableOopMap {[368]=Oop [376]=Oop [400]=Oop [408]=Oop }
                      ;*invokespecial <init> {reexecute=0 rethrow=0 return_oop=0}
                      ; - java.util.Formatter::ensureOpen@11
                      ; - java.util.Formatter::toString@1
                      ; - java.lang.String::format@12
                      ; - org.gradle.internal.classloader.TransformingClassLoader::findClass@131 (line 71)
  0x000002780059e128: 5409 fe06 

  0x000002780059e12c: ;   {other}
  0x000002780059e12c: 0f1f 8400 | 1c2c 002a | 488b 8424 | 9001 0000 | e9f7 0800 

  0x000002780059e140: ;   {metadata({method} {0x00000278245e1c08} 'findClass' '(Ljava/lang/String;)Ljava/lang/Class;' in 'org/gradle/internal/classloader/TransformingClassLoader')}
  0x000002780059e140: 0049 ba00 | 1c5e 2478 | 0200 004c | 8954 2408 | 48c7 0424 | ffff ffff 

  0x000002780059e158: ;   {runtime_call counter_overflow Runtime1 stub}
  0x000002780059e158: e8a3 040a 

  0x000002780059e15c: ; ImmutableOopMap {rdx=Oop r8=Oop [200]=Oop [208]=Oop }
                      ;*synchronization entry
                      ; - org.gradle.internal.classloader.TransformingClassLoader::findClass@-1 (line 51)
  0x000002780059e15c: 07e9 74da 

  0x000002780059e160: ;   {metadata('java/lang/StringBuilder')}
  0x000002780059e160: ffff 48ba | 4080 000f | 7802 0000 | b800 0f05 

  0x000002780059e170: ;   {runtime_call load_klass_patching Runtime1 stub}
  0x000002780059e170: 0ae8 0af4 

  0x000002780059e174: ; ImmutableOopMap {[200]=Oop [208]=Oop }
                      ;*new {reexecute=1 rethrow=0 return_oop=0}
                      ; - (reexecute) org.gradle.internal.classloader.TransformingClassLoader::findClass@14 (line 55)
  0x000002780059e174: 0907 e9d5 | daff ff48 

  0x000002780059e17c: ;   {runtime_call fast_new_instance Runtime1 stub}
  0x000002780059e17c: 8bd2 e87d 

  0x000002780059e180: ; ImmutableOopMap {[200]=Oop [208]=Oop }
                      ;*new {reexecute=0 rethrow=0 return_oop=0}
                      ; - org.gradle.internal.classloader.TransformingClassLoader::findClass@14 (line 55)
  0x000002780059e180: bc09 07e9 | 18db ffff 

  0x000002780059e188: ;   {metadata({method} {0x000002780f4619d8} '<init>' '()V' in 'java/lang/StringBuilder')}
  0x000002780059e188: 49ba d019 | 460f 7802 | 0000 4c89 | 5424 0848 | c704 24ff 

  0x000002780059e19c: ;   {runtime_call counter_overflow Runtime1 stub}
  0x000002780059e19c: ffff ffe8 

  0x000002780059e1a0: ; ImmutableOopMap {rax=Oop [200]=Oop [208]=Oop }
                      ;*synchronization entry
                      ; - java.lang.StringBuilder::<init>@-1
                      ; - org.gradle.internal.classloader.TransformingClassLoader::findClass@18 (line 55)
  0x000002780059e1a0: 5c04 0a07 | e933 dbff 

  0x000002780059e1a8: ;   {runtime_call throw_null_pointer_exception Runtime1 stub}
  0x000002780059e1a8: ffe8 52b3 

  0x000002780059e1ac: ; ImmutableOopMap {r8=Oop [200]=Oop [208]=Oop [216]=Oop }
                      ;*invokevirtual replace {reexecute=0 rethrow=0 return_oop=0}
                      ; - org.gradle.internal.classloader.TransformingClassLoader::findClass@26 (line 55)
                      ;   {metadata({method} {0x000002780f4617c8} 'append' '(Ljava/lang/String;)Ljava/lang/StringBuilder;' in 'java/lang/StringBuilder')}
  0x000002780059e1ac: 0907 49ba | c017 460f | 7802 0000 | 4c89 5424 | 0848 c704 | 24ff ffff 

  0x000002780059e1c4: ;   {runtime_call counter_overflow Runtime1 stub}
  0x000002780059e1c4: ffe8 3604 

  0x000002780059e1c8: ; ImmutableOopMap {rax=Oop [200]=Oop [208]=Oop [216]=Oop }
                      ;*synchronization entry
                      ; - java.lang.StringBuilder::append@-1
                      ; - org.gradle.internal.classloader.TransformingClassLoader::findClass@29 (line 55)
  0x000002780059e1c8: 0a07 e9c8 

  0x000002780059e1cc: ;   {metadata({method} {0x000002780f4617c8} 'append' '(Ljava/lang/String;)Ljava/lang/StringBuilder;' in 'java/lang/StringBuilder')}
  0x000002780059e1cc: dbff ff49 | bac0 1746 | 0f78 0200 | 004c 8954 | 2408 48c7 | 0424 ffff 

  0x000002780059e1e4: ;   {runtime_call counter_overflow Runtime1 stub}
  0x000002780059e1e4: ffff e815 

  0x000002780059e1e8: ; ImmutableOopMap {[200]=Oop [208]=Oop [216]=Oop }
                      ;*synchronization entry
                      ; - java.lang.StringBuilder::append@-1
                      ; - org.gradle.internal.classloader.TransformingClassLoader::findClass@34 (line 55)
  0x000002780059e1e8: 040a 07e9 | 1fdc ffff 

  0x000002780059e1f0: ;   {metadata({method} {0x000002780f008958} 'toString' '()Ljava/lang/String;' in 'java/lang/StringBuilder')}
  0x000002780059e1f0: 49ba 5089 | 000f 7802 | 0000 4c89 | 5424 0848 | c704 24ff 

  0x000002780059e204: ;   {runtime_call counter_overflow Runtime1 stub}
  0x000002780059e204: ffff ffe8 

  0x000002780059e208: ; ImmutableOopMap {[200]=Oop [208]=Oop [216]=Oop }
                      ;*synchronization entry
                      ; - java.lang.StringBuilder::toString@-1
                      ; - org.gradle.internal.classloader.TransformingClassLoader::findClass@37 (line 55)
  0x000002780059e208: f403 0a07 | e97c dcff | ff48 8bd2 

  0x000002780059e214: ;   {runtime_call fast_new_instance Runtime1 stub}
  0x000002780059e214: e8e7 bb09 

  0x000002780059e218: ; ImmutableOopMap {[200]=Oop [208]=Oop [216]=Oop }
                      ;*new {reexecute=0 rethrow=0 return_oop=0}
                      ; - java.lang.StringBuilder::toString@0
                      ; - org.gradle.internal.classloader.TransformingClassLoader::findClass@37 (line 55)
  0x000002780059e218: 07e9 bfdc 

  0x000002780059e21c: ;   {metadata({method} {0x000002780f455ab8} '<init>' '(Ljava/lang/StringBuilder;)V' in 'java/lang/String')}
  0x000002780059e21c: ffff 49ba | b05a 450f | 7802 0000 | 4c89 5424 | 0848 c704 | 24ff ffff 

  0x000002780059e234: ;   {runtime_call counter_overflow Runtime1 stub}
  0x000002780059e234: ffe8 c603 

  0x000002780059e238: ; ImmutableOopMap {rax=Oop [200]=Oop [208]=Oop [216]=Oop [224]=Oop }
                      ;*synchronization entry
                      ; - java.lang.String::<init>@-1
                      ; - java.lang.StringBuilder::toString@5
                      ; - org.gradle.internal.classloader.TransformingClassLoader::findClass@37 (line 55)
  0x000002780059e238: 0a07 e9e7 

  0x000002780059e23c: ;   {metadata({method} {0x00000278245e1f08} 'loadBytecode' '(Ljava/net/URL;)[B' in 'org/gradle/internal/classloader/TransformingClassLoader')}
  0x000002780059e23c: dcff ff49 | ba00 1f5e | 2478 0200 | 004c 8954 | 2408 48c7 | 0424 ffff 

  0x000002780059e254: ;   {runtime_call counter_overflow Runtime1 stub}
  0x000002780059e254: ffff e8a5 

  0x000002780059e258: ; ImmutableOopMap {rax=Oop [200]=Oop [208]=Oop [224]=Oop }
                      ;*synchronization entry
                      ; - org.gradle.internal.classloader.TransformingClassLoader::loadBytecode@-1 (line 107)
                      ; - org.gradle.internal.classloader.TransformingClassLoader::findClass@53 (line 62)
  0x000002780059e258: 030a 07e9 | 2ede ffff 

  0x000002780059e260: ;   {runtime_call throw_null_pointer_exception Runtime1 stub}
  0x000002780059e260: e89b b209 

  0x000002780059e264: ; ImmutableOopMap {rax=Oop [200]=Oop [208]=Oop [224]=Oop }
                      ;*invokevirtual openStream {reexecute=0 rethrow=0 return_oop=0}
                      ; - org.gradle.internal.classloader.TransformingClassLoader::loadBytecode@1 (line 107)
                      ; - org.gradle.internal.classloader.TransformingClassLoader::findClass@53 (line 62)
                      ;   {metadata({method} {0x000002780f428e18} 'openStream' '()Ljava/io/InputStream;' in 'java/net/URL')}
  0x000002780059e264: 0749 ba10 | 8e42 0f78 | 0200 004c | 8954 2408 | 48c7 0424 | ffff ffff 

  0x000002780059e27c: ;   {runtime_call counter_overflow Runtime1 stub}
  0x000002780059e27c: e87f 030a 

  0x000002780059e280: ; ImmutableOopMap {rax=Oop [200]=Oop [208]=Oop [224]=Oop }
                      ;*synchronization entry
                      ; - java.net.URL::openStream@-1
                      ; - org.gradle.internal.classloader.TransformingClassLoader::loadBytecode@1 (line 107)
                      ; - org.gradle.internal.classloader.TransformingClassLoader::findClass@53 (line 62)
  0x000002780059e280: 07e9 49de 

  0x000002780059e284: ;   {metadata({method} {0x000002780f4287e8} 'openConnection' '()Ljava/net/URLConnection;' in 'java/net/URL')}
  0x000002780059e284: ffff 49ba | e087 420f | 7802 0000 | 4c89 5424 | 0848 c704 | 24ff ffff 

  0x000002780059e29c: ;   {runtime_call counter_overflow Runtime1 stub}
  0x000002780059e29c: ffe8 5e03 

  0x000002780059e2a0: ; ImmutableOopMap {rax=Oop [200]=Oop [208]=Oop [224]=Oop }
                      ;*synchronization entry
                      ; - java.net.URL::openConnection@-1
                      ; - java.net.URL::openStream@1
                      ; - org.gradle.internal.classloader.TransformingClassLoader::loadBytecode@1 (line 107)
                      ; - org.gradle.internal.classloader.TransformingClassLoader::findClass@53 (line 62)
  0x000002780059e2a0: 0a07 e966 

  0x000002780059e2a4: ;   {runtime_call throw_null_pointer_exception Runtime1 stub}
  0x000002780059e2a4: deff ffe8 

  0x000002780059e2a8: ; ImmutableOopMap {rax=Oop rdx=Oop [200]=Oop [208]=Oop [224]=Oop }
                      ;*invokevirtual openConnection {reexecute=0 rethrow=0 return_oop=0}
                      ; - java.net.URL::openConnection@5
                      ; - java.net.URL::openStream@1
                      ; - org.gradle.internal.classloader.TransformingClassLoader::loadBytecode@1 (line 107)
                      ; - org.gradle.internal.classloader.TransformingClassLoader::findClass@53 (line 62)
  0x000002780059e2a8: 54b2 0907 

  0x000002780059e2ac: ;   {runtime_call throw_null_pointer_exception Runtime1 stub}
  0x000002780059e2ac: e84f b209 

  0x000002780059e2b0: ; ImmutableOopMap {rax=Oop [200]=Oop [208]=Oop [224]=Oop [232]=Oop }
                      ;*invokevirtual getInputStream {reexecute=0 rethrow=0 return_oop=0}
                      ; - java.net.URL::openStream@4
                      ; - org.gradle.internal.classloader.TransformingClassLoader::loadBytecode@1 (line 107)
                      ; - org.gradle.internal.classloader.TransformingClassLoader::findClass@53 (line 62)
                      ;   {runtime_call throw_null_pointer_exception Runtime1 stub}
  0x000002780059e2b0: 07e8 4ab2 

  0x000002780059e2b4: ; ImmutableOopMap {rsi=Oop [200]=Oop [208]=Oop [224]=Oop [232]=Oop [248]=Oop }
                      ;*invokevirtual close {reexecute=0 rethrow=0 return_oop=0}
                      ; - org.gradle.internal.classloader.TransformingClassLoader::loadBytecode@11 (line 111)
                      ; - org.gradle.internal.classloader.TransformingClassLoader::findClass@53 (line 62)
                      ;   {runtime_call throw_null_pointer_exception Runtime1 stub}
  0x000002780059e2b4: 0907 e845 

  0x000002780059e2b8: ; ImmutableOopMap {rax=Oop [200]=Oop [208]=Oop [232]=Oop [256]=Oop }
                      ;*invokevirtual toURI {reexecute=0 rethrow=0 return_oop=0}
                      ; - org.gradle.internal.classloader.TransformingClassLoader::findClass@72 (line 64)
                      ;   {runtime_call throw_null_pointer_exception Runtime1 stub}
  0x000002780059e2b8: b209 07e8 

  0x000002780059e2bc: ; ImmutableOopMap {rax=Oop [200]=Oop [208]=Oop [232]=Oop [256]=Oop }
                      ;*invokevirtual toURL {reexecute=0 rethrow=0 return_oop=0}
                      ; - org.gradle.internal.classloader.TransformingClassLoader::findClass@75 (line 64)
  0x000002780059e2bc: 40b2 0907 

  0x000002780059e2c0: ;   {metadata({method} {0x000002780f144ed0} 'toURL' '()Ljava/net/URL;' in 'java/net/URI')}
  0x000002780059e2c0: 49ba c84e | 140f 7802 | 0000 4c89 | 5424 0848 | c704 24ff 

  0x000002780059e2d4: ;   {runtime_call counter_overflow Runtime1 stub}
  0x000002780059e2d4: ffff ffe8 

  0x000002780059e2d8: ; ImmutableOopMap {rax=Oop [200]=Oop [208]=Oop [232]=Oop [256]=Oop }
                      ;*synchronization entry
                      ; - java.net.URI::toURL@-1
                      ; - org.gradle.internal.classloader.TransformingClassLoader::findClass@75 (line 64)
  0x000002780059e2d8: 2403 0a07 | e987 e1ff 

  0x000002780059e2e0: ;   {metadata(nullptr)}
  0x000002780059e2e0: ff48 ba00 | 0000 0000 | 0000 00b8 | 000f 050a 

  0x000002780059e2f0: ;   {runtime_call load_klass_patching Runtime1 stub}
  0x000002780059e2f0: e88b f209 

  0x000002780059e2f4: ; ImmutableOopMap {r8=Oop [200]=Oop [208]=Oop [232]=Oop [256]=Oop }
                      ;*new {reexecute=1 rethrow=0 return_oop=0}
                      ; - (reexecute) org.gradle.internal.classloader.TransformingClassLoader::findClass@80 (line 65)
  0x000002780059e2f4: 07e9 9ee1 | ffff 488b 

  0x000002780059e2fc: ;   {runtime_call fast_new_instance Runtime1 stub}
  0x000002780059e2fc: d2e8 feba 

  0x000002780059e300: ; ImmutableOopMap {r8=Oop [200]=Oop [208]=Oop [232]=Oop [256]=Oop }
                      ;*new {reexecute=0 rethrow=0 return_oop=0}
                      ; - org.gradle.internal.classloader.TransformingClassLoader::findClass@80 (line 65)
  0x000002780059e300: 0907 e9e9 

  0x000002780059e304: ;   {metadata(nullptr)}
  0x000002780059e304: e1ff ff48 | bf00 0000 | 0000 0000 | 00b8 000f 

  0x000002780059e314: ;   {runtime_call load_klass_patching Runtime1 stub}
  0x000002780059e314: 050a e865 

  0x000002780059e318: ; ImmutableOopMap {r8=Oop rax=Oop r9=Oop [200]=Oop [208]=Oop [232]=Oop [256]=Oop }
                      ;*checkcast {reexecute=1 rethrow=0 return_oop=0}
                      ; - (reexecute) org.gradle.internal.classloader.TransformingClassLoader::findClass@87 (line 65)
  0x000002780059e318: f209 07e9 | f8e1 ffff | 4c89 0c24 

  0x000002780059e324: ;   {runtime_call throw_class_cast_exception Runtime1 stub}
  0x000002780059e324: e8d7 d509 

  0x000002780059e328: ; ImmutableOopMap {r8=Oop rax=Oop r9=Oop [200]=Oop [208]=Oop [232]=Oop [256]=Oop }
                      ;*checkcast {reexecute=0 rethrow=0 return_oop=0}
                      ; - org.gradle.internal.classloader.TransformingClassLoader::findClass@87 (line 65)
                      ;   {metadata({method} {0x00000278245e0278} 'generateMissingClass' '(Ljava/lang/String;)[B' in 'org/gradle/initialization/MixInLegacyTypesClassLoader')}
  0x000002780059e328: 0749 ba70 | 025e 2478 | 0200 004c | 8954 2408 | 48c7 0424 | ffff ffff 

  0x000002780059e340: ;   {runtime_call counter_overflow Runtime1 stub}
  0x000002780059e340: e8bb 020a 

  0x000002780059e344: ; ImmutableOopMap {rdx=Oop [200]=Oop [208]=Oop [232]=Oop }
                      ;*synchronization entry
                      ; - org.gradle.initialization.MixInLegacyTypesClassLoader::generateMissingClass@-1 (line 101)
                      ; - org.gradle.internal.classloader.TransformingClassLoader::findClass@100 (line 67)
  0x000002780059e344: 07e9 77e3 

  0x000002780059e348: ;   {runtime_call throw_incompatible_class_change_error Runtime1 stub}
  0x000002780059e348: ffff e8b1 

  0x000002780059e34c: ; ImmutableOopMap {rdx=Oop r8=Oop [200]=Oop [208]=Oop [232]=Oop }
                      ;*invokeinterface getSyntheticClasses {reexecute=0 rethrow=0 return_oop=0}
                      ; - org.gradle.initialization.MixInLegacyTypesClassLoader::generateMissingClass@4 (line 101)
                      ; - org.gradle.internal.classloader.TransformingClassLoader::findClass@100 (line 67)
                      ;   {runtime_call throw_null_pointer_exception Runtime1 stub}
  0x000002780059e34c: d809 07e8 

  0x000002780059e350: ; ImmutableOopMap {rdx=Oop r8=Oop [200]=Oop [208]=Oop [232]=Oop }
                      ;*invokeinterface getSyntheticClasses {reexecute=0 rethrow=0 return_oop=0}
                      ; - org.gradle.initialization.MixInLegacyTypesClassLoader::generateMissingClass@4 (line 101)
                      ; - org.gradle.internal.classloader.TransformingClassLoader::findClass@100 (line 67)
  0x000002780059e350: acb1 0907 

  0x000002780059e354: ;   {runtime_call throw_null_pointer_exception Runtime1 stub}
  0x000002780059e354: e8a7 b109 

  0x000002780059e358: ; ImmutableOopMap {rdx=Oop rsi=Oop [200]=Oop [208]=Oop [232]=Oop }
                      ;*invokeinterface contains {reexecute=0 rethrow=0 return_oop=0}
                      ; - org.gradle.initialization.MixInLegacyTypesClassLoader::generateMissingClass@10 (line 101)
                      ; - org.gradle.internal.classloader.TransformingClassLoader::findClass@100 (line 67)
                      ;   {runtime_call throw_incompatible_class_change_error Runtime1 stub}
  0x000002780059e358: 07e8 a2d8 

  0x000002780059e35c: ; ImmutableOopMap {r8=Oop rdx=Oop rsi=Oop [200]=Oop [208]=Oop [232]=Oop }
                      ;*invokeinterface generateSyntheticClass {reexecute=0 rethrow=0 return_oop=0}
                      ; - org.gradle.initialization.MixInLegacyTypesClassLoader::generateMissingClass@25 (line 104)
                      ; - org.gradle.internal.classloader.TransformingClassLoader::findClass@100 (line 67)
                      ;   {runtime_call throw_null_pointer_exception Runtime1 stub}
  0x000002780059e35c: 0907 e89d 

  0x000002780059e360: ; ImmutableOopMap {r8=Oop rdx=Oop rsi=Oop [200]=Oop [208]=Oop [232]=Oop }
                      ;*invokeinterface generateSyntheticClass {reexecute=0 rethrow=0 return_oop=0}
                      ; - org.gradle.initialization.MixInLegacyTypesClassLoader::generateMissingClass@25 (line 104)
                      ; - org.gradle.internal.classloader.TransformingClassLoader::findClass@100 (line 67)
                      ;   {metadata({method} {0x00000278245ca488} 'generateSyntheticClass' '(Ljava/lang/String;)[B' in 'org/gradle/initialization/DefaultLegacyTypesSupport')}
  0x000002780059e360: b109 0749 | ba80 a45c | 2478 0200 | 004c 8954 | 2408 48c7 | 0424 ffff 

  0x000002780059e378: ;   {runtime_call counter_overflow Runtime1 stub}
  0x000002780059e378: ffff e881 

  0x000002780059e37c: ; ImmutableOopMap {r8=Oop rdx=Oop rsi=Oop [200]=Oop [208]=Oop [232]=Oop }
                      ;*synchronization entry
                      ; - org.gradle.initialization.DefaultLegacyTypesSupport::generateSyntheticClass@-1 (line 79)
                      ; - org.gradle.initialization.MixInLegacyTypesClassLoader::generateMissingClass@25 (line 104)
                      ; - org.gradle.internal.classloader.TransformingClassLoader::findClass@100 (line 67)
  0x000002780059e37c: 020a 07e9 | 35e5 ffff 

  0x000002780059e384: ;   {runtime_call throw_null_pointer_exception Runtime1 stub}
  0x000002780059e384: e877 b109 

  0x000002780059e388: ; ImmutableOopMap {r8=Oop rdx=Oop rsi=Oop rdi=Oop [200]=Oop [208]=Oop [232]=Oop }
                      ;*invokevirtual isConventionClass {reexecute=0 rethrow=0 return_oop=0}
                      ; - org.gradle.initialization.DefaultLegacyTypesSupport::generateSyntheticClass@5 (line 79)
                      ; - org.gradle.initialization.MixInLegacyTypesClassLoader::generateMissingClass@25 (line 104)
                      ; - org.gradle.internal.classloader.TransformingClassLoader::findClass@100 (line 67)
                      ;   {metadata({method} {0x00000278245cb7c0} 'isConventionClass' '(Ljava/lang/String;)Z' in 'org/gradle/initialization/ConventionInterfaceGenerator')}
  0x000002780059e388: 0749 bab8 | b75c 2478 | 0200 004c | 8954 2408 | 48c7 0424 | ffff ffff 

  0x000002780059e3a0: ;   {runtime_call counter_overflow Runtime1 stub}
  0x000002780059e3a0: e85b 020a 

  0x000002780059e3a4: ; ImmutableOopMap {r8=Oop rdx=Oop rsi=Oop [200]=Oop [208]=Oop [232]=Oop }
                      ;*synchronization entry
                      ; - org.gradle.initialization.ConventionInterfaceGenerator::isConventionClass@-1 (line 76)
                      ; - org.gradle.initialization.DefaultLegacyTypesSupport::generateSyntheticClass@5 (line 79)
                      ; - org.gradle.initialization.MixInLegacyTypesClassLoader::generateMissingClass@25 (line 104)
                      ; - org.gradle.internal.classloader.TransformingClassLoader::findClass@100 (line 67)
  0x000002780059e3a4: 07e9 5fe5 

  0x000002780059e3a8: ;   {metadata({method} {0x00000278245432c8} 'contains' '(Ljava/lang/Object;)Z' in 'com/google/common/collect/ImmutableList')}
  0x000002780059e3a8: ffff 49ba | c032 5424 | 7802 0000 | 4c89 5424 | 0848 c704 | 24ff ffff 

  0x000002780059e3c0: ;   {runtime_call counter_overflow Runtime1 stub}
  0x000002780059e3c0: ffe8 3a02 

  0x000002780059e3c4: ; ImmutableOopMap {r8=Oop rdx=Oop rsi=Oop rdi=Oop [200]=Oop [208]=Oop [232]=Oop }
                      ;*synchronization entry
                      ; - com.google.common.collect.ImmutableList::contains@-1 (line 437)
                      ; - org.gradle.initialization.ConventionInterfaceGenerator::isConventionClass@4 (line 76)
                      ; - org.gradle.initialization.DefaultLegacyTypesSupport::generateSyntheticClass@5 (line 79)
                      ; - org.gradle.initialization.MixInLegacyTypesClassLoader::generateMissingClass@25 (line 104)
                      ; - org.gradle.internal.classloader.TransformingClassLoader::findClass@100 (line 67)
  0x000002780059e3c4: 0a07 e901 

  0x000002780059e3c8: ;   {metadata({method} {0x00000278245430e8} 'indexOf' '(Ljava/lang/Object;)I' in 'com/google/common/collect/ImmutableList')}
  0x000002780059e3c8: e6ff ff49 | bae0 3054 | 2478 0200 | 004c 8954 | 2408 48c7 | 0424 ffff 

  0x000002780059e3e0: ;   {runtime_call counter_overflow Runtime1 stub}
  0x000002780059e3e0: ffff e819 

  0x000002780059e3e4: ; ImmutableOopMap {r8=Oop rdx=Oop rsi=Oop [200]=Oop [208]=Oop [232]=Oop }
                      ;*synchronization entry
                      ; - com.google.common.collect.ImmutableList::indexOf@-1 (line 427)
                      ; - com.google.common.collect.ImmutableList::contains@2 (line 437)
                      ; - org.gradle.initialization.ConventionInterfaceGenerator::isConventionClass@4 (line 76)
                      ; - org.gradle.initialization.DefaultLegacyTypesSupport::generateSyntheticClass@5 (line 79)
                      ; - org.gradle.initialization.MixInLegacyTypesClassLoader::generateMissingClass@25 (line 104)
                      ; - org.gradle.internal.classloader.TransformingClassLoader::findClass@100 (line 67)
  0x000002780059e3e4: 020a 07e9 | 97e6 ffff 

  0x000002780059e3ec: ;   {runtime_call throw_null_pointer_exception Runtime1 stub}
  0x000002780059e3ec: e80f b109 

  0x000002780059e3f0: ; ImmutableOopMap {rdx=Oop [200]=Oop [208]=Oop [232]=Oop }
                      ;*invokevirtual generateConventionClass {reexecute=0 rethrow=0 return_oop=0}
                      ; - org.gradle.initialization.DefaultLegacyTypesSupport::generateSyntheticClass@16 (line 80)
                      ; - org.gradle.initialization.MixInLegacyTypesClassLoader::generateMissingClass@25 (line 104)
                      ; - org.gradle.internal.classloader.TransformingClassLoader::findClass@100 (line 67)
                      ;   {metadata({method} {0x00000278245e1d30} 'getPackage' '(Ljava/lang/String;)Ljava/lang/Package;' in 'org/gradle/internal/classloader/TransformingClassLoader')}
  0x000002780059e3f0: 0749 ba28 | 1d5e 2478 | 0200 004c | 8954 2408 | 48c7 0424 | ffff ffff 

  0x000002780059e408: ;   {runtime_call counter_overflow Runtime1 stub}
  0x000002780059e408: e8f3 010a 

  0x000002780059e40c: ; ImmutableOopMap {rax=Oop [200]=Oop [208]=Oop [280]=Oop [288]=Oop [296]=Oop }
                      ;*synchronization entry
                      ; - org.gradle.internal.classloader.TransformingClassLoader::getPackage@-1 (line 99)
                      ; - org.gradle.internal.classloader.TransformingClassLoader::findClass@165 (line 79)
  0x000002780059e40c: 07e9 63e9 

  0x000002780059e410: ;   {metadata({method} {0x00000278245e1d30} 'getPackage' '(Ljava/lang/String;)Ljava/lang/Package;' in 'org/gradle/internal/classloader/TransformingClassLoader')}
  0x000002780059e410: ffff 49ba | 281d 5e24 | 7802 0000 | 4c89 5424 | 0848 c704 | 24ff ffff 

  0x000002780059e428: ;   {runtime_call counter_overflow Runtime1 stub}
  0x000002780059e428: ffe8 d201 

  0x000002780059e42c: ; ImmutableOopMap {rax=Oop [200]=Oop [208]=Oop [280]=Oop [288]=Oop [296]=Oop [304]=Oop }
                      ;*synchronization entry
                      ; - org.gradle.internal.classloader.TransformingClassLoader::getPackage@-1 (line 99)
                      ; - org.gradle.internal.classloader.TransformingClassLoader::findClass@197 (line 87)
  0x000002780059e42c: 0a07 e98a 

  0x000002780059e430: ;   {metadata(nullptr)}
  0x000002780059e430: ebff ff48 | ba00 0000 | 0000 0000 | 00b8 000f 

  0x000002780059e440: ;   {runtime_call load_klass_patching Runtime1 stub}
  0x000002780059e440: 050a e839 

  0x000002780059e444: ; ImmutableOopMap {[208]=Oop [296]=Oop [304]=Oop }
                      ;*new {reexecute=1 rethrow=0 return_oop=0}
                      ; - (reexecute) org.gradle.internal.classloader.TransformingClassLoader::findClass@203 (line 89)
  0x000002780059e444: f109 07e9 | dceb ffff 

  0x000002780059e44c: ;   {runtime_call throw_null_pointer_exception Runtime1 stub}
  0x000002780059e44c: e8af b009 

  0x000002780059e450: ; ImmutableOopMap {[208]=Oop [296]=Oop [304]=Oop }
                      ;*new {reexecute=0 rethrow=0 return_oop=0}
                      ; - org.gradle.internal.classloader.TransformingClassLoader::findClass@203 (line 89)
  0x000002780059e450: 0748 8bd2 

  0x000002780059e454: ;   {runtime_call fast_new_instance_init_check Runtime1 stub}
  0x000002780059e454: e8a7 bc09 

  0x000002780059e458: ; ImmutableOopMap {[208]=Oop [296]=Oop [304]=Oop }
                      ;*new {reexecute=0 rethrow=0 return_oop=0}
                      ; - org.gradle.internal.classloader.TransformingClassLoader::findClass@203 (line 89)
  0x000002780059e458: 07e9 2fec 

  0x000002780059e45c: ;   {metadata(nullptr)}
  0x000002780059e45c: ffff 48ba | 0000 0000 | 0000 0000 | b800 0f05 

  0x000002780059e46c: ;   {runtime_call load_klass_patching Runtime1 stub}
  0x000002780059e46c: 0ae8 0ef1 

  0x000002780059e470: ; ImmutableOopMap {rax=Oop [208]=Oop [296]=Oop [304]=Oop [320]=Oop }
                      ;*new {reexecute=1 rethrow=0 return_oop=0}
                      ; - (reexecute) org.gradle.internal.classloader.TransformingClassLoader::findClass@207 (line 89)
  0x000002780059e470: 0907 e921 | ecff ff48 

  0x000002780059e478: ;   {runtime_call fast_new_instance Runtime1 stub}
  0x000002780059e478: 8bd2 e881 

  0x000002780059e47c: ; ImmutableOopMap {[208]=Oop [296]=Oop [304]=Oop [320]=Oop }
                      ;*new {reexecute=0 rethrow=0 return_oop=0}
                      ; - org.gradle.internal.classloader.TransformingClassLoader::findClass@207 (line 89)
  0x000002780059e47c: b909 07e9 | 64ec ffff 

  0x000002780059e484: ;   {metadata({method} {0x000002780f4619d8} '<init>' '()V' in 'java/lang/StringBuilder')}
  0x000002780059e484: 49ba d019 | 460f 7802 | 0000 4c89 | 5424 0848 | c704 24ff 

  0x000002780059e498: ;   {runtime_call counter_overflow Runtime1 stub}
  0x000002780059e498: ffff ffe8 

  0x000002780059e49c: ; ImmutableOopMap {rax=Oop [208]=Oop [296]=Oop [304]=Oop [320]=Oop }
                      ;*synchronization entry
                      ; - java.lang.StringBuilder::<init>@-1
                      ; - org.gradle.internal.classloader.TransformingClassLoader::findClass@211 (line 89)
  0x000002780059e49c: 6001 0a07 | e981 ecff 

  0x000002780059e4a4: ;   {metadata({method} {0x000002780f4617c8} 'append' '(Ljava/lang/String;)Ljava/lang/StringBuilder;' in 'java/lang/StringBuilder')}
  0x000002780059e4a4: ff49 bac0 | 1746 0f78 | 0200 004c | 8954 2408 | 48c7 0424 | ffff ffff 

  0x000002780059e4bc: ;   {runtime_call counter_overflow Runtime1 stub}
  0x000002780059e4bc: e83f 010a 

  0x000002780059e4c0: ; ImmutableOopMap {[208]=Oop [296]=Oop [304]=Oop [312]=Oop [320]=Oop }
                      ;*synchronization entry
                      ; - java.lang.StringBuilder::append@-1
                      ; - org.gradle.internal.classloader.TransformingClassLoader::findClass@216 (line 89)
  0x000002780059e4c0: 07e9 d9ec 

  0x000002780059e4c4: ;   {metadata({method} {0x000002780f4617c8} 'append' '(Ljava/lang/String;)Ljava/lang/StringBuilder;' in 'java/lang/StringBuilder')}
  0x000002780059e4c4: ffff 49ba | c017 460f | 7802 0000 | 4c89 5424 | 0848 c704 | 24ff ffff 

  0x000002780059e4dc: ;   {runtime_call counter_overflow Runtime1 stub}
  0x000002780059e4dc: ffe8 1e01 

  0x000002780059e4e0: ; ImmutableOopMap {[208]=Oop [296]=Oop [304]=Oop [312]=Oop [320]=Oop }
                      ;*synchronization entry
                      ; - java.lang.StringBuilder::append@-1
                      ; - org.gradle.internal.classloader.TransformingClassLoader::findClass@221 (line 89)
  0x000002780059e4e0: 0a07 e938 

  0x000002780059e4e4: ;   {metadata({method} {0x000002780f4617c8} 'append' '(Ljava/lang/String;)Ljava/lang/StringBuilder;' in 'java/lang/StringBuilder')}
  0x000002780059e4e4: edff ff49 | bac0 1746 | 0f78 0200 | 004c 8954 | 2408 48c7 | 0424 ffff 

  0x000002780059e4fc: ;   {runtime_call counter_overflow Runtime1 stub}
  0x000002780059e4fc: ffff e8fd 

  0x000002780059e500: ; ImmutableOopMap {[208]=Oop [304]=Oop [312]=Oop [320]=Oop }
                      ;*synchronization entry
                      ; - java.lang.StringBuilder::append@-1
                      ; - org.gradle.internal.classloader.TransformingClassLoader::findClass@226 (line 89)
  0x000002780059e500: 000a 07e9 | 97ed ffff 

  0x000002780059e508: ;   {metadata({method} {0x000002780f461820} 'append' '(Ljava/lang/Object;)Ljava/lang/StringBuilder;' in 'java/lang/StringBuilder')}
  0x000002780059e508: 49ba 1818 | 460f 7802 | 0000 4c89 | 5424 0848 | c704 24ff 

  0x000002780059e51c: ;   {runtime_call counter_overflow Runtime1 stub}
  0x000002780059e51c: ffff ffe8 

  0x000002780059e520: ; ImmutableOopMap {[208]=Oop [304]=Oop [312]=Oop [320]=Oop }
                      ;*synchronization entry
                      ; - java.lang.StringBuilder::append@-1
                      ; - org.gradle.internal.classloader.TransformingClassLoader::findClass@230 (line 89)
  0x000002780059e520: dc00 0a07 | e9f4 edff 

  0x000002780059e528: ;   {metadata({method} {0x000002780f454f60} 'valueOf' '(Ljava/lang/Object;)Ljava/lang/String;' in 'java/lang/String')}
  0x000002780059e528: ff49 ba58 | 4f45 0f78 | 0200 004c | 8954 2408 | 48c7 0424 | ffff ffff 

  0x000002780059e540: ;   {runtime_call counter_overflow Runtime1 stub}
  0x000002780059e540: e8bb 000a 

  0x000002780059e544: ; ImmutableOopMap {[208]=Oop [304]=Oop [312]=Oop [320]=Oop }
                      ;*synchronization entry
                      ; - java.lang.String::valueOf@-1
                      ; - java.lang.StringBuilder::append@2
                      ; - org.gradle.internal.classloader.TransformingClassLoader::findClass@230 (line 89)
  0x000002780059e544: 07e9 0cee 

  0x000002780059e548: ;   {runtime_call throw_null_pointer_exception Runtime1 stub}
  0x000002780059e548: ffff e8b1 

  0x000002780059e54c: ; ImmutableOopMap {rsi=Oop rax=Oop [200]=Oop [208]=Oop }
                      ;*arraylength {reexecute=0 rethrow=0 return_oop=0}
                      ; - org.gradle.internal.classloader.TransformingClassLoader::findClass@249 (line 93)
                      ;   {internal_word}
  0x000002780059e54c: af09 0749 | ba8c d459 | 0078 0200 | 004d 8997 | 6804 0000 

  0x000002780059e560: ;   {runtime_call SafepointBlob}
  0x000002780059e560: e91b 6ffe 

  0x000002780059e564: ;   {internal_word}
  0x000002780059e564: 0649 badc | d459 0078 | 0200 004d | 8997 6804 

  0x000002780059e574: ;   {runtime_call SafepointBlob}
  0x000002780059e574: 0000 e905 

  0x000002780059e578: ;   {metadata({method} {0x000002780f4617c8} 'append' '(Ljava/lang/String;)Ljava/lang/StringBuilder;' in 'java/lang/StringBuilder')}
  0x000002780059e578: 6ffe 0649 | bac0 1746 | 0f78 0200 | 004c 8954 | 2408 48c7 | 0424 ffff 

  0x000002780059e590: ;   {runtime_call counter_overflow Runtime1 stub}
  0x000002780059e590: ffff e869 

  0x000002780059e594: ; ImmutableOopMap {rax=Oop [304]=Oop [312]=Oop [320]=Oop }
                      ;*synchronization entry
                      ; - java.lang.StringBuilder::append@-1
                      ; - java.lang.StringBuilder::append@5
                      ; - org.gradle.internal.classloader.TransformingClassLoader::findClass@230 (line 89)
  0x000002780059e594: 000a 07e9 | 91ef ffff 

  0x000002780059e59c: ;   {metadata({method} {0x000002780f008958} 'toString' '()Ljava/lang/String;' in 'java/lang/StringBuilder')}
  0x000002780059e59c: 49ba 5089 | 000f 7802 | 0000 4c89 | 5424 0848 | c704 24ff 

  0x000002780059e5b0: ;   {runtime_call counter_overflow Runtime1 stub}
  0x000002780059e5b0: ffff ffe8 

  0x000002780059e5b4: ; ImmutableOopMap {r8=Oop [304]=Oop [320]=Oop }
                      ;*synchronization entry
                      ; - java.lang.StringBuilder::toString@-1
                      ; - org.gradle.internal.classloader.TransformingClassLoader::findClass@233 (line 89)
  0x000002780059e5b4: 4800 0a07 | e9eb efff | ff48 8bd2 

  0x000002780059e5c0: ;   {runtime_call fast_new_instance Runtime1 stub}
  0x000002780059e5c0: e83b b809 

  0x000002780059e5c4: ; ImmutableOopMap {r8=Oop [304]=Oop [320]=Oop }
                      ;*new {reexecute=0 rethrow=0 return_oop=0}
                      ; - java.lang.StringBuilder::toString@0
                      ; - org.gradle.internal.classloader.TransformingClassLoader::findClass@233 (line 89)
  0x000002780059e5c4: 07e9 2ef0 

  0x000002780059e5c8: ;   {metadata({method} {0x000002780f455ab8} '<init>' '(Ljava/lang/StringBuilder;)V' in 'java/lang/String')}
  0x000002780059e5c8: ffff 49ba | b05a 450f | 7802 0000 | 4c89 5424 | 0848 c704 | 24ff ffff 

  0x000002780059e5e0: ;   {runtime_call counter_overflow Runtime1 stub}
  0x000002780059e5e0: ffe8 1a00 

  0x000002780059e5e4: ; ImmutableOopMap {r8=Oop rax=Oop [304]=Oop [320]=Oop }
                      ;*synchronization entry
                      ; - java.lang.String::<init>@-1
                      ; - java.lang.StringBuilder::toString@5
                      ; - org.gradle.internal.classloader.TransformingClassLoader::findClass@233 (line 89)
  0x000002780059e5e4: 0a07 e94b 

  0x000002780059e5e8: ;   {metadata(nullptr)}
  0x000002780059e5e8: f0ff ff48 | ba00 0000 | 0000 0000 | 00b8 000f 

  0x000002780059e5f8: ;   {runtime_call load_klass_patching Runtime1 stub}
  0x000002780059e5f8: 050a e881 

  0x000002780059e5fc: ; ImmutableOopMap {[200]=Oop }
                      ;*new {reexecute=1 rethrow=0 return_oop=0}
                      ; - (reexecute) org.gradle.internal.classloader.TransformingClassLoader::findClass@145 (line 75)
  0x000002780059e5fc: ef09 07e9 | c4f0 ffff 

  0x000002780059e604: ;   {runtime_call fast_new_instance Runtime1 stub}
  0x000002780059e604: 488b d2e8 

  0x000002780059e608: ; ImmutableOopMap {[200]=Oop }
                      ;*new {reexecute=0 rethrow=0 return_oop=0}
                      ; - org.gradle.internal.classloader.TransformingClassLoader::findClass@145 (line 75)
  0x000002780059e608: f4b7 0907 | e90f f1ff 

  0x000002780059e610: ;   {runtime_call throw_null_pointer_exception Runtime1 stub}
  0x000002780059e610: ffe8 eaae 

  0x000002780059e614: ; ImmutableOopMap {rsi=Oop [200]=Oop [208]=Oop [224]=Oop [232]=Oop [344]=Oop }
                      ;*invokevirtual close {reexecute=0 rethrow=0 return_oop=0}
                      ; - org.gradle.internal.classloader.TransformingClassLoader::loadBytecode@19 (line 111)
                      ; - org.gradle.internal.classloader.TransformingClassLoader::findClass@53 (line 62)
                      ;   {metadata(nullptr)}
  0x000002780059e614: 0907 48ba | 0000 0000 | 0000 0000 | b800 0f05 

  0x000002780059e624: ;   {runtime_call load_klass_patching Runtime1 stub}
  0x000002780059e624: 0ae8 56ef 

  0x000002780059e628: ; ImmutableOopMap {r9=Oop r8=Oop rax=Oop [200]=Oop [376]=Oop }
                      ;*new {reexecute=1 rethrow=0 return_oop=0}
                      ; - (reexecute) org.gradle.internal.classloader.TransformingClassLoader::findClass@113 (line 71)
  0x000002780059e628: 0907 e951 

  0x000002780059e62c: ;   {runtime_call throw_null_pointer_exception Runtime1 stub}
  0x000002780059e62c: f2ff ffe8 

  0x000002780059e630: ; ImmutableOopMap {r9=Oop r8=Oop [200]=Oop [376]=Oop }
                      ;*new {reexecute=0 rethrow=0 return_oop=0}
                      ; - org.gradle.internal.classloader.TransformingClassLoader::findClass@113 (line 71)
  0x000002780059e630: ccae 0907 

  0x000002780059e634: ;   {runtime_call fast_new_instance_init_check Runtime1 stub}
  0x000002780059e634: 488b d2e8 

  0x000002780059e638: ; ImmutableOopMap {r9=Oop r8=Oop [200]=Oop [376]=Oop }
                      ;*new {reexecute=0 rethrow=0 return_oop=0}
                      ; - org.gradle.internal.classloader.TransformingClassLoader::findClass@113 (line 71)
  0x000002780059e638: c4ba 0907 | e9a4 f2ff 

  0x000002780059e640: ;   {runtime_call new_object_array Runtime1 stub}
  0x000002780059e640: ffe8 bac0 

  0x000002780059e644: ; ImmutableOopMap {r9=Oop r8=Oop [200]=Oop [368]=Oop [376]=Oop }
                      ;*anewarray {reexecute=0 rethrow=0 return_oop=0}
                      ; - org.gradle.internal.classloader.TransformingClassLoader::findClass@120 (line 71)
  0x000002780059e644: 0907 e930 

  0x000002780059e648: ;   {runtime_call throw_null_pointer_exception Runtime1 stub}
  0x000002780059e648: f3ff ffe8 

  0x000002780059e64c: ; ImmutableOopMap {r9=Oop r8=Oop rax=Oop [200]=Oop [368]=Oop [376]=Oop }
                      ;*aastore {reexecute=1 rethrow=0 return_oop=0}
                      ; - (reexecute) org.gradle.internal.classloader.TransformingClassLoader::findClass@126 (line 71)
  0x000002780059e64c: b0ae 0907 | 4c89 0424 

  0x000002780059e654: ;   {runtime_call throw_array_store_exception Runtime1 stub}
  0x000002780059e654: e8a7 cf09 

  0x000002780059e658: ; ImmutableOopMap {r9=Oop r8=Oop rax=Oop [200]=Oop [368]=Oop [376]=Oop }
                      ;*aastore {reexecute=1 rethrow=0 return_oop=0}
                      ; - (reexecute) org.gradle.internal.classloader.TransformingClassLoader::findClass@126 (line 71)
  0x000002780059e658: 078b 3248 | 83fe 000f | 843c f4ff | ff48 8934 

  0x000002780059e668: ;   {runtime_call g1_pre_barrier_slow}
  0x000002780059e668: 24e8 9205 | 0a07 e92e | f4ff ff49 | 83f8 000f | 843e f4ff | ff48 8914 

  0x000002780059e680: ;   {runtime_call g1_post_barrier_slow}
  0x000002780059e680: 24e8 7a08 | 0a07 e930 

  0x000002780059e688: ;   {runtime_call throw_null_pointer_exception Runtime1 stub}
  0x000002780059e688: f4ff ffe8 

  0x000002780059e68c: ; ImmutableOopMap {r9=Oop rax=Oop [368]=Oop [376]=Oop }
                      ;*aastore {reexecute=1 rethrow=0 return_oop=0}
                      ; - (reexecute) org.gradle.internal.classloader.TransformingClassLoader::findClass@130 (line 71)
  0x000002780059e68c: 70ae 0907 | 4c89 0c24 

  0x000002780059e694: ;   {runtime_call throw_array_store_exception Runtime1 stub}
  0x000002780059e694: e867 cf09 

  0x000002780059e698: ; ImmutableOopMap {r9=Oop rax=Oop [368]=Oop [376]=Oop }
                      ;*aastore {reexecute=1 rethrow=0 return_oop=0}
                      ; - (reexecute) org.gradle.internal.classloader.TransformingClassLoader::findClass@130 (line 71)
  0x000002780059e698: 078b 3248 | 83fe 000f | 843c f5ff | ff48 8934 

  0x000002780059e6a8: ;   {runtime_call g1_pre_barrier_slow}
  0x000002780059e6a8: 24e8 5205 | 0a07 e92e | f5ff ff49 | 83f9 000f | 843e f5ff | ff48 8914 

  0x000002780059e6c0: ;   {runtime_call g1_post_barrier_slow}
  0x000002780059e6c0: 24e8 3a08 | 0a07 e930 

  0x000002780059e6c8: ;   {metadata({method} {0x000002780f452e08} 'format' '(Ljava/lang/String;[Ljava/lang/Object;)Ljava/lang/String;' in 'java/lang/String')}
  0x000002780059e6c8: f5ff ff49 | ba00 2e45 | 0f78 0200 | 004c 8954 | 2408 48c7 | 0424 ffff 

  0x000002780059e6e0: ;   {runtime_call counter_overflow Runtime1 stub}
  0x000002780059e6e0: ffff e819 

  0x000002780059e6e4: ; ImmutableOopMap {rax=Oop [368]=Oop [376]=Oop }
                      ;*synchronization entry
                      ; - java.lang.String::format@-1
                      ; - org.gradle.internal.classloader.TransformingClassLoader::findClass@131 (line 71)
  0x000002780059e6e4: ff09 07e9 | 48f5 ffff 

  0x000002780059e6ec: ;   {runtime_call fast_new_instance Runtime1 stub}
  0x000002780059e6ec: 488b d2e8 

  0x000002780059e6f0: ; ImmutableOopMap {[360]=Oop [368]=Oop [376]=Oop }
                      ;*new {reexecute=0 rethrow=0 return_oop=0}
                      ; - java.lang.String::format@0
                      ; - org.gradle.internal.classloader.TransformingClassLoader::findClass@131 (line 71)
  0x000002780059e6f0: 0cb7 0907 | e993 f5ff 

  0x000002780059e6f8: ;   {metadata({method} {0x000002780f0e53c8} '<init>' '()V' in 'java/util/Formatter')}
  0x000002780059e6f8: ff49 bac0 | 530e 0f78 | 0200 004c | 8954 2408 | 48c7 0424 | ffff ffff 

  0x000002780059e710: ;   {runtime_call counter_overflow Runtime1 stub}
  0x000002780059e710: e8eb fe09 

  0x000002780059e714: ; ImmutableOopMap {rax=Oop [360]=Oop [368]=Oop [376]=Oop }
                      ;*synchronization entry
                      ; - java.util.Formatter::<init>@-1
                      ; - java.lang.String::format@4
                      ; - org.gradle.internal.classloader.TransformingClassLoader::findClass@131 (line 71)
  0x000002780059e714: 07e9 aef5 | ffff 488b 

  0x000002780059e71c: ;   {runtime_call fast_new_instance Runtime1 stub}
  0x000002780059e71c: d2e8 deb6 

  0x000002780059e720: ; ImmutableOopMap {[352]=Oop [360]=Oop [368]=Oop [376]=Oop [392]=Oop }
                      ;*new {reexecute=0 rethrow=0 return_oop=0}
                      ; - java.util.Formatter::<init>@7
                      ; - java.lang.String::format@4
                      ; - org.gradle.internal.classloader.TransformingClassLoader::findClass@131 (line 71)
  0x000002780059e720: 0907 e92d 

  0x000002780059e724: ;   {metadata({method} {0x000002780f4619d8} '<init>' '()V' in 'java/lang/StringBuilder')}
  0x000002780059e724: f6ff ff49 | bad0 1946 | 0f78 0200 | 004c 8954 | 2408 48c7 | 0424 ffff 

  0x000002780059e73c: ;   {runtime_call counter_overflow Runtime1 stub}
  0x000002780059e73c: ffff e8bd 

  0x000002780059e740: ; ImmutableOopMap {rax=Oop [352]=Oop [360]=Oop [368]=Oop [376]=Oop [392]=Oop }
                      ;*synchronization entry
                      ; - java.lang.StringBuilder::<init>@-1
                      ; - java.util.Formatter::<init>@11
                      ; - java.lang.String::format@4
                      ; - org.gradle.internal.classloader.TransformingClassLoader::findClass@131 (line 71)
  0x000002780059e740: fe09 07e9 | 4af6 ffff 

  0x000002780059e748: ;   {metadata({method} {0x000002780f0e5478} '<init>' '(Ljava/util/Locale;Ljava/lang/Appendable;)V' in 'java/util/Formatter')}
  0x000002780059e748: 49ba 7054 | 0e0f 7802 | 0000 4c89 | 5424 0848 | c704 24ff 

  0x000002780059e75c: ;   {runtime_call counter_overflow Runtime1 stub}
  0x000002780059e75c: ffff ffe8 

  0x000002780059e760: ; ImmutableOopMap {[352]=Oop [360]=Oop [368]=Oop [376]=Oop [384]=Oop [392]=Oop }
                      ;*synchronization entry
                      ; - java.util.Formatter::<init>@-1
                      ; - java.util.Formatter::<init>@14
                      ; - java.lang.String::format@4
                      ; - org.gradle.internal.classloader.TransformingClassLoader::findClass@131 (line 71)
  0x000002780059e760: 9cfe 0907 | e9a9 f6ff 

  0x000002780059e768: ;   {metadata({method} {0x000002780f474aa8} '<init>' '()V' in 'java/lang/Object')}
  0x000002780059e768: ff49 baa0 | 4a47 0f78 | 0200 004c | 8954 2408 | 48c7 0424 | ffff ffff 

  0x000002780059e780: ;   {runtime_call counter_overflow Runtime1 stub}
  0x000002780059e780: e87b fe09 

  0x000002780059e784: ; ImmutableOopMap {[352]=Oop [360]=Oop [368]=Oop [376]=Oop [384]=Oop [392]=Oop }
                      ;*synchronization entry
                      ; - java.lang.Object::<init>@-1
                      ; - java.util.Formatter::<init>@1
                      ; - java.util.Formatter::<init>@14
                      ; - java.lang.String::format@4
                      ; - org.gradle.internal.classloader.TransformingClassLoader::findClass@131 (line 71)
  0x000002780059e784: 07e9 cef6 | ffff 448b | 400c 4983 | f800 0f84 | d6f6 ffff | 4c89 0424 

  0x000002780059e79c: ;   {runtime_call g1_pre_barrier_slow}
  0x000002780059e79c: e85f 040a | 07e9 c8f6 | ffff 4983 | f800 0f84 | e1f6 ffff | 4889 0424 

  0x000002780059e7b4: ;   {runtime_call g1_post_barrier_slow}
  0x000002780059e7b4: e847 070a | 07e9 d3f6 | ffff 448b | 4010 4983 | f800 0f84 | d3f6 ffff | 4c89 0424 

  0x000002780059e7d0: ;   {runtime_call g1_pre_barrier_slow}
  0x000002780059e7d0: e82b 040a | 07e9 c5f6 | ffff 4983 | f800 0f84 | def6 ffff | 4889 0424 

  0x000002780059e7e8: ;   {runtime_call g1_post_barrier_slow}
  0x000002780059e7e8: e813 070a | 07e9 d0f6 

  0x000002780059e7f0: ;   {metadata({method} {0x000002780f0e55d8} 'format' '(Ljava/lang/String;[Ljava/lang/Object;)Ljava/util/Formatter;' in 'java/util/Formatter')}
  0x000002780059e7f0: ffff 49ba | d055 0e0f | 7802 0000 | 4c89 5424 | 0848 c704 | 24ff ffff 

  0x000002780059e808: ;   {runtime_call counter_overflow Runtime1 stub}
  0x000002780059e808: ffe8 f2fd 

  0x000002780059e80c: ; ImmutableOopMap {rax=Oop r8=Oop [360]=Oop [368]=Oop [376]=Oop }
                      ;*synchronization entry
                      ; - java.util.Formatter::format@-1
                      ; - java.lang.String::format@9
                      ; - org.gradle.internal.classloader.TransformingClassLoader::findClass@131 (line 71)
  0x000002780059e80c: 0907 e9ed 

  0x000002780059e810: ;   {runtime_call throw_null_pointer_exception Runtime1 stub}
  0x000002780059e810: f6ff ffe8 

  0x000002780059e814: ; ImmutableOopMap {rax=Oop [368]=Oop [376]=Oop }
                      ;*invokevirtual toString {reexecute=0 rethrow=0 return_oop=0}
                      ; - java.lang.String::format@12
                      ; - org.gradle.internal.classloader.TransformingClassLoader::findClass@131 (line 71)
  0x000002780059e814: e8ac 0907 

  0x000002780059e818: ;   {metadata({method} {0x000002780f0e4348} 'toString' '()Ljava/lang/String;' in 'java/util/Formatter')}
  0x000002780059e818: 49ba 4043 | 0e0f 7802 | 0000 4c89 | 5424 0848 | c704 24ff 

  0x000002780059e82c: ;   {runtime_call counter_overflow Runtime1 stub}
  0x000002780059e82c: ffff ffe8 

  0x000002780059e830: ; ImmutableOopMap {rax=Oop [368]=Oop [376]=Oop }
                      ;*synchronization entry
                      ; - java.util.Formatter::toString@-1
                      ; - java.lang.String::format@12
                      ; - org.gradle.internal.classloader.TransformingClassLoader::findClass@131 (line 71)
  0x000002780059e830: ccfd 0907 | e942 f7ff 

  0x000002780059e838: ;   {metadata({method} {0x000002780f0e57e8} 'ensureOpen' '()V' in 'java/util/Formatter')}
  0x000002780059e838: ff49 bae0 | 570e 0f78 | 0200 004c | 8954 2408 | 48c7 0424 | ffff ffff 

  0x000002780059e850: ;   {runtime_call counter_overflow Runtime1 stub}
  0x000002780059e850: e8ab fd09 

  0x000002780059e854: ; ImmutableOopMap {rax=Oop [368]=Oop [376]=Oop }
                      ;*synchronization entry
                      ; - java.util.Formatter::ensureOpen@-1
                      ; - java.util.Formatter::toString@1
                      ; - java.lang.String::format@12
                      ; - org.gradle.internal.classloader.TransformingClassLoader::findClass@131 (line 71)
  0x000002780059e854: 07e9 5df7 

  0x000002780059e858: ;   {runtime_call throw_null_pointer_exception Runtime1 stub}
  0x000002780059e858: ffff e8a1 

  0x000002780059e85c: ; ImmutableOopMap {rdx=Oop [368]=Oop [376]=Oop }
                      ;*invokeinterface toString {reexecute=0 rethrow=0 return_oop=0}
                      ; - java.util.Formatter::toString@8
                      ; - java.lang.String::format@12
                      ; - org.gradle.internal.classloader.TransformingClassLoader::findClass@131 (line 71)
                      ;   {metadata(nullptr)}
  0x000002780059e85c: ac09 0748 | ba00 0000 | 0000 0000 | 00b8 000f 

  0x000002780059e86c: ;   {runtime_call load_klass_patching Runtime1 stub}
  0x000002780059e86c: 050a e80d 

  0x000002780059e870: ; ImmutableOopMap {[368]=Oop [376]=Oop [408]=Oop }
                      ;*new {reexecute=1 rethrow=0 return_oop=0}
                      ; - (reexecute) java.util.Formatter::ensureOpen@7
                      ; - java.util.Formatter::toString@1
                      ; - java.lang.String::format@12
                      ; - org.gradle.internal.classloader.TransformingClassLoader::findClass@131 (line 71)
  0x000002780059e870: ed09 07e9 | 80f8 ffff 

  0x000002780059e878: ;   {runtime_call new_instance Runtime1 stub}
  0x000002780059e878: 488b d2e8 

  0x000002780059e87c: ; ImmutableOopMap {[368]=Oop [376]=Oop [408]=Oop }
                      ;*new {reexecute=0 rethrow=0 return_oop=0}
                      ; - java.util.Formatter::ensureOpen@7
                      ; - java.util.Formatter::toString@1
                      ; - java.lang.String::format@12
                      ; - org.gradle.internal.classloader.TransformingClassLoader::findClass@131 (line 71)
  0x000002780059e87c: 80b2 0907 | e982 f8ff | ff4c 8b8c | 24e8 0000 | 00e9 c2ef | ffff 4c8b | 8c24 e800 | 0000 e9b5 
  0x000002780059e89c: efff ff48 | 8bb4 24f0 | 0000 00e9 | bdee ffff | 4c8b 8c24 | e800 0000 | e99b efff | ff4c 8b8c 
  0x000002780059e8bc: 24e8 0000 | 00e9 8eef | ffff 4c8b | 8c24 e800 | 0000 e981 | efff ff4c | 8b8c 24e8 | 0000 00e9 
  0x000002780059e8dc: 74ef ffff | 4c8b 8c24 | e800 0000 | e967 efff | ff4c 8b8c | 24e8 0000 | 00e9 5aef | ffff 4c8b 
  0x000002780059e8fc: 8c24 e800 | 0000 e94d | efff ff4c | 8b8c 24e8 | 0000 00e9 | 40ef ffff | 4c8b 8c24 | e800 0000 
  0x000002780059e91c: e933 efff | ff4c 8b8c | 24e8 0000 | 00e9 26ef | ffff 4c8b | 8c24 e800 | 0000 e919 | efff ff4c 
  0x000002780059e93c: 8b8c 24e8 | 0000 00e9 | 0cef ffff | 4c8b c8e9 | 04ef ffff | 4c8b c8e9 | fcee ffff | 4c8b 8c24 
  0x000002780059e95c: e800 0000 | e9ef eeff | ff4c 8b8c | 24e8 0000 | 00e9 e2ee | ffff 4c8b | 8c24 e800 

  0x000002780059e978: ;   {no_reloc}
  0x000002780059e978: 0000 e9d5 | eeff ff4c | 8b8c 24e8 | 0000 00e9 | c8ee ffff | 4c8b 8c24 | e800 0000 | e9bb eeff 
  0x000002780059e998: ff4c 8b8c | 24e8 0000 | 00e9 aeee | ffff 4c8b | 8c24 e800 | 0000 e9a1 | eeff ff4c | 8b8c 24e8 
  0x000002780059e9b8: 0000 00e9 | 94ee ffff | 4c8b 8c24 | e800 0000 | e987 eeff | ff4c 8b8c | 24e8 0000 | 00e9 7aee 
  0x000002780059e9d8: ffff 4c8b | 8c24 e800 | 0000 e96d | eeff ff4c | 8b8c 24e8 | 0000 00e9 | 60ee ffff | 4c8b 8c24 
  0x000002780059e9f8: e800 0000 | e953 eeff | ff4c 8b8c | 24e8 0000 | 00e9 46ee | ffff 4c8b | 8c24 e800 | 0000 e939 
  0x000002780059ea18: eeff ff49 | 8b87 0005 | 0000 49c7 | 8700 0500 | 0000 0000 | 0049 c787 | 0805 0000 | 0000 0000 
  0x000002780059ea38: 4881 c4b0 | 0100 005d 

  0x000002780059ea40: ;   {runtime_call unwind_exception Runtime1 stub}
  0x000002780059ea40: e9bb 9b09 | 07f4 f4f4 
[Stub Code]
  0x000002780059ea48: ;   {no_reloc}
  0x000002780059ea48: 0f1f 4400 

  0x000002780059ea4c: ;   {static_stub}
  0x000002780059ea4c: 0048 bb00 | 0000 0000 

  0x000002780059ea54: ;   {runtime_call nmethod}
  0x000002780059ea54: 0000 00e9 | fbff ffff 

  0x000002780059ea5c: ;   {static_stub}
  0x000002780059ea5c: 9048 bb00 | 0000 0000 

  0x000002780059ea64: ;   {runtime_call nmethod}
  0x000002780059ea64: 0000 00e9 | fbff ffff 

  0x000002780059ea6c: ;   {static_stub}
  0x000002780059ea6c: 9048 bb00 | 0000 0000 

  0x000002780059ea74: ;   {runtime_call nmethod}
  0x000002780059ea74: 0000 00e9 | fbff ffff 

  0x000002780059ea7c: ;   {static_stub}
  0x000002780059ea7c: 9048 bbf8 | d805 2478 

  0x000002780059ea84: ;   {runtime_call I2C/C2I adapters}
  0x000002780059ea84: 0200 00e9 | 5b55 fe06 

  0x000002780059ea8c: ;   {static_stub}
  0x000002780059ea8c: 9048 bb00 | 0000 0000 

  0x000002780059ea94: ;   {runtime_call nmethod}
  0x000002780059ea94: 0000 00e9 | fbff ffff 

  0x000002780059ea9c: ;   {static_stub}
  0x000002780059ea9c: 9048 bb00 | 0000 0000 

  0x000002780059eaa4: ;   {runtime_call nmethod}
  0x000002780059eaa4: 0000 00e9 | fbff ffff 

  0x000002780059eaac: ;   {static_stub}
  0x000002780059eaac: 9048 bb48 | 2e75 2578 

  0x000002780059eab4: ;   {runtime_call I2C/C2I adapters}
  0x000002780059eab4: 0200 00e9 | a749 fe06 

  0x000002780059eabc: ;   {static_stub}
  0x000002780059eabc: 9048 bb00 | 0000 0000 

  0x000002780059eac4: ;   {runtime_call nmethod}
  0x000002780059eac4: 0000 00e9 | fbff ffff 

  0x000002780059eacc: ;   {static_stub}
  0x000002780059eacc: 9048 bb90 | 045e 2478 

  0x000002780059ead4: ;   {runtime_call I2C/C2I adapters}
  0x000002780059ead4: 0200 00e9 | 8fc3 fd06 

  0x000002780059eadc: ;   {static_stub}
  0x000002780059eadc: 9048 bb00 | 0000 0000 

  0x000002780059eae4: ;   {runtime_call nmethod}
  0x000002780059eae4: 0000 00e9 | fbff ffff 

  0x000002780059eaec: ;   {static_stub}
  0x000002780059eaec: 9048 bb00 | 0000 0000 

  0x000002780059eaf4: ;   {runtime_call nmethod}
  0x000002780059eaf4: 0000 00e9 | fbff ffff 

  0x000002780059eafc: ;   {static_stub}
  0x000002780059eafc: 9048 bb00 | 0000 0000 

  0x000002780059eb04: ;   {runtime_call nmethod}
  0x000002780059eb04: 0000 00e9 | fbff ffff 

  0x000002780059eb0c: ;   {static_stub}
  0x000002780059eb0c: 9048 bb00 | 0000 0000 

  0x000002780059eb14: ;   {runtime_call nmethod}
  0x000002780059eb14: 0000 00e9 | fbff ffff 

  0x000002780059eb1c: ;   {static_stub}
  0x000002780059eb1c: 9048 bb00 | 0000 0000 

  0x000002780059eb24: ;   {runtime_call nmethod}
  0x000002780059eb24: 0000 00e9 | fbff ffff 

  0x000002780059eb2c: ;   {static_stub}
  0x000002780059eb2c: 9048 bb00 | 0000 0000 

  0x000002780059eb34: ;   {runtime_call nmethod}
  0x000002780059eb34: 0000 00e9 | fbff ffff 

  0x000002780059eb3c: ;   {static_stub}
  0x000002780059eb3c: 9048 bb00 | 0000 0000 

  0x000002780059eb44: ;   {runtime_call nmethod}
  0x000002780059eb44: 0000 00e9 | fbff ffff 

  0x000002780059eb4c: ;   {static_stub}
  0x000002780059eb4c: 9048 bb00 | 0000 0000 

  0x000002780059eb54: ;   {runtime_call nmethod}
  0x000002780059eb54: 0000 00e9 | fbff ffff 

  0x000002780059eb5c: ;   {static_stub}
  0x000002780059eb5c: 9048 bb00 | 0000 0000 

  0x000002780059eb64: ;   {runtime_call nmethod}
  0x000002780059eb64: 0000 00e9 | fbff ffff 

  0x000002780059eb6c: ;   {static_stub}
  0x000002780059eb6c: 9048 bb00 | 0000 0000 

  0x000002780059eb74: ;   {runtime_call nmethod}
  0x000002780059eb74: 0000 00e9 | fbff ffff 

  0x000002780059eb7c: ;   {static_stub}
  0x000002780059eb7c: 9048 bb00 | 0000 0000 

  0x000002780059eb84: ;   {runtime_call nmethod}
  0x000002780059eb84: 0000 00e9 | fbff ffff 

  0x000002780059eb8c: ;   {static_stub}
  0x000002780059eb8c: 9048 bb00 | 0000 0000 

  0x000002780059eb94: ;   {runtime_call nmethod}
  0x000002780059eb94: 0000 00e9 | fbff ffff 

  0x000002780059eb9c: ;   {static_stub}
  0x000002780059eb9c: 9048 bb00 | 0000 0000 

  0x000002780059eba4: ;   {runtime_call nmethod}
  0x000002780059eba4: 0000 00e9 | fbff ffff 

  0x000002780059ebac: ;   {static_stub}
  0x000002780059ebac: 9048 bb00 | 0000 0000 

  0x000002780059ebb4: ;   {runtime_call nmethod}
  0x000002780059ebb4: 0000 00e9 | fbff ffff 

  0x000002780059ebbc: ;   {static_stub}
  0x000002780059ebbc: 9048 bb00 | 0000 0000 

  0x000002780059ebc4: ;   {runtime_call nmethod}
  0x000002780059ebc4: 0000 00e9 | fbff ffff 

  0x000002780059ebcc: ;   {static_stub}
  0x000002780059ebcc: 9048 bb00 | 0000 0000 

  0x000002780059ebd4: ;   {runtime_call nmethod}
  0x000002780059ebd4: 0000 00e9 | fbff ffff 

  0x000002780059ebdc: ;   {static_stub}
  0x000002780059ebdc: 9048 bb00 | 0000 0000 

  0x000002780059ebe4: ;   {runtime_call nmethod}
  0x000002780059ebe4: 0000 00e9 | fbff ffff 

  0x000002780059ebec: ;   {static_stub}
  0x000002780059ebec: 48bb 0000 | 0000 0000 

  0x000002780059ebf4: ;   {runtime_call nmethod}
  0x000002780059ebf4: 0000 e9fb 

  0x000002780059ebf8: ;   {static_stub}
  0x000002780059ebf8: ffff ff48 | bb00 0000 | 0000 0000 

  0x000002780059ec04: ;   {runtime_call nmethod}
  0x000002780059ec04: 00e9 fbff 

  0x000002780059ec08: ;   {static_stub}
  0x000002780059ec08: ffff 48bb | 0000 0000 | 0000 0000 

  0x000002780059ec14: ;   {runtime_call nmethod}
  0x000002780059ec14: e9fb ffff 

  0x000002780059ec18: ;   {static_stub}
  0x000002780059ec18: ff48 bb00 | 0000 0000 

  0x000002780059ec20: ;   {runtime_call nmethod}
  0x000002780059ec20: 0000 00e9 | fbff ffff 

  0x000002780059ec28: ;   {static_stub}
  0x000002780059ec28: 48bb 0000 | 0000 0000 

  0x000002780059ec30: ;   {runtime_call nmethod}
  0x000002780059ec30: 0000 e9fb 

  0x000002780059ec34: ;   {static_stub}
  0x000002780059ec34: ffff ff48 | bb00 0000 | 0000 0000 

  0x000002780059ec40: ;   {runtime_call nmethod}
  0x000002780059ec40: 00e9 fbff 

  0x000002780059ec44: ;   {static_stub}
  0x000002780059ec44: ffff 48bb | 0000 0000 | 0000 0000 

  0x000002780059ec50: ;   {runtime_call nmethod}
  0x000002780059ec50: e9fb ffff 

  0x000002780059ec54: ;   {static_stub}
  0x000002780059ec54: ff48 bb00 | 0000 0000 

  0x000002780059ec5c: ;   {runtime_call nmethod}
  0x000002780059ec5c: 0000 00e9 | fbff ffff 

  0x000002780059ec64: ;   {static_stub}
  0x000002780059ec64: 48bb 0000 | 0000 0000 

  0x000002780059ec6c: ;   {runtime_call nmethod}
  0x000002780059ec6c: 0000 e9fb 

  0x000002780059ec70: ;   {static_stub}
  0x000002780059ec70: ffff ff48 | bb00 0000 | 0000 0000 

  0x000002780059ec7c: ;   {runtime_call nmethod}
  0x000002780059ec7c: 00e9 fbff 

  0x000002780059ec80: ;   {static_stub}
  0x000002780059ec80: ffff 48bb | 0000 0000 | 0000 0000 

  0x000002780059ec8c: ;   {runtime_call nmethod}
  0x000002780059ec8c: e9fb ffff 

  0x000002780059ec90: ;   {static_stub}
  0x000002780059ec90: ff48 bb00 | 0000 0000 

  0x000002780059ec98: ;   {runtime_call nmethod}
  0x000002780059ec98: 0000 00e9 | fbff ffff 

  0x000002780059eca0: ;   {static_stub}
  0x000002780059eca0: 48bb 0000 | 0000 0000 

  0x000002780059eca8: ;   {runtime_call nmethod}
  0x000002780059eca8: 0000 e9fb 

  0x000002780059ecac: ;   {runtime_call handle_exception_from_callee Runtime1 stub}
  0x000002780059ecac: ffff ffe8 | 4cc6 0907 

  0x000002780059ecb4: ;   {external_word}
  0x000002780059ecb4: 48b9 5063 | 8330 fb7f | 0000 4883 

  0x000002780059ecc0: ;   {runtime_call}
  0x000002780059ecc0: e4f0 48b8 | c0c9 4530 | fb7f 0000 

  0x000002780059eccc: ;   {section_word}
  0x000002780059eccc: ffd0 f449 | bacf ec59 | 0078 0200 

  0x000002780059ecd8: ;   {runtime_call DeoptimizationBlob}
  0x000002780059ecd8: 0041 52e9 | 405a fe06 
[/MachCode]


Compiled method (c2) 18740 2686   !   4       java.lang.ClassLoader::loadClass (121 bytes)
 total in heap  [0x0000027807c05590,0x0000027807c17908] = 74616
 relocation     [0x0000027807c056f0,0x0000027807c05fe0] = 2288
 constants      [0x0000027807c05fe0,0x0000027807c06000] = 32
 main code      [0x0000027807c06000,0x0000027807c10838] = 43064
 stub code      [0x0000027807c10838,0x0000027807c10b20] = 744
 oops           [0x0000027807c10b20,0x0000027807c10b68] = 72
 metadata       [0x0000027807c10b68,0x0000027807c10f90] = 1064
 scopes data    [0x0000027807c10f90,0x0000027807c15b60] = 19408
 scopes pcs     [0x0000027807c15b60,0x0000027807c16ce0] = 4480
 dependencies   [0x0000027807c16ce0,0x0000027807c16d78] = 152
 handler table  [0x0000027807c16d78,0x0000027807c17810] = 2712
 nul chk table  [0x0000027807c17810,0x0000027807c17908] = 248


[Constant Pool]
             Address          hex4                    hex8      
  0x0000027807c05fe0:   0x3f400000      0xf4f4f4f43f400000      
  0x0000027807c05fe4:   0xf4f4f4f4                              
  0x0000027807c05fe8:   0xf4f4f4f4      0xf4f4f4f4f4f4f4f4      
  0x0000027807c05fec:   0xf4f4f4f4                              
  0x0000027807c05ff0:   0xf4f4f4f4      0xf4f4f4f4f4f4f4f4      
  0x0000027807c05ff4:   0xf4f4f4f4                              
  0x0000027807c05ff8:   0xf4f4f4f4      0xf4f4f4f4f4f4f4f4      
  0x0000027807c05ffc:   0xf4f4f4f4                              

[MachCode]
[Entry Point]
  # {method} {0x000002780f014398} 'loadClass' '(Ljava/lang/String;Z)Ljava/lang/Class;' in 'java/lang/ClassLoader'
  # this:     rdx:rdx   = 'java/lang/ClassLoader'
  # parm0:    r8:r8     = 'java/lang/String'
  # parm1:    r9        = boolean
  #           [sp+0x160]  (sp of caller)
  0x0000027807c06000: ;   {no_reloc}
  0x0000027807c06000: 448b 5208 | 49bb 0000 | 000f 7802 | 0000 4d03 | d349 3bc2 

  0x0000027807c06014: ;   {runtime_call ic_miss_stub}
  0x0000027807c06014: 0f85 6687 | 97ff 6690 | 0f1f 4000 
[Verified Entry Point]
  0x0000027807c06020: 8984 2400 | 80ff ff55 | 4881 ec50 | 0100 0090 | 4181 7f20 | 0300 0000 | 0f85 f0a7 | 0000 4489 
  0x0000027807c06040: 4c24 304c | 8984 24b8 | 0000 0048 | 8954 2448 | 448b 5a28 | 4585 db0f | 846f 5300 | 0049 8b87 
  0x0000027807c06060: b801 0000 | 4c8b d049 | 83c2 104d | 3b97 c801 | 0000 0f83 | 0040 0000 | 4d89 97b8 | 0100 0041 
  0x0000027807c06080: 0f0d 8ac0 | 0000 0048 | c700 0100 

  0x0000027807c0608c: ;   {metadata('java/lang/Object')}
  0x0000027807c0608c: 0000 c740 | 0890 0e00 | 0044 8960 | 0c44 895c | 242c 488b | e844 8b54 | 242c 498b | d24c 8b84 
  0x0000027807c060ac: 24b8 0000 | 004c 8bcd | bf01 0000 | 0066 6690 

  0x0000027807c060bc: ;   {optimized virtual_call}
  0x0000027807c060bc: c5f8 77e8 

  0x0000027807c060c0: ; ImmutableOopMap {rbp=Oop [72]=Oop [184]=Oop }
                      ;*invokevirtual putVal {reexecute=0 rethrow=0 return_oop=1}
                      ; - java.util.concurrent.ConcurrentHashMap::putIfAbsent@4
                      ; - java.lang.ClassLoader::getClassLoadingLock@23
                      ; - java.lang.ClassLoader::loadClass@2
  0x0000027807c060c0: dc47 feff 

  0x0000027807c060c4: ;   {other}
  0x0000027807c060c4: 0f1f 8400 | 340b 0000 | 4885 c00f | 8529 3500 | 0048 896c | 2450 488d | 9c24 3001 | 0000 4c8b 
  0x0000027807c060e4: 5c24 5049 | 8b03 a802 | 0f85 2300 | 0000 4883 | c801 4889 | 03f0 490f | b11b 0f84 | 3700 0000 
  0x0000027807c06104: 482b c448 | 2507 f0ff | ff48 8903 | e924 0000 | 004c 8bd0 | 4833 c0f0 | 4d0f b17a | 3e48 c703 
  0x0000027807c06124: 0300 0000 | 7411 4c3b | f875 1549 | ff82 8600 | 0000 4833 | c075 0949 | ff87 5005 | 0000 33c0 
  0x0000027807c06144: 0f85 5f50 | 0000 4c8b | 9424 b800 | 0000 458b | 5214 458b | 420c 4585 | c00f 866e | 5000 004c 
  0x0000027807c06164: 8b9c 24b8 | 0000 0045 | 0fbe 5b10 | 4585 db0f | 85e3 5100 | 00c4 c222 | f7d0 413b | d041 0f4f 
  0x0000027807c06184: d04d 8bda | 4d8d 5a10 | 85d2 0f8e | cd00 0000 | 443b c20f | 8267 5000 | 0049 8bfb | b82f 0000 
  0x0000027807c061a4: 0048 8bdf | 83fa 100f | 8c79 0000 | 0083 fa20 | 0f8c 3600 | 0000 c5f9 | 6ec0 c4e2 

  0x0000027807c061c0: ;   {no_reloc}
  0x0000027807c061c0: 7d78 c0c5 | edef d28b | ca83 e1e0 | 83e2 1fc5 | fe6f 0bc5 | f574 c8c4 | e27d 17d1 | 0f83 6900 
  0x0000027807c061e0: 0000 4883 | c320 83e9 | 2075 e4e9 | 0d00 0000 | c5f9 6ec0 | c5e9 efd2 | c4e2 7900 | c283 fa10 
  0x0000027807c06200: 0f8c 2400 | 0000 8bca | 83e1 f083 | e20f c5fa | 6f0b c5f1 | 74c8 c4e2 | 7917 d10f | 832a 0000 
  0x0000027807c06220: 0048 83c3 | 1083 e910 | 75e4 85d2 | 0f84 1200 | 0000 0fb6 | 0b3b c174 | 1c48 83c3 | 0183 ea01 
  0x0000027807c06240: 7402 ebee | bbff ffff | ffeb 0dc5 | fdd7 c90f | bcc1 4803 | d848 2bdf | 83fb ff0f | 8533 5100 
  0x0000027807c06260: 0045 0fb6 | 1b41 83fb | 5b0f 8481 | 5100 0048 | 8b54 2448 | 4c8b 8424 | b800 0000 

  0x0000027807c0627c: ;   {optimized virtual_call}
  0x0000027807c0627c: c5f8 77e8 

  0x0000027807c06280: ; ImmutableOopMap {[72]=Oop [80]=Oop [184]=Oop }
                      ;*invokevirtual findLoadedClass0 {reexecute=0 rethrow=0 return_oop=1}
                      ; - java.lang.ClassLoader::findLoadedClass@11
                      ; - java.lang.ClassLoader::loadClass@10
  0x0000027807c06280: 5c60 eeff 

  0x0000027807c06284: ;   {other}
  0x0000027807c06284: 0f1f 8400 | f40c 0001 | 488b d848 | 85c0 0f85 | 292f 0000 | c5f8 7749 | bad0 3050 | 30fb 7f00 
  0x0000027807c062a4: 0041 ffd2 

  0x0000027807c062a8: ;   {other}
  0x0000027807c062a8: 0f1f 8400 | 0000 0000 | 4889 4424 | 404c 8b54 | 2448 458b | 4218 458b | 4808 4d8b 

  0x0000027807c062c4: ;   {metadata('org/gradle/internal/classloader/VisitableURLClassLoader')}
  0x0000027807c062c4: d041 81f9 | 083a 0001 | 0f84 c003 

  0x0000027807c062d0: ;   {metadata('jdk/internal/loader/ClassLoaders$PlatformClassLoader')}
  0x0000027807c062d0: 0000 4181 | f9f8 8206 | 000f 8515 | 5200 0041 | 8b6a 2885 | ed0f 8425 | 6000 0049 | 8b87 b801 
  0x0000027807c062f0: 0000 4c8b | d849 83c3 | 104d 3b9f | c801 0000 | 0f83 1e3e | 0000 4d89 | 9fb8 0100 | 0041 0f0d 
  0x0000027807c06310: 8bc0 0000 | 0048 c700 | 0100 0000 

  0x0000027807c0631c: ;   {metadata('java/lang/Object')}
  0x0000027807c0631c: c740 0890 | 0e00 0044 | 8960 0c4c | 8954 2478 | 4889 4424 | 2048 8bd5 | 4c8b 8424 | b800 0000 
  0x0000027807c0633c: 4c8b c8bf | 0100 0000 | 498b e890 

  0x0000027807c06348: ;   {optimized virtual_call}
  0x0000027807c06348: c5f8 77e8 

  0x0000027807c0634c: ; ImmutableOopMap {rbp=Oop [32]=Oop [72]=Oop [80]=Oop [120]=Oop [184]=Oop }
                      ;*invokevirtual putVal {reexecute=0 rethrow=0 return_oop=1}
                      ; - java.util.concurrent.ConcurrentHashMap::putIfAbsent@4
                      ; - java.lang.ClassLoader::getClassLoadingLock@23
                      ; - jdk.internal.loader.BuiltinClassLoader::loadClassOrNull@2
                      ; - jdk.internal.loader.BuiltinClassLoader::loadClass@3
                      ; - java.lang.ClassLoader::loadClass@38
  0x0000027807c0634c: 5045 feff 

  0x0000027807c06350: ;   {other}
  0x0000027807c06350: 0f1f 8400 | c00d 0002 | 4885 c00f | 854b 3500 | 004c 8b4c | 2420 488d | 9c24 3801 | 0000 498b 
  0x0000027807c06370: 01a8 020f | 8523 0000 | 0048 83c8 | 0148 8903 | f049 0fb1 | 190f 8437 | 0000 0048 | 2bc4 4825 
  0x0000027807c06390: 07f0 ffff | 4889 03e9 | 2400 0000 | 4c8b d048 | 33c0 f04d | 0fb1 7a3e | 48c7 0303 | 0000 0074 
  0x0000027807c063b0: 114c 3bf8 | 7515 49ff | 8286 0000 | 0048 33c0 | 7509 49ff | 8750 0500 | 0033 c00f | 855f 5100 
  0x0000027807c063d0: 0048 8bb4 | 24b8 0000 | 008b 6e14 

  0x0000027807c063dc: ; implicit exception: dispatches to 0x0000027807c0eea0
  0x0000027807c063dc: 448b 450c | 4585 c00f | 867f 5100 | 0044 0fbe | 5e10 4585 | db0f 85ed | 5900 00c4 | 4222 f7d0 
  0x0000027807c063fc: 453b d045 | 0f4f d04c | 8bdd 4c8d | 5d10 4585 | d20f 8ed0 | 0000 0045 | 3bc2 0f82 | bf51 0000 
  0x0000027807c0641c: 498b fb41 | 8bd2 b82f | 0000 0048 | 8bdf 83fa | 100f 8c79 | 0000 0083 | fa20 0f8c | 3600 0000 
  0x0000027807c0643c: c5f9 6ec0 | c4e2 7d78 | c0c5 f5ef | c98b ca83 

  0x0000027807c0644c: ;   {no_reloc}
  0x0000027807c0644c: e1e0 83e2 | 1fc5 fe6f | 13c5 ed74 | d0c4 e27d | 17ca 0f83 | 6900 0000 | 4883 c320 | 83e9 2075 
  0x0000027807c0646c: e4e9 0d00 | 0000 c5f9 | 6ec0 c5f1 | efc9 c4e2 | 7900 c183 | fa10 0f8c | 2400 0000 | 8bca 83e1 
  0x0000027807c0648c: f083 e20f | c5fa 6f13 | c5e9 74d0 | c4e2 7917 | ca0f 832a | 0000 0048 | 83c3 1083 | e910 75e4 
  0x0000027807c064ac: 85d2 0f84 | 1200 0000 | 0fb6 0b3b | c174 1c48 | 83c3 0183 | ea01 7402 | ebee bbff | ffff ffeb 
  0x0000027807c064cc: 0dc5 fdd7 | ca0f bcc1 | 4803 d848 | 2bdf 83fb | ff0f 8595 | 5900 0041 | 0fb6 2b83 | fd5b 0f84 
  0x0000027807c064ec: 5c5e 0000 | 4c89 8c24 | 8000 0000 | 488b 5424 | 784c 8bc6 | 4c89 4424 | 204c 8944 | 2428 498b 
  0x0000027807c0650c: e966 6690 

  0x0000027807c06510: ;   {optimized virtual_call}
  0x0000027807c06510: c5f8 77e8 

  0x0000027807c06514: ; ImmutableOopMap {rbp=Oop [32]=Oop [40]=Oop [72]=Oop [80]=Oop [120]=Oop [128]=Oop [184]=Oop }
                      ;*invokevirtual findLoadedClass0 {reexecute=0 rethrow=0 return_oop=1}
                      ; - java.lang.ClassLoader::findLoadedClass@11
                      ; - jdk.internal.loader.BuiltinClassLoader::loadClassOrNull@10
                      ; - jdk.internal.loader.BuiltinClassLoader::loadClass@3
                      ; - java.lang.ClassLoader::loadClass@38
  0x0000027807c06514: c85d eeff 

  0x0000027807c06518: ;   {other}
  0x0000027807c06518: 0f1f 8400 | 880f 0003 | 488b d848 | 85c0 0f85 | c12a 0000 | 4c8b 4424 | 2045 8b58 | 1441 8b6b 
  0x0000027807c06538: 0c44 895c | 242c 450f | be48 10c4 | 6232 f7c5 | 458d 58ff | 4585 c90f | 85d3 5800 | 0044 8b54 
  0x0000027807c06558: 242c 4c89 | 9424 b000 | 0000 448d | 55ff 453b | d345 0f4f | d345 85d2 | 0f8c 7834 | 0000 85ed 
  0x0000027807c06578: 0f86 aa4e | 0000 443b | d50f 83a1 | 4e00 0045 | 85d2 0f8e | 8c50 0000 | 418d 5aff | 48b9 0000 
  0x0000027807c06598: 367a 7802 | 0000 448b | 4c24 2c47 | 0fbe 5c11 | 1041 83fb | 2e0f 8455 | 3000 0041 | ffca 443b 
  0x0000027807c065b8: d37f e341 | 83fa 020f | 8e99 0000 | 0045 8d4a | fe45 33db | 4183 fa02 | 450f 4ccb | 4181 f9a0 
  0x0000027807c065d8: 0f00 00bb | a00f 0000 | 440f 47cb | 458b da45 | 2bd9 660f | 1f44 0000 | 4963 da44 | 8b4c 242c 
  0x0000027807c065f8: 450f be4c | 1910 4183 | f92e 0f84 | 1f22 0000 | 8b7c 242c | 0fbe 5c1f | 0f83 fb2e 

  0x0000027807c06614: ;   {no_reloc}
  0x0000027807c06614: 0f84 1522 | 0000 418d | 5afe 440f | be4c 1f10 | 4183 f92e | 0f84 fc21 | 0000 458d | 4afd 420f 
  0x0000027807c06634: be5c 0f10 | 83fb 2e0f | 84f4 2100 | 0041 83c2 | fc45 3bd3 | 7fa6 4d8b | 8f58 0400 

  0x0000027807c06650: ; ImmutableOopMap {[44]=NarrowOop [72]=Oop [80]=Oop [120]=Oop [128]=Oop [176]=Oop [184]=Oop }
                      ;*goto {reexecute=1 rethrow=0 return_oop=0}
                      ; - (reexecute) java.lang.StringLatin1::lastIndexOf@35
                      ; - java.lang.String::lastIndexOf@13
                      ; - java.lang.String::lastIndexOf@8
                      ; - jdk.internal.loader.BuiltinClassLoader::findLoadedModule@3
                      ; - jdk.internal.loader.BuiltinClassLoader::loadClassOrNull@22
                      ; - jdk.internal.loader.BuiltinClassLoader::loadClass@3
                      ; - java.lang.ClassLoader::loadClass@38
                      ;   {poll}
  0x0000027807c06650: 0041 8501 | 4183 fa02 | 0f8f 67ff | ffff 4183 | faff 7e26 | 448b 5c24 | 2c47 0fbe | 4c13 1041 
  0x0000027807c06670: 83f9 2e0f | 8428 4b00 | 0041 ffca | 4183 faff | 7fe2 4c8b | c9e9 6e33 | 0000 4c8b | c9e9 6633 
  0x0000027807c06690: 0000 418b | 6a28 85ed | 0f84 4a54 | 0000 498b | 87b8 0100 | 004c 8bd8 | 4983 c310 | 4d3b 9fc8 
  0x0000027807c066b0: 0100 000f | 831a 3a00 | 004d 899f | b801 0000 | 410f 0d8b | c000 0000 | 48c7 0001 

  0x0000027807c066cc: ;   {metadata('java/lang/Object')}
  0x0000027807c066cc: 0000 00c7 | 4008 900e | 0000 4489 | 600c 4489 | 4424 204c | 8994 24c0 | 0000 0048 | 8944 2428 
  0x0000027807c066ec: 488b d54c | 8b84 24b8 | 0000 004c | 8bc8 bf01 | 0000 0049 | 8be8 6690 

  0x0000027807c06704: ;   {optimized virtual_call}
  0x0000027807c06704: c5f8 77e8 

  0x0000027807c06708: ; ImmutableOopMap {rbp=Oop [32]=NarrowOop [40]=Oop [72]=Oop [80]=Oop [184]=Oop [192]=Oop }
                      ;*invokevirtual putVal {reexecute=0 rethrow=0 return_oop=1}
                      ; - java.util.concurrent.ConcurrentHashMap::putIfAbsent@4
                      ; - java.lang.ClassLoader::getClassLoadingLock@23
                      ; - java.lang.ClassLoader::loadClass@2
                      ; - java.lang.ClassLoader::loadClass@38
  0x0000027807c06708: 9441 feff 

  0x0000027807c0670c: ;   {other}
  0x0000027807c0670c: 0f1f 8400 | 7c11 0005 | 4885 c00f | 8585 3100 | 004c 8b5c | 2428 488d | 9c24 3801 | 0000 498b 
  0x0000027807c0672c: 03a8 020f | 8523 0000 | 0048 83c8 | 0148 8903 | f049 0fb1 | 1b0f 8437 | 0000 0048 | 2bc4 4825 
  0x0000027807c0674c: 07f0 ffff | 4889 03e9 | 2400 0000 | 4c8b d048 | 33c0 f04d | 0fb1 7a3e | 48c7 0303 | 0000 0074 
  0x0000027807c0676c: 114c 3bf8 | 7515 49ff | 8286 0000 | 0048 33c0 | 7509 49ff | 8750 0500 | 0033 c00f | 85f8 4a00 
  0x0000027807c0678c: 004c 8b8c | 24b8 0000 | 0045 8b51 | 1445 8b42 | 0c45 85c0 | 0f86 164b | 0000 410f | be59 1085 
  0x0000027807c067ac: db0f 85e1 | 5000 004c | 895c 2478 | c4c2 62f7 | d041 3bd0 | 410f 4fd0 | 4d8b da4d | 8d5a 1085 
  0x0000027807c067cc: d20f 8ecd | 0000 0044 | 3bc2 0f82 | 284b 0000 | 498b fbb8 | 2f00 0000 | 488b df83 | fa10 0f8c 
  0x0000027807c067ec: 7900 0000 | 83fa 200f | 8c36 0000 | 00c5 f96e | c0c4 e27d | 78c0 c5ed | efd2 8bca 

  0x0000027807c06808: ;   {no_reloc}
  0x0000027807c06808: 83e1 e083 | e21f c5fe | 6f0b c5f5 | 74c8 c4e2 | 7d17 d10f | 8369 0000 | 0048 83c3 | 2083 e920 
  0x0000027807c06828: 75e4 e90d | 0000 00c5 | f96e c0c5 | e9ef d2c4 | e279 00c2 | 83fa 100f | 8c24 0000 | 008b ca83 
  0x0000027807c06848: e1f0 83e2 | 0fc5 fa6f | 0bc5 f174 | c8c4 e279 | 17d1 0f83 | 2a00 0000 | 4883 c310 | 83e9 1075 
  0x0000027807c06868: e485 d20f | 8412 0000 | 000f b60b | 3bc1 741c | 4883 c301 | 83ea 0174 | 02eb eebb | ffff ffff 
  0x0000027807c06888: eb0d c5fd | d7c9 0fbc | c148 03d8 | 482b df83 | fbff 0f85 | 3450 0000 | 450f b61b | 4183 fb5b 
  0x0000027807c068a8: 0f84 7652 | 0000 488b | 9424 c000 | 0000 4d8b | c14c 8944 | 2428 488b | 6c24 7890 

  0x0000027807c068c4: ;   {optimized virtual_call}
  0x0000027807c068c4: c5f8 77e8 

  0x0000027807c068c8: ; ImmutableOopMap {rbp=Oop [32]=NarrowOop [40]=Oop [72]=Oop [80]=Oop [120]=Oop [184]=Oop [192]=Oop }
                      ;*invokevirtual findLoadedClass0 {reexecute=0 rethrow=0 return_oop=1}
                      ; - java.lang.ClassLoader::findLoadedClass@11
                      ; - java.lang.ClassLoader::loadClass@10
                      ; - java.lang.ClassLoader::loadClass@38
  0x0000027807c068c8: 145a eeff 

  0x0000027807c068cc: ;   {other}
  0x0000027807c068cc: 0f1f 8400 | 3c13 0006 | 488b d848 | 85c0 0f85 | 3516 0000 | c5f8 7749 | bad0 3050 | 30fb 7f00 
  0x0000027807c068ec: 0041 ffd2 

  0x0000027807c068f0: ;   {other}
  0x0000027807c068f0: 0f1f 8400 | 0000 0000 | 4889 4424 | 684c 8b94 | 24c0 0000 | 0045 8b52 | 1845 8b42 | 0849 8bd2 
  0x0000027807c06910: ;   {metadata('org/gradle/internal/classloader/VisitableURLClassLoader')}
  0x0000027807c06910: 4181 f808 | 3a00 010f | 84ee 0300 

  0x0000027807c0691c: ;   {metadata('jdk/internal/loader/ClassLoaders$PlatformClassLoader')}
  0x0000027807c0691c: 0041 81f8 | f882 0600 | 0f85 ce52 | 0000 4c8b | da41 8b6b | 2885 ed0f | 84a3 6400 | 0049 8b87 
  0x0000027807c0693c: b801 0000 | 4c8b d049 | 83c2 104d | 3b97 c801 | 0000 0f83 | e53a 0000 | 4d89 97b8 | 0100 0041 
  0x0000027807c0695c: 0f0d 8ac0 | 0000 0048 | c700 0100 

  0x0000027807c06968: ;   {metadata('java/lang/Object')}
  0x0000027807c06968: 0000 c740 | 0890 0e00 | 0044 8960 | 0c4c 899c | 24a0 0000 | 0048 8944 | 2428 488b | d54c 8b84 
  0x0000027807c06988: 24b8 0000 | 004c 8bc8 | bf01 0000 | 004c 8b54 | 2478 4c89 | 5424 5849 | 8be8 6690 

  0x0000027807c069a4: ;   {optimized virtual_call}
  0x0000027807c069a4: c5f8 77e8 

  0x0000027807c069a8: ; ImmutableOopMap {rbp=Oop [32]=NarrowOop [40]=Oop [72]=Oop [80]=Oop [88]=Oop [120]=Oop [160]=Oop [184]=Oop [192]=Oop }
                      ;*invokevirtual putVal {reexecute=0 rethrow=0 return_oop=1}
                      ; - java.util.concurrent.ConcurrentHashMap::putIfAbsent@4
                      ; - java.lang.ClassLoader::getClassLoadingLock@23
                      ; - jdk.internal.loader.BuiltinClassLoader::loadClassOrNull@2
                      ; - jdk.internal.loader.BuiltinClassLoader::loadClass@3
                      ; - java.lang.ClassLoader::loadClass@38
                      ; - java.lang.ClassLoader::loadClass@38
  0x0000027807c069a8: f43e feff 

  0x0000027807c069ac: ;   {other}
  0x0000027807c069ac: 0f1f 8400 | 1c14 0007 | 4885 c00f | 8510 3000 | 004c 8b44 | 2428 488d | 9c24 4001 | 0000 498b 
  0x0000027807c069cc: 00a8 020f | 8523 0000 | 0048 83c8 | 0148 8903 | f049 0fb1 | 180f 8437 | 0000 0048 | 2bc4 4825 
  0x0000027807c069ec: 07f0 ffff | 4889 03e9 | 2400 0000 | 4c8b d048 | 33c0 f04d | 0fb1 7a3e | 48c7 0303 | 0000 0074 
  0x0000027807c06a0c: 114c 3bf8 | 7515 49ff | 8286 0000 | 0048 33c0 | 7509 49ff | 8750 0500 | 0033 c00f | 8523 5200 
  0x0000027807c06a2c: 004c 8b8c | 24b8 0000 | 0041 8b69 | 1444 8b5d | 0c45 85db | 0f86 4252 | 0000 450f | be51 1045 
  0x0000027807c06a4c: 85d2 0f85 | 0862 0000 | c442 2af7 | d345 3bd3 | 450f 4fd3 | 488b cd48 | 8d75 1045 | 85d2 0f8e 
  0x0000027807c06a6c: d000 0000 | 453b da0f | 82a0 5200 | 0048 8bfe | 418b d2b8 | 2f00 0000 | 488b df83 | fa10 0f8c 
  0x0000027807c06a8c: 7900 0000 | 83fa 200f | 8c36 0000 | 00c5 f96e | c0c4 e27d | 78c0 c5ed | efd2 8bca 

  0x0000027807c06aa8: ;   {no_reloc}
  0x0000027807c06aa8: 83e1 e083 | e21f c5fe | 6f0b c5f5 | 74c8 c4e2 | 7d17 d10f | 8369 0000 | 0048 83c3 | 2083 e920 
  0x0000027807c06ac8: 75e4 e90d | 0000 00c5 | f96e c0c5 | e9ef d2c4 | e279 00c2 | 83fa 100f | 8c24 0000 | 008b ca83 
  0x0000027807c06ae8: e1f0 83e2 | 0fc5 fa6f | 0bc5 f174 | c8c4 e279 | 17d1 0f83 | 2a00 0000 | 4883 c310 | 83e9 1075 
  0x0000027807c06b08: e485 d20f | 8412 0000 | 000f b60b | 3bc1 741c | 4883 c301 | 83ea 0174 | 02eb eebb | ffff ffff 
  0x0000027807c06b28: eb0d c5fd | d7c9 0fbc | c148 03d8 | 482b df83 | fbff 0f85 | c861 0000 | 0fb6 2e83 | fd5b 0f84 
  0x0000027807c06b48: cc62 0000 | 4c89 8424 | a800 0000 | 488b 9424 | a000 0000 | 4d8b c14c | 8944 2428 | 4c8b 5424 
  0x0000027807c06b68: 784c 8954 | 2438 4c89 | 4424 5848 | 8bac 24a8 | 0000 0090 

  0x0000027807c06b7c: ;   {optimized virtual_call}
  0x0000027807c06b7c: c5f8 77e8 

  0x0000027807c06b80: ; ImmutableOopMap {rbp=Oop [32]=NarrowOop [40]=Oop [56]=Oop [72]=Oop [80]=Oop [88]=Oop [120]=Oop [160]=Oop [168]=Oop [184]=Oop [192]=Oop }
                      ;*invokevirtual findLoadedClass0 {reexecute=0 rethrow=0 return_oop=1}
                      ; - java.lang.ClassLoader::findLoadedClass@11
                      ; - jdk.internal.loader.BuiltinClassLoader::loadClassOrNull@10
                      ; - jdk.internal.loader.BuiltinClassLoader::loadClass@3
                      ; - java.lang.ClassLoader::loadClass@38
                      ; - java.lang.ClassLoader::loadClass@38
  0x0000027807c06b80: 5c57 eeff 

  0x0000027807c06b84: ;   {other}
  0x0000027807c06b84: 0f1f 8400 | f415 0008 | 488b d848 | 85c0 0f85 | 4f33 0000 | 4c8b 5424 | 2845 8b5a | 1445 8b4b 
  0x0000027807c06ba4: 0c44 894c | 2424 4489 | 5c24 2c45 | 0fbe 5210 | c442 2af7 | c945 8d41 | ff45 85d2 | 0f85 e660 
  0x0000027807c06bc4: 0000 4d8b | d34c 8994 | 24e8 0000 | 0044 8b5c | 2424 41ff | cb45 3bd8 | 450f 4fd8 | 4585 db0f 
  0x0000027807c06be4: 8c30 2e00 | 0044 8b44 | 2424 4585 | c00f 8681 | 4f00 0045 | 3bd8 0f83 | 784f 0000 | 4585 db0f 
  0x0000027807c06c04: 8e5b 5100 | 0041 8d5b | ff49 ba00 | 0036 7a78 | 0200 004c | 8994 24e0 | 0000 0044 | 8b54 242c 
  0x0000027807c06c24: 470f be44 | 1a10 4183 | f82e 0f84 | 8b2c 0000 | 41ff cb44 | 3bdb 7fe3 | 4183 fb02 | 0f8e 9500 
  0x0000027807c06c44: 0000 418d | 5bfe 4533 | c041 83fb | 0241 0f4c | d881 fba0 | 0f00 0041 | baa0 0f00 | 0041 0f47 
  0x0000027807c06c64: da41 8bcb | 2bcb 660f | 1f44 0000 | 4d63 c38b | 5c24 2c46 | 0fbe 5403 | 1041 83fa 

  0x0000027807c06c80: ;   {no_reloc}
  0x0000027807c06c80: 2e0f 84c0 | 0000 0046 | 0fbe 4403 | 0f41 83f8 | 2e0f 84b5 | 0000 0045 | 8d53 fe46 | 0fbe 4413 
  0x0000027807c06ca0: 1041 83f8 | 2e0f 84a5 | 0000 0045 | 8d53 fd42 | 0fbe 5c13 | 1083 fb2e | 0f84 9200 | 0000 4183 
  0x0000027807c06cc0: c3fc 443b | d97f a94d | 8b87 5804 

  0x0000027807c06ccc: ; ImmutableOopMap {[32]=NarrowOop [44]=NarrowOop [72]=Oop [80]=Oop [120]=Oop [160]=Oop [168]=Oop [184]=Oop [192]=Oop [232]=Oop }
                      ;*goto {reexecute=1 rethrow=0 return_oop=0}
                      ; - (reexecute) java.lang.StringLatin1::lastIndexOf@35
                      ; - java.lang.String::lastIndexOf@13
                      ; - java.lang.String::lastIndexOf@8
                      ; - jdk.internal.loader.BuiltinClassLoader::findLoadedModule@3
                      ; - jdk.internal.loader.BuiltinClassLoader::loadClassOrNull@22
                      ; - jdk.internal.loader.BuiltinClassLoader::loadClass@3
                      ; - java.lang.ClassLoader::loadClass@38
                      ; - java.lang.ClassLoader::loadClass@38
                      ;   {poll}
  0x0000027807c06ccc: 0000 4185 | 0041 83fb | 020f 8f6b | ffff ff41 | 83fb ff0f | 8e46 2d00 | 0066 6690 | 448b 4424 
  0x0000027807c06cec: 2c47 0fbe | 4418 1041 | 83f8 2e0f | 8478 4500 | 0041 ffcb | 4183 fbff | 7fe2 e920 | 2d00 004c 
  0x0000027807c06d0c: 8b44 2428 | 4533 c990 

  0x0000027807c06d14: ;   {optimized virtual_call}
  0x0000027807c06d14: c5f8 77e8 

  0x0000027807c06d18: ; ImmutableOopMap {rbp=Oop [32]=NarrowOop [40]=Oop [72]=Oop [80]=Oop [120]=Oop [184]=Oop [192]=Oop }
                      ;*invokevirtual loadClass {reexecute=0 rethrow=0 return_oop=1}
                      ; - java.lang.ClassLoader::loadClass@38
                      ; - java.lang.ClassLoader::loadClass@38
  0x0000027807c06d18: 04f3 ffff 

  0x0000027807c06d1c: ;   {other}
  0x0000027807c06d1c: 0f1f 8400 | 8c17 000a | 488b d848 | 85c0 0f85 | e511 0000 | 49ba 0000 | 367a 7802 | 0000 4c89 
  0x0000027807c06d3c: 9424 2001 | 0000 e962 | 0900 0045 | 8bd3 eb04 | 458d 53ff | 4585 d20f | 8c07 6100 | 0045 3bd1 
  0x0000027807c06d5c: 0f8f 6e61 | 0000 453b | d10f 843a | 2800 0045 | 85d2 0f84 | c22c 0000 | 4489 5424 | 284d 8b9f 
  0x0000027807c06d7c: b801 0000 | 4d8b d349 | 83c2 184d | 3b97 c801 | 0000 0f83 | 5d37 0000 | 4d89 97b8 | 0100 0041 
  0x0000027807c06d9c: 0f0d 8ac0 | 0000 0049 | c703 0100 

  0x0000027807c06da8: ;   {metadata('java/lang/String')}
  0x0000027807c06da8: 0000 41c7 | 4308 78e8 | 0000 4589 | 630c 4d89 | 6310 8b6c | 242c 4c8d | 4510 448b | 5424 2844 
  0x0000027807c06dc8: 3b54 2424 | 0f85 c400 | 0000 4c89 | 4424 384c | 899c 2488 | 0000 004c | 6354 2424 | 4c89 5424 
  0x0000027807c06de8: 588b 6c24 | 2481 fd00 | 0010 000f | 874b 3900 | 004d 8b97 | b801 0000 | 4c8b 5c24 | 5849 83c3 
  0x0000027807c06e08: 1749 83e3 | f84d 8bca | 4d03 cb4d | 3b8f c801 | 0000 0f83 | 2439 0000 | 4d89 8fb8 | 0100 0041 
  0x0000027807c06e28: 0f0d 89c0 | 0000 0049 | c702 0100 | 0000 410f | 0d89 0001 

  0x0000027807c06e3c: ;   {metadata({type array byte})}
  0x0000027807c06e3c: 0000 41c7 | 4208 1823 | 0000 4189 | 6a0c 410f | 0d89 4001 | 0000 410f | 0d89 8001 | 0000 498b 
  0x0000027807c06e5c: d248 83c2 | 1049 8bda | 4c8b 5424 | 5849 83c2 | 0749 c1ea | 0348 8b4c | 2438 4d8b | c2c5 f877 
  0x0000027807c06e7c: 49ba 604b | 5607 7802 | 0000 41ff 

  0x0000027807c06e88: ;   {other}
  0x0000027807c06e88: d20f 1f84 | 0000 0000 | 00e9 2201 | 0000 4181 | fa00 0010 | 000f 8775 | 5a00 004c | 8944 2428 
  0x0000027807c06ea8: 4c89 9c24 | 8800 0000 | 4489 9424 | 8000 0000 | 448b cd4d | 63c2 448b | 5424 2444 | 3b94 2480 
  0x0000027807c06ec8: 0000 0041 | 8bea 448b | 9c24 8000 | 0000 410f | 4feb 443b | d50f 82c4 | 5a00 0044 | 3bdd 0f82 
  0x0000027807c06ee8: bb5a 0000 | 4983 c017 | 4c89 4424 | 384d 8bd0 | 4983 e2f8 | 4c89 5424 | 5841 81fb | 0000 1000 
  0x0000027807c06f08: 0f87 9636 | 0000 498b | 9fb8 0100 | 004c 8bdb | 4d03 da4d | 3b9f c801 | 0000 0f83 | 7c36 0000 
  0x0000027807c06f28: 4d89 9fb8 | 0100 0041 | 0f0d 8bc0 | 0000 0048 | c703 0100 | 0000 410f | 0d8b 0001 

  0x0000027807c06f44: ;   {metadata({type array byte})}
  0x0000027807c06f44: 0000 c743 | 0818 2300 | 0044 8b94 | 2480 0000 | 0044 8953 | 0c41 0f0d | 8b40 0100 | 0041 0f0d 
  0x0000027807c06f64: 8b80 0100 | 0048 8bd3 | 4883 c210 | 4c8b 5c24 | 3849 c1eb | 0385 ed0f | 84ba 5900 | 003b ac24 
  0x0000027807c06f84: 8000 0000 | 0f8c 682f | 0000 4c8b | 4424 5849 | 83c0 f049 | c1e8 0348 | 8b4c 2428 | c5f8 7749 
  0x0000027807c06fa4: ba60 4b56 | 0778 0200 | 0041 ffd2 

  0x0000027807c06fb0: ;   {other}
  0x0000027807c06fb0: 0f1f 8400 | 0000 0000 | 4180 7f40 | 000f 85e3 | 2d00 004c | 8b8c 2488 | 0000 004d | 8bd1 4c8b 
  0x0000027807c06fd0: c345 8941 | 144c 8bdb | 4d33 da49 | c1eb 144d | 85db 741a | 49c1 ea09 | 48b9 0000 | 367a 7802 
  0x0000027807c06ff0: 0000 4903 | ca80 3902 | 0f85 ee2d | 0000 4588 | 6110 4d8b | c141 8b41 | 0c85 c00f | 84dd 2400 
  0x0000027807c07010: ;   {oop(a 'java/util/concurrent/ConcurrentHashMap'{0x00000000e0975228})}
  0x0000027807c07010: 0049 ba28 | 5297 e000 | 0000 0041 | 8b4a 2885 | c90f 84bd | 0300 0044 | 8b51 0c45 | 85d2 0f86 
  0x0000027807c07030: 385d 0000 | 448b d841 | c1eb 1044 | 33d8 41ff | ca41 81e3 | ffff ff7f | 4523 d34d | 63d2 468b 
  0x0000027807c07050: 4c91 1045 | 85c9 0f84 | 8803 0000 | 418b 690c | 413b eb0f | 85d7 0200 | 0041 8b69 | 104c 8bd5 
  0x0000027807c07070: 4d3b d00f | 841d 0100 | 0044 8b55 | 0845 8beb | 4d8b d84c | 8bc5 4d3b | d80f 8407 

  0x0000027807c0708c: ;   {metadata('java/lang/String')}
  0x0000027807c0708c: 0100 0041 | 81fa 78e8 | 0000 0f85 | 8c7b 0000 | 450f be53 | 1041 8bca | 410f be68 | 1044 3bd5 
  0x0000027807c070ac: 0f85 5a68 | 0000 458b | 4014 458b | 5314 418b | 780c 418b | 4a0c 3bcf | 0f85 ef2f | 0000 498b 
  0x0000027807c070cc: d849 8d70 | 104d 8bc2 | 498d 7a10 | 85c9 0f84 | 9d00 0000 | 8bc1 83e0 | 1f83 e1e0 | 0f84 4b00 
  0x0000027807c070ec: 0000 488d | 3c0f 488d | 340e 48f7 | d9c5 fe6f | 0c0f c5fe | 6f04 0ec5 | f5ef c8c4 | e27d 17c9 
  0x0000027807c0710c: 0f85 7200 | 0000 4883 | c120 75e1 | 85c0 0f84 | 5d00 0000 | c5fe 6f4c | 07e0 c5fe | 6f44 06e0 
  0x0000027807c0712c: c5f5 efc8 | c4e2 7d17 | c975 4deb | 448b c883 | e1fc 7419 | 488d 3c0f | 488d 340e | 48f7 d98b 
  0x0000027807c0714c: 1c0f 3b1c | 0e75 3148 | 83c1 0475 | f2a8 0274 | 120f b71f | 0fb7 0e3b | d975 1d48 | 8d7f 0248 
  0x0000027807c0716c: 8d76 02a8 | 0174 0a0f | b61f 0fb6 | 0e3b d975 | 07b8 0100 | 0000 eb02 | 33c0 c5f5 | efc9 c5fd 
  0x0000027807c0718c: ;   {no_reloc}
  0x0000027807c0718c: efc0 85c0 | 0f84 832f | 0000 418b | 6914 85ed | 0f84 4202 | 0000 448b 

  0x0000027807c071a4: ;   {metadata('jdk/internal/loader/BuiltinClassLoader$LoadedModule')}
  0x0000027807c071a4: 5d08 4181 | fba8 de16 | 000f 8525 | 7a00 004c | 8bd5 418b | 6a0c 4c8b | dd4c 8b84 | 24a0 0000 
  0x0000027807c071c4: 004d 3bd8 | 0f84 f926 | 0000 448b 

  0x0000027807c071d0: ;   {metadata('jdk/internal/loader/ClassLoaders$BootClassLoader')}
  0x0000027807c071d0: 5508 4181 | fa10 4d17 | 000f 851d | 5600 004c | 8b8c 24b8 | 0000 0041 | 8b69 1444 | 8b5d 0c45 
  0x0000027807c071f0: 85db 0f86 | 5456 0000 | 450f be51 | 1045 85d2 | 0f85 3663 | 0000 c442 | 2af7 d345 | 3bd3 450f 
  0x0000027807c07210: 4fd3 488b | cd48 8d75 | 1045 85d2 | 0f8e d000 | 0000 453b | da0f 8289 | 5600 0048 | 8bfe 418b 
  0x0000027807c07230: d2b8 2f00 | 0000 488b | df83 fa10 | 0f8c 7900 | 0000 83fa | 200f 8c36 | 0000 00c5 | f96e c0c4 
  0x0000027807c07250: e27d 78c0 | c5ed efd2 | 8bca 83e1 | e083 e21f | c5fe 6f0b | c5f5 74c8 | c4e2 7d17 | d10f 8369 
  0x0000027807c07270: 0000 0048 | 83c3 2083 | e920 75e4 | e90d 0000 | 00c5 f96e | c0c5 e9ef | d2c4 e279 | 00c2 83fa 
  0x0000027807c07290: 100f 8c24 | 0000 008b | ca83 e1f0 | 83e2 0fc5 | fa6f 0bc5 | f174 c8c4 | e279 17d1 | 0f83 2a00 
  0x0000027807c072b0: 0000 4883 | c310 83e9 | 1075 e485 | d20f 8412 | 0000 000f | b60b 3bc1 | 741c 4883 | c301 83ea 
  0x0000027807c072d0: ;   {no_reloc}
  0x0000027807c072d0: 0174 02eb | eebb ffff | ffff eb0d | c5fd d7c9 | 0fbc c148 | 03d8 482b | df83 fbff | 0f85 a262 
  0x0000027807c072f0: 0000 0fb6 | 2e83 fd5b | 0f84 0263 | 0000 498b | d14c 894c | 2458 4c8b | 5424 784c | 8954 2460 
  0x0000027807c07310: 4c89 4c24 | 7048 8bac | 24a8 0000 | 0066 6690 

  0x0000027807c07320: ;   {static_call}
  0x0000027807c07320: c5f8 77e8 

  0x0000027807c07324: ; ImmutableOopMap {rbp=Oop [32]=NarrowOop [72]=Oop [80]=Oop [88]=Oop [96]=Oop [112]=Oop [120]=Oop [160]=Oop [168]=Oop [184]=Oop [192]=Oop }
                      ;*invokestatic findBootstrapClass {reexecute=0 rethrow=0 return_oop=1}
                      ; - java.lang.ClassLoader::findBootstrapClassOrNull@10
                      ; - java.lang.System$2::findBootstrapClassOrNull@1
                      ; - jdk.internal.loader.ClassLoaders$BootClassLoader::loadClassOrNull@4
                      ; - jdk.internal.loader.BuiltinClassLoader::loadClassOrNull@3
                      ; - jdk.internal.loader.BuiltinClassLoader::loadClassOrNull@66
                      ; - jdk.internal.loader.BuiltinClassLoader::loadClass@3
                      ; - java.lang.ClassLoader::loadClass@38
                      ; - java.lang.ClassLoader::loadClass@38
  0x0000027807c07324: 387c f0ff 

  0x0000027807c07328: ;   {other}
  0x0000027807c07328: 0f1f 8400 | 981d 000b | 488b d84c | 8b84 24e0 | 0000 00e9 | 3802 0000 | 85ed 0f8c | ad66 0000 
  0x0000027807c07348: 458b 4918 | 4585 c90f | 848f 0000 | 0041 8b59 | 0c49 8bbf 

  0x0000027807c0735c: ; ImmutableOopMap {r8=Oop r9=Oop [32]=NarrowOop [72]=Oop [80]=Oop [120]=Oop [160]=Oop [168]=Oop [184]=Oop [192]=Oop }
                      ;*if_icmpne {reexecute=1 rethrow=0 return_oop=0}
                      ; - (reexecute) java.util.concurrent.ConcurrentHashMap::get@127
                      ; - jdk.internal.loader.BuiltinClassLoader::findLoadedModule@24
                      ; - jdk.internal.loader.BuiltinClassLoader::loadClassOrNull@22
                      ; - jdk.internal.loader.BuiltinClassLoader::loadClass@3
                      ; - java.lang.ClassLoader::loadClass@38
                      ; - java.lang.ClassLoader::loadClass@38
  0x0000027807c0735c: 5804 0000 

  0x0000027807c07360: ;   {poll}
  0x0000027807c07360: 8507 413b | db74 0b45 | 8b49 1845 | 85c9 7474 | ebe3 418b | 6910 4c8b | d54d 3bd0 | 745a 85ed 
  0x0000027807c07380: 0f84 d268 | 0000 4c89 | 8c24 8800 | 0000 4489 | 5c24 2c4c | 8984 2480 | 0000 004c | 8bc5 488b 
  0x0000027807c073a0: 9424 8000 | 0000 488b | 6c24 484c | 8b94 24b8 | 0000 004c | 8954 2438 

  0x0000027807c073b8: ;   {optimized virtual_call}
  0x0000027807c073b8: c5f8 77e8 

  0x0000027807c073bc: ; ImmutableOopMap {rbp=Oop [32]=NarrowOop [56]=Oop [72]=Oop [80]=Oop [120]=Oop [128]=Oop [136]=Oop [160]=Oop [168]=Oop [184]=Oop [192]=Oop }
                      ;*invokevirtual equals {reexecute=0 rethrow=0 return_oop=0}
                      ; - java.util.concurrent.ConcurrentHashMap::get@149
                      ; - jdk.internal.loader.BuiltinClassLoader::findLoadedModule@24
                      ; - jdk.internal.loader.BuiltinClassLoader::loadClassOrNull@22
                      ; - jdk.internal.loader.BuiltinClassLoader::loadClass@3
                      ; - java.lang.ClassLoader::loadClass@38
                      ; - java.lang.ClassLoader::loadClass@38
  0x0000027807c073bc: 8053 edff 

  0x0000027807c073c0: ;   {other}
  0x0000027807c073c0: 0f1f 8400 | 301e 000d | 85c0 0f84 | 0069 0000 | 4c8b 8c24 | 8800 0000 | 418b 6914 | 85ed 0f85 
  0x0000027807c073e0: befd ffff | 4c8b 8424 | a000 0000 | 418b 6854 

  0x0000027807c073f0: ; implicit exception: dispatches to 0x0000027807c0f7a4
  0x0000027807c073f0: 448b 5508 

  0x0000027807c073f4: ;   {metadata('jdk/internal/loader/ClassLoaders$BootClassLoader')}
  0x0000027807c073f4: 4181 fa10 | 4d17 000f | 854d 5e00 | 004c 8b8c | 24b8 0000 | 0041 8b69 | 1444 8b5d | 0c45 85db 
  0x0000027807c07414: 0f86 965e | 0000 450f | be51 1045 | 85d2 0f85 | 5562 0000 | c442 2af7 | d345 3bd3 | 450f 4fd3 
  0x0000027807c07434: 488b cd48 | 8d75 1045 | 85d2 0f8e | d000 0000 | 453b da0f | 82cb 5e00 | 0048 8bfe | 418b d2b8 
  0x0000027807c07454: 2f00 0000 | 488b df83 | fa10 0f8c | 7900 0000 | 83fa 200f | 8c36 0000 | 00c5 f96e | c0c4 e27d 
  0x0000027807c07474: 78c0 c5ed | efd2 8bca | 83e1 e083 | e21f c5fe | 6f0b c5f5 | 74c8 c4e2 | 7d17 d10f | 8369 0000 
  0x0000027807c07494: 0048 83c3 | 2083 e920 | 75e4 e90d | 0000 00c5 | f96e c0c5 | e9ef d2c4 | e279 00c2 | 83fa 100f 
  0x0000027807c074b4: 8c24 0000 | 008b ca83 | e1f0 83e2 | 0fc5 fa6f | 0bc5 f174 | c8c4 e279 | 17d1 0f83 | 2a00 0000 
  0x0000027807c074d4: 4883 c310 | 83e9 1075 | e485 d20f | 8412 0000 | 000f b60b | 3bc1 741c | 4883 c301 

  0x0000027807c074f0: ;   {no_reloc}
  0x0000027807c074f0: 83ea 0174 | 02eb eebb | ffff ffff | eb0d c5fd | d7c9 0fbc | c148 03d8 | 482b df83 | fbff 0f85 
  0x0000027807c07510: 2062 0000 | 0fb6 2e83 | fd5b 0f84 | e062 0000 | 498b d14c | 894c 2428 | 4c8b 5424 | 784c 8954 
  0x0000027807c07530: 2438 4c89 | 4c24 5848 | 8bac 24a8 | 0000 0090 

  0x0000027807c07540: ;   {static_call}
  0x0000027807c07540: c5f8 77e8 

  0x0000027807c07544: ; ImmutableOopMap {rbp=Oop [32]=NarrowOop [40]=Oop [56]=Oop [72]=Oop [80]=Oop [88]=Oop [120]=Oop [160]=Oop [168]=Oop [184]=Oop [192]=Oop }
                      ;*invokestatic findBootstrapClass {reexecute=0 rethrow=0 return_oop=1}
                      ; - java.lang.ClassLoader::findBootstrapClassOrNull@10
                      ; - java.lang.System$2::findBootstrapClassOrNull@1
                      ; - jdk.internal.loader.ClassLoaders$BootClassLoader::loadClassOrNull@4
                      ; - jdk.internal.loader.BuiltinClassLoader::loadClassOrNull@3
                      ; - jdk.internal.loader.BuiltinClassLoader::loadClassOrNull@86
                      ; - jdk.internal.loader.BuiltinClassLoader::loadClass@3
                      ; - java.lang.ClassLoader::loadClass@38
                      ; - java.lang.ClassLoader::loadClass@38
  0x0000027807c07544: 187a f0ff 

  0x0000027807c07548: ;   {other}
  0x0000027807c07548: 0f1f 8400 | b81f 000e | 4885 c00f | 856b 6100 | 004c 8b9c | 24a0 0000 | 0045 8b53 | 5845 85d2 
  0x0000027807c07568: 0f85 f262 | 0000 33db | 4c8b 8424 | e000 0000 | 4c8b 9c24 | a800 0000 | 488d 8424 | 4001 0000 
  0x0000027807c07588: 4883 3800 | 0f84 7900 | 0000 4d8b | 1341 f6c2 | 020f 8462 | 0000 0049 | 83ba 8600 | 0000 0074 
  0x0000027807c075a8: 0949 ff8a | 8600 0000 | eb4b 498b | 8296 0000 | 0049 0b82 | 8e00 0000 | 750a 49c7 | 423e 0000 
  0x0000027807c075c8: 0000 eb3d | 4983 ba9e | 0000 0000 | 7422 4833 | c049 c742 | 3e00 0000 | 00f0 8304 | 2400 4983 
  0x0000027807c075e8: ba9e 0000 | 0000 750d | f04d 0fb1 | 7a3e 7505 | 83c8 01eb | 0ca8 00eb | 084c 8b10 | f04d 0fb1 
  0x0000027807c07608: 1375 0a49 | ff8f 5005 | 0000 4533 | d20f 85cd | 4600 0048 | 85db 0f85 | f108 0000 | 498b 87b8 
  0x0000027807c07628: 0100 004c | 8bd0 4983 | c228 4d3b | 97c8 0100 | 000f 837a | 2e00 004d | 8997 b801 

  0x0000027807c07644: ;   {no_reloc}
  0x0000027807c07644: 0000 410f | 0d8a c000 | 0000 48c7 | 0001 0000 

  0x0000027807c07654: ;   {metadata('java/lang/ClassNotFoundException')}
  0x0000027807c07654: 00c7 4008 | 8893 0600 | 4489 600c | 4c89 6010 | 4c89 6018 | 4c89 6020 | 4c89 4424 | 2848 8bd0 
  0x0000027807c07674: 4c8b 8424 | b800 0000 | 4c89 4424 | 5848 8b6c | 2478 4889 | 5424 6090 

  0x0000027807c0768c: ;   {optimized virtual_call}
  0x0000027807c0768c: c5f8 77e8 

  0x0000027807c07690: ; ImmutableOopMap {rbp=Oop [32]=NarrowOop [72]=Oop [80]=Oop [88]=Oop [96]=Oop [120]=Oop [184]=Oop [192]=Oop }
                      ;*invokespecial <init> {reexecute=0 rethrow=0 return_oop=0}
                      ; - jdk.internal.loader.BuiltinClassLoader::loadClass@16
                      ; - java.lang.ClassLoader::loadClass@38
                      ; - java.lang.ClassLoader::loadClass@38
  0x0000027807c07690: 6c82 0100 

  0x0000027807c07694: ;   {other}
  0x0000027807c07694: 0f1f 8400 | 0421 000f | 488b 4c24 | 2848 898c | 2420 0100 | 00c5 f877 | 49ba d030 | 5030 fb7f 
  0x0000027807c076b4: 0000 41ff 

  0x0000027807c076b8: ;   {other}
  0x0000027807c076b8: d20f 1f84 | 0000 0000 | 0048 8944 | 2470 4c8b | 9424 c000 | 0000 458b | 5258 4585 | d20f 84fc 
  0x0000027807c076d8: 2200 0049 | 8bea 488b | d54c 8b54 | 2478 4c89 | 5424 384c | 8b94 24b8 | 0000 004c | 8954 2458 
  0x0000027807c076f8: 4c89 5424 | 6066 6690 

  0x0000027807c07700: ;   {static_call}
  0x0000027807c07700: c5f8 77e8 

  0x0000027807c07704: ; ImmutableOopMap {rbp=Oop [32]=NarrowOop [56]=Oop [72]=Oop [80]=Oop [88]=Oop [96]=Oop [120]=Oop [184]=Oop [192]=Oop }
                      ;*invokestatic ensureMaterializedForStackWalk {reexecute=0 rethrow=0 return_oop=0}
                      ; - java.security.AccessController::executePrivileged@5
                      ; - java.security.AccessController::doPrivileged@13
                      ; - java.net.URLClassLoader::findClass@13
                      ; - java.lang.ClassLoader::loadClass@69
                      ; - java.lang.ClassLoader::loadClass@38
  0x0000027807c07704: d85c f0ff 

  0x0000027807c07708: ;   {other}
  0x0000027807c07708: 0f1f 8400 | 7821 0010 | 4c8b cd4c | 8b84 24b8 | 0000 0045 | 0fbe 5810 | 4585 db0f | 8593 4800 
  0x0000027807c07728: 0045 8b58 | 1445 8b53 | 0c45 85d2 | 0f86 ce0b | 0000 418d | 5aff 413b | da0f 8329 | 3f00 0041 
  0x0000027807c07748: 8d4a fd49 | 8bfb 4180 | 7b10 2e0f | 84e7 2100 | 0083 f901 | 0f8e 7f23 | 0000 4889 | 7c24 3889 
  0x0000027807c07768: 4c24 2889 | 5c24 2444 | 8994 2490 | 0000 0044 | 895c 2434 | 4c89 8c24 | 8000 0000 | bd01 0000 
  0x0000027807c07788: 0044 8b8c | 2490 0000 | 0044 2bcd | 4183 c1fd | 448b 5c24 | 2845 33d2 | 443b dd45 | 0f4c ca41 
  0x0000027807c077a8: 81f9 a00f | 0000 41ba | a00f 0000 | 450f 47ca | 4403 cdeb | 0666 6690 | 418b ea4c | 63c5 448b 
  0x0000027807c077c8: 5c24 3447 | 0fbe 5403 | 1041 83fa | 2e0f 840f | 0800 0047 | 0fbe 5403 | 1141 83fa | 2e0f 84f8 
  0x0000027807c077e8: 0700 0047 | 0fbe 5403 | 1241 83fa | 2e0f 84ec | 0700 0047 | 0fbe 5c03 | 1341 83fb 

  0x0000027807c07804: ;   {no_reloc}
  0x0000027807c07804: 2e0f 84d5 | 0700 0044 | 8d55 0445 | 3bd1 7cac | 4d8b 8758 | 0400 0083 

  0x0000027807c0781c: ; ImmutableOopMap {[32]=NarrowOop [52]=NarrowOop [56]=Oop [72]=Oop [80]=Oop [120]=Oop [128]=Oop [184]=Oop [192]=Oop }
                      ;*if_icmpne {reexecute=1 rethrow=0 return_oop=0}
                      ; - (reexecute) java.lang.StringLatin1::replace@28
                      ; - java.lang.String::replace@18
                      ; - java.net.URLClassLoader$1::run@8
                      ; - java.net.URLClassLoader$1::run@1
                      ; - java.security.AccessController::executePrivileged@29
                      ; - java.security.AccessController::doPrivileged@13
                      ; - java.net.URLClassLoader::findClass@13
                      ; - java.lang.ClassLoader::loadClass@69
                      ; - java.lang.ClassLoader::loadClass@38
                      ;   {poll}
  0x0000027807c0781c: c503 4185 | 0044 3b54 | 2428 0f8d | dd22 0000 | 418b eae9 | 55ff ffff | 418b fa8b | efeb 0441 
  0x0000027807c0783c: 8d6a ff44 | 8b53 2045 | 8b5a 1c83 | fdff 0f84 | 0858 0000 | 85ed 0f8c | 9457 0000 | 413b e90f 
  0x0000027807c0785c: 8f5b 5800 | 0044 899c | 24d0 0000 | 0048 899c | 24a0 0000 | 0041 3be9 | 0f84 641d | 0000 85ed 
  0x0000027807c0787c: 0f84 c321 | 0000 4d8b | 9fb8 0100 | 004d 8bd3 | 4983 c218 | 4d3b 97c8 | 0100 000f | 838b 2c00 
  0x0000027807c0789c: 004d 8997 | b801 0000 | 410f 0d8a | c000 0000 | 49c7 0301 

  0x0000027807c078b0: ;   {metadata('java/lang/String')}
  0x0000027807c078b0: 0000 0041 | c743 0878 | e800 0045 | 8963 0c4d | 8963 1044 | 8b54 242c | 4d8d 4210 | 3b6c 2424 
  0x0000027807c078d0: 0f85 d000 | 0000 498b | e84c 899c | 24d8 0000 | 004c 6354 | 2424 4c89 | 5424 5844 | 8b54 2424 
  0x0000027807c078f0: 4181 fa00 | 0010 000f | 877f 2e00 | 004d 8b97 | b801 0000 | 4d8b da4c | 8b54 2458 | 4983 c217 
  0x0000027807c07910: 4983 e2f8 | 4d8b c34d | 03c2 4d3b | 87c8 0100 | 000f 8355 | 2e00 004d | 8987 b801 | 0000 410f 
  0x0000027807c07930: 0d88 c000 | 0000 4d8b | d349 c702 | 0100 0000 | 410f 0d88 | 0001 0000 

  0x0000027807c07948: ;   {metadata({type array byte})}
  0x0000027807c07948: 41c7 4208 | 1823 0000 | 448b 5424 | 2445 8953 | 0c41 0f0d | 8840 0100 | 0041 0f0d | 8880 0100 
  0x0000027807c07968: 004d 8bd3 | 498b d248 | 83c2 1049 | 8bda 4c8b | 5424 5849 | 83c2 0749 | c1ea 0348 | 8bcd 4d8b 
  0x0000027807c07988: c2c5 f877 | 49ba 604b | 5607 7802 | 0000 41ff 

  0x0000027807c07998: ;   {other}
  0x0000027807c07998: d20f 1f84 | 0000 0000 | 00e9 1501 | 0000 81fd | 0000 1000 | 0f87 1251 | 0000 4c89 | 4424 284c 
  0x0000027807c079b8: 899c 24d8 | 0000 0089 | ac24 a800 | 0000 458b | ca4c 63d5 | 8b6c 2424 | 3bac 24a8 | 0000 0044 
  0x0000027807c079d8: 8b84 24a8 | 0000 0041 | 0f4f e844 | 8b5c 2424 | 443b dd0f | 825e 5100 | 0044 3bc5 | 0f82 5551 
  0x0000027807c079f8: 0000 4983 | c217 4c89 | 5424 5849 | 83e2 f84c | 8954 2460 | 4181 f800 | 0010 000f | 8753 2c00 
  0x0000027807c07a18: 0049 8b9f | b801 0000 | 4c8b db4d | 03da 4d3b | 9fc8 0100 | 000f 8339 | 2c00 004d | 899f b801 
  0x0000027807c07a38: 0000 410f | 0d8b c000 | 0000 48c7 | 0301 0000 | 0041 0f0d | 8b00 0100 

  0x0000027807c07a50: ;   {metadata({type array byte})}
  0x0000027807c07a50: 00c7 4308 | 1823 0000 | 4489 430c | 410f 0d8b | 4001 0000 | 410f 0d8b | 8001 0000 | 488b d348 
  0x0000027807c07a70: 83c2 104c | 8b54 2458 | 49c1 ea03 | 85ed 0f84 | 5f50 0000 | 3bac 24a8 | 0000 000f | 8c02 2500 
  0x0000027807c07a90: 004c 8b44 | 2460 4983 | c0f0 49c1 | e803 488b | 4c24 28c5 | f877 49ba | 604b 5607 | 7802 0000 
  0x0000027807c07ab0: ;   {other}
  0x0000027807c07ab0: 41ff d20f | 1f84 0000 | 0000 0041 | 807f 4000 | 0f85 7d23 | 0000 4c8b | 8424 d800 | 0000 4d8b 
  0x0000027807c07ad0: d04c 8bdb | 4589 5814 | 4c8b db4d | 33da 49c1 | eb14 4d85 | db74 1a49 | c1ea 0948 | b900 0036 
  0x0000027807c07af0: 7a78 0200 | 0049 03ca | 8039 020f | 8588 2300 | 0045 8860 | 104c 8984 | 2418 0100 

  0x0000027807c07b0c: ;   {oop(a 'java/lang/Class'{0x00000000e0a90cd8} = 'jdk/internal/access/SharedSecrets')}
  0x0000027807c07b0c: 0049 bad8 | 0ca9 e000 | 0000 0045 | 8b9a d400 | 0000 458b | 4308 4c8b | 9424 a000 | 0000 418b 
  0x0000027807c07b2c: 4a20 8b69 

  0x0000027807c07b30: ;   {metadata('java/util/jar/JavaUtilJarAccessImpl')}
  0x0000027807c07b30: 1841 81f8 | a05b 3100 | 0f85 e644 | 0000 85ed | 0f84 7e43 | 0000 4c8b | cd48 8d9c | 2440 0100 
  0x0000027807c07b50: 0049 8b01 | a802 0f85 | 2300 0000 | 4883 c801 | 4889 03f0 | 490f b119 | 0f84 3700 | 0000 482b 
  0x0000027807c07b70: c448 2507 | f0ff ff48 | 8903 e924 | 0000 004c | 8bd8 4833 | c0f0 4d0f | b17b 3e48 | c703 0300 
  0x0000027807c07b90: 0000 7411 | 4c3b f875 | 1549 ff83 | 8600 0000 | 4833 c075 | 0949 ff87 | 5005 0000 | 33c0 0f85 
  0x0000027807c07bb0: 0c45 0000 | 443b 6530 | 0f85 a325 | 0000 440f | b645 1245 | 85c0 0f85 | a51d 0000 | 488d 8424 
  0x0000027807c07bd0: 4001 0000 | 4883 3800 | 0f84 7900 | 0000 4d8b | 1941 f6c3 | 020f 8462 | 0000 0049 | 83bb 8600 
  0x0000027807c07bf0: 0000 0074 | 0949 ff8b | 8600 0000 | eb4b 498b | 8396 0000 | 0049 0b83 | 8e00 0000 | 750a 49c7 
  0x0000027807c07c10: 433e 0000 | 0000 eb3d | 4983 bb9e | 0000 0000 | 7422 4833 | c049 c743 | 3e00 0000 | 00f0 8304 
  0x0000027807c07c30: ;   {no_reloc}
  0x0000027807c07c30: 2400 4983 | bb9e 0000 | 0000 750d | f04d 0fb1 | 7b3e 7505 | 83c8 01eb | 0ca8 00eb | 084c 8b18 
  0x0000027807c07c50: f04d 0fb1 | 1975 0a49 | ff8f 5005 | 0000 4533 | db0f 859c | 4400 0045 | 8b5a 2041 | 8b6b 1844 
  0x0000027807c07c70: ;   {metadata('java/util/jar/JarFile')}
  0x0000027807c07c70: 8b45 0841 | 81f8 0814 | 1900 0f85 | b444 0000 | 4c8b c541 | 8b78 2885 | ff0f 84fd | 1900 008b 
  0x0000027807c07c90: 6f0c 4180 | 7f40 000f | 85cf 2000 | 0044 8b4d | 084c 8994 | 24a0 0000 | 004c 8b57 

  0x0000027807c07cac: ;   {oop(a 'java/lang/Class'{0x00000000e0a5ff48} = 'java/lang/ref/SoftReference')}
  0x0000027807c07cac: 2049 bb48 | ffa5 e000 | 0000 004d | 8b5b 704d | 3bd3 0f85 | f21b 0000 

  0x0000027807c07cc4: ;   {metadata('java/util/jar/Manifest')}
  0x0000027807c07cc4: 4181 f9a0 | e104 000f | 8533 7000 | 004c 8bd5 | 4c89 9424 | 9800 0000 | 448b 9424 | d000 0000 
  0x0000027807c07ce4: 4c89 5424 | 2848 8b94 | 24c0 0000 | 004c 8b84 | 2418 0100 | 004c 8b8c | 2498 0000 | 0049 8bfa 
  0x0000027807c07d04: 4c8b 5424 | 784c 8954 | 2438 4c8b | 9424 b800 | 0000 4c89 | 5424 5890 

  0x0000027807c07d1c: ;   {optimized virtual_call}
  0x0000027807c07d1c: c5f8 77e8 

  0x0000027807c07d20: ; ImmutableOopMap {[32]=NarrowOop [40]=Oop [56]=Oop [72]=Oop [80]=Oop [88]=Oop [120]=Oop [128]=Oop [152]=Oop [160]=Oop [184]=Oop [192]=Oop [208]=NarrowOop [280]=Oop }
                      ;*invokevirtual getAndVerifyPackage {reexecute=0 rethrow=0 return_oop=1}
                      ; - java.net.URLClassLoader::defineClass@46
                      ; - java.net.URLClassLoader$1::run@43
                      ; - java.net.URLClassLoader$1::run@1
                      ; - java.security.AccessController::executePrivileged@29
                      ; - java.security.AccessController::doPrivileged@13
                      ; - java.net.URLClassLoader::findClass@13
                      ; - java.lang.ClassLoader::loadClass@69
                      ; - java.lang.ClassLoader::loadClass@38
  0x0000027807c07d20: fcf1 57f8 

  0x0000027807c07d24: ;   {other}
  0x0000027807c07d24: 0f1f 8400 | 9427 0012 | 4885 c00f | 8413 1800 | 0048 8b94 | 24a0 0000 | 004c 8b54 | 2478 4c89 
  0x0000027807c07d44: 5424 384c | 8b94 24b8 | 0000 004c | 8954 2458 

  0x0000027807c07d54: ;   {optimized virtual_call}
  0x0000027807c07d54: c5f8 77e8 

  0x0000027807c07d58: ; ImmutableOopMap {[32]=NarrowOop [40]=Oop [56]=Oop [72]=Oop [80]=Oop [88]=Oop [120]=Oop [128]=Oop [160]=Oop [184]=Oop [192]=Oop [208]=NarrowOop }
                      ;*invokevirtual getByteBuffer {reexecute=0 rethrow=0 return_oop=1}
                      ; - java.net.URLClassLoader::defineClass@132
                      ; - java.net.URLClassLoader$1::run@43
                      ; - java.net.URLClassLoader$1::run@1
                      ; - java.security.AccessController::executePrivileged@29
                      ; - java.security.AccessController::doPrivileged@13
                      ; - java.net.URLClassLoader::findClass@13
                      ; - java.lang.ClassLoader::loadClass@69
                      ; - java.lang.ClassLoader::loadClass@38
  0x0000027807c07d58: 644c 9af8 

  0x0000027807c07d5c: ;   {other}
  0x0000027807c07d5c: 0f1f 8400 | cc27 0013 | 4885 c00f | 85c3 5300 | 0048 8b94 | 24a0 0000 | 0066 6690 

  0x0000027807c07d78: ;   {optimized virtual_call}
  0x0000027807c07d78: c5f8 77e8 

  0x0000027807c07d7c: ; ImmutableOopMap {[32]=NarrowOop [40]=Oop [56]=Oop [72]=Oop [80]=Oop [88]=Oop [120]=Oop [128]=Oop [160]=Oop [184]=Oop [192]=Oop [208]=NarrowOop }
                      ;*invokevirtual getBytes {reexecute=0 rethrow=0 return_oop=1}
                      ; - java.net.URLClassLoader::defineClass@179
                      ; - java.net.URLClassLoader$1::run@43
                      ; - java.net.URLClassLoader$1::run@1
                      ; - java.security.AccessController::executePrivileged@29
                      ; - java.security.AccessController::doPrivileged@13
                      ; - java.net.URLClassLoader::findClass@13
                      ; - java.lang.ClassLoader::loadClass@69
                      ; - java.lang.ClassLoader::loadClass@38
  0x0000027807c07d7c: c084 75f8 

  0x0000027807c07d80: ;   {other}
  0x0000027807c07d80: 0f1f 8400 | f027 0014 | 4889 8424 | a800 0000 | 488b 9424 | a000 0000 

  0x0000027807c07d98: ;   {optimized virtual_call}
  0x0000027807c07d98: c5f8 77e8 

  0x0000027807c07d9c: ; ImmutableOopMap {[32]=NarrowOop [40]=Oop [56]=Oop [72]=Oop [80]=Oop [88]=Oop [120]=Oop [128]=Oop [160]=Oop [168]=Oop [184]=Oop [192]=Oop [208]=NarrowOop }
                      ;*invokevirtual getCodeSigners {reexecute=0 rethrow=0 return_oop=1}
                      ; - java.net.URLClassLoader::defineClass@185
                      ; - java.net.URLClassLoader$1::run@43
                      ; - java.net.URLClassLoader$1::run@1
                      ; - java.security.AccessController::executePrivileged@29
                      ; - java.security.AccessController::doPrivileged@13
                      ; - java.net.URLClassLoader::findClass@13
                      ; - java.lang.ClassLoader::loadClass@69
                      ; - java.lang.ClassLoader::loadClass@38
  0x0000027807c07d9c: 4057 9af8 

  0x0000027807c07da0: ;   {other}
  0x0000027807c07da0: 0f1f 8400 | 1028 0015 | 4885 c00f | 85ff 4300 | 0049 8b87 | b801 0000 | 4c8b d049 | 83c2 284d 
  0x0000027807c07dc0: 3b97 c801 | 0000 0f83 | b126 0000 | 4d89 97b8 | 0100 0041 | 0f0d 8ac0 | 0000 0048 | c700 0100 
  0x0000027807c07de0: ;   {metadata('java/security/CodeSource')}
  0x0000027807c07de0: 0000 c740 | 0828 5c00 | 0044 8960 | 0c4c 8960 | 104c 8960 | 184c 8960 | 2048 8984 | 24b0 0000 
  0x0000027807c07e00: 0048 8bd0 | 4c8b 4424 | 2845 33c9 | 4c8b 5424 | 784c 8954 | 2428 4c8b | 9424 b800 | 0000 4c89 
  0x0000027807c07e20: 5424 3890 

  0x0000027807c07e24: ;   {optimized virtual_call}
  0x0000027807c07e24: c5f8 77e8 

  0x0000027807c07e28: ; ImmutableOopMap {[32]=NarrowOop [40]=Oop [56]=Oop [72]=Oop [80]=Oop [120]=Oop [128]=Oop [160]=Oop [168]=Oop [176]=Oop [184]=Oop [192]=Oop }
                      ;*invokespecial <init> {reexecute=0 rethrow=0 return_oop=0}
                      ; - java.net.URLClassLoader::defineClass@198
                      ; - java.net.URLClassLoader$1::run@43
                      ; - java.net.URLClassLoader$1::run@1
                      ; - java.security.AccessController::executePrivileged@29
                      ; - java.security.AccessController::doPrivileged@13
                      ; - java.net.URLClassLoader::findClass@13
                      ; - java.lang.ClassLoader::loadClass@69
                      ; - java.lang.ClassLoader::loadClass@38
  0x0000027807c07e28: f40e 5cf8 

  0x0000027807c07e2c: ;   {other}
  0x0000027807c07e2c: 0f1f 8400 | 9c28 0016 

  0x0000027807c07e34: ;   {oop(a 'jdk/internal/perf/PerfCounter'{0x00000000e0a96138})}
  0x0000027807c07e34: 48ba 3861 | a9e0 0000 | 0000 4c8b | 8424 c800 | 0000 6690 

  0x0000027807c07e48: ;   {optimized virtual_call}
  0x0000027807c07e48: c5f8 77e8 

  0x0000027807c07e4c: ; ImmutableOopMap {[32]=NarrowOop [40]=Oop [56]=Oop [72]=Oop [80]=Oop [120]=Oop [128]=Oop [160]=Oop [168]=Oop [176]=Oop [184]=Oop [192]=Oop }
                      ;*invokevirtual addElapsedTimeFrom {reexecute=0 rethrow=0 return_oop=0}
                      ; - java.net.URLClassLoader::defineClass@207
                      ; - java.net.URLClassLoader$1::run@43
                      ; - java.net.URLClassLoader$1::run@1
                      ; - java.security.AccessController::executePrivileged@29
                      ; - java.security.AccessController::doPrivileged@13
                      ; - java.net.URLClassLoader::findClass@13
                      ; - java.lang.ClassLoader::loadClass@69
                      ; - java.lang.ClassLoader::loadClass@38
  0x0000027807c07e4c: f04c 0100 

  0x0000027807c07e50: ;   {other}
  0x0000027807c07e50: 0f1f 8400 | c028 0017 | 4c8b 8c24 | a800 0000 

  0x0000027807c07e60: ; implicit exception: dispatches to 0x0000027807c0f39c
  0x0000027807c07e60: 418b 710c | 488b 9424 | c000 0000 | 4c8b 4424 | 3833 ff48 | 8b8c 24b0 | 0000 0090 

  0x0000027807c07e7c: ;   {optimized virtual_call}
  0x0000027807c07e7c: c5f8 77e8 

  0x0000027807c07e80: ; ImmutableOopMap {[32]=NarrowOop [40]=Oop [56]=Oop [72]=Oop [80]=Oop [120]=Oop [128]=Oop [160]=Oop [184]=Oop [192]=Oop }
                      ;*invokevirtual defineClass {reexecute=0 rethrow=0 return_oop=1}
                      ; - java.net.URLClassLoader::defineClass@220
                      ; - java.net.URLClassLoader$1::run@43
                      ; - java.net.URLClassLoader$1::run@1
                      ; - java.security.AccessController::executePrivileged@29
                      ; - java.security.AccessController::doPrivileged@13
                      ; - java.net.URLClassLoader::findClass@13
                      ; - java.lang.ClassLoader::loadClass@69
                      ; - java.lang.ClassLoader::loadClass@38
  0x0000027807c07e80: dc16 5cf8 

  0x0000027807c07e84: ;   {other}
  0x0000027807c07e84: 0f1f 8400 | f428 0018 | 4885 c00f | 84a4 0700 | 0048 8944 | 2428 4c8b | 4424 704c | 2b44 2468 
  0x0000027807c07ea4: 448b 5424 | 2049 8bea 

  0x0000027807c07eac: ;   {oop(a 'jdk/internal/perf/PerfCounter'{0x00000000e0a962e8})}
  0x0000027807c07eac: 48ba e862 | a9e0 0000 | 0000 4c8b | 5424 784c | 8954 2438 

  0x0000027807c07ec0: ;   {optimized virtual_call}
  0x0000027807c07ec0: c5f8 77e8 

  0x0000027807c07ec4: ; ImmutableOopMap {rbp=Oop [40]=Oop [56]=Oop [72]=Oop [80]=Oop [120]=Oop [184]=Oop }
                      ;*invokevirtual add {reexecute=0 rethrow=0 return_oop=0}
                      ; - jdk.internal.perf.PerfCounter::addTime@2
                      ; - java.lang.ClassLoader::loadClass@82
                      ; - java.lang.ClassLoader::loadClass@38
  0x0000027807c07ec4: 58b9 faff 

  0x0000027807c07ec8: ;   {other}
  0x0000027807c07ec8: 0f1f 8400 | 3829 0019 

  0x0000027807c07ed0: ;   {oop(a 'jdk/internal/perf/PerfCounter'{0x00000000e0a961c8})}
  0x0000027807c07ed0: 48ba c861 | a9e0 0000 | 0000 4c8b | 4424 7090 

  0x0000027807c07ee0: ;   {optimized virtual_call}
  0x0000027807c07ee0: c5f8 77e8 

  0x0000027807c07ee4: ; ImmutableOopMap {rbp=Oop [40]=Oop [56]=Oop [72]=Oop [80]=Oop [120]=Oop [184]=Oop }
                      ;*invokevirtual addElapsedTimeFrom {reexecute=0 rethrow=0 return_oop=0}
                      ; - java.lang.ClassLoader::loadClass@90
                      ; - java.lang.ClassLoader::loadClass@38
  0x0000027807c07ee4: 584c 0100 

  0x0000027807c07ee8: ;   {other}
  0x0000027807c07ee8: 0f1f 8400 | 5829 001a 

  0x0000027807c07ef0: ;   {oop(a 'jdk/internal/perf/PerfCounter'{0x00000000e0a96258})}
  0x0000027807c07ef0: 48ba 5862 | a9e0 0000 | 0000 41b8 | 0100 0000 

  0x0000027807c07f00: ;   {optimized virtual_call}
  0x0000027807c07f00: c5f8 77e8 

  0x0000027807c07f04: ; ImmutableOopMap {rbp=Oop [40]=Oop [56]=Oop [72]=Oop [80]=Oop [120]=Oop [184]=Oop }
                      ;*invokevirtual add {reexecute=0 rethrow=0 return_oop=0}
                      ; - jdk.internal.perf.PerfCounter::increment@2
                      ; - java.lang.ClassLoader::loadClass@96
                      ; - java.lang.ClassLoader::loadClass@38
  0x0000027807c07f04: 18b9 faff 

  0x0000027807c07f08: ;   {other}
  0x0000027807c07f08: 0f1f 8400 | 7829 001b | 488b 5c24 | 284c 8b5c | 2478 488d | 8424 3801 | 0000 4883 | 3800 0f84 
  0x0000027807c07f28: 7900 0000 | 4d8b 1341 | f6c2 020f | 8462 0000 | 0049 83ba | 8600 0000 | 0074 0949 | ff8a 8600 
  0x0000027807c07f48: 0000 eb4b | 498b 8296 | 0000 0049 | 0b82 8e00 | 0000 750a | 49c7 423e | 0000 0000 | eb3d 4983 
  0x0000027807c07f68: ba9e 0000 | 0000 7422 | 4833 c049 | c742 3e00 | 0000 00f0 | 8304 2400 | 4983 ba9e | 0000 0000 
  0x0000027807c07f88: 750d f04d | 0fb1 7a3e | 7505 83c8 | 01eb 0ca8 | 00eb 084c | 8b10 f04d | 0fb1 1375 | 0a49 ff8f 
  0x0000027807c07fa8: 5005 0000 | 4533 d20f | 840c 1200 | 0049 8bcb | 488d 9424 | 3801 0000 | 4d8b c7c5 | f877 49ba 
  0x0000027807c07fc8: 40d9 5630 | fb7f 0000 

  0x0000027807c07fd0: ;   {other}
  0x0000027807c07fd0: 41ff d20f | 1f84 0000 | 0000 00e9 | e111 0000 | 83c5 02ff | c5eb 0383 | c502 3bac | 2490 0000 
  0x0000027807c07ff0: 000f 8dfc | 0200 0044 | 8b94 2490 | 0000 0041 | 81fa 0000 | 1000 0f87 | 2423 0000 | 4d8b 87b8 
  0x0000027807c08010: 0100 004c | 6394 2490 | 0000 0049 | 83c2 1749 | 83e2 f84d | 8bd8 4d03 | da4d 3b9f | c801 0000 
  0x0000027807c08030: 0f83 fa22 | 0000 4d89 | 9fb8 0100 | 0041 0f0d | 8bc0 0000 | 0049 c700 | 0100 0000 | 410f 0d8b 
  0x0000027807c08050: 0001 0000 

  0x0000027807c08054: ;   {metadata({type array byte})}
  0x0000027807c08054: 41c7 4008 | 1823 0000 | 448b 8c24 | 9000 0000 | 4589 480c | 410f 0d8b | 4001 0000 | 410f 0d8b 
  0x0000027807c08074: 8001 0000 | 4d8b d885 | ed0f 8eae | 0000 008d | 5dff 3b9c | 2490 0000 | 000f 83c5 | 4300 0044 
  0x0000027807c08094: 8b84 2490 | 0000 0045 | 85c0 0f86 | b443 0000 | 448b 5424 | 3445 0fbe | 5210 4588 | 5310 83fb 
  0x0000027807c080b4: 010f 8ef9 | 4300 00ba | d007 0000 | b901 0000 | 008b fd2b | f9ff cf45 | 33c0 3bd9 | 410f 4cf8 
  0x0000027807c080d4: 81ff d007 | 0000 0f47 | fa03 f990 | 4c63 d144 | 8b4c 2434 | 470f be44 | 1110 4788 | 4413 1047 
  0x0000027807c080f4: 0fbe 4c11 | 1147 884c | 1311 83c1 | 023b cf7c | db4d 8b97 

  0x0000027807c08108: ; ImmutableOopMap {r11=Oop [32]=NarrowOop [52]=NarrowOop [56]=Oop [72]=Oop [80]=Oop [120]=Oop [128]=Oop [184]=Oop [192]=Oop }
                      ;*goto {reexecute=1 rethrow=0 return_oop=0}
                      ; - (reexecute) java.lang.StringLatin1::replace@76
                      ; - java.lang.String::replace@18
                      ; - java.net.URLClassLoader$1::run@8
                      ; - java.net.URLClassLoader$1::run@1
                      ; - java.security.AccessController::executePrivileged@29
                      ; - java.security.AccessController::doPrivileged@13
                      ; - java.net.URLClassLoader::findClass@13
                      ; - java.lang.ClassLoader::loadClass@69
                      ; - java.lang.ClassLoader::loadClass@38
  0x0000027807c08108: 5804 0000 

  0x0000027807c0810c: ;   {poll}
  0x0000027807c0810c: 4185 023b | cb7c b23b | cd7d 1a90 | 4c63 d144 | 8b4c 2434 | 470f be4c | 1110 4788 | 4c13 10ff 
  0x0000027807c0812c: c13b cd7c | e73b ac24 | 9000 0000 | 0f8d a118 | 0000 3bac | 2490 0000 | 000f 83ec | 3600 0044 
  0x0000027807c0814c: 8b54 2424 | 443b 9424 | 9000 0000 | 0f83 d936 | 0000 448d | 4501 4c63 | d58b 4c24 | 3442 0fbe 
  0x0000027807c0816c: 4c11 1083 | f92e 0f84 | 6c13 0000 | 4388 4c13 | 1044 8d4d | 0145 3bc8 | 7d05 418b | e9eb d744 
  0x0000027807c0818c: 3b4c 2428 | 0f8d f500 | 0000 ffc5 | e990 0000 | 0041 ba2f | 0000 0066 | 0f1f 8400 | 0000 0000 
  0x0000027807c081ac: 6666 6690 | 4788 540b | 1147 0fbe | 5408 1241 | 83fa 2e74 | 4447 8854 | 0b12 470f | be54 0813 
  0x0000027807c081cc: 4183 fa2e | 743b 4788 | 540b 1383 | c504 3be9 | 7d3f 4c63 | cd44 8b44 | 2434 470f | be54 0810 
  0x0000027807c081ec: 4183 fa2e | 7423 4788 | 540b 1047 | 0fbe 5408 | 1141 83fa | 2e75 adeb | 9841 ba2f 

  0x0000027807c08208: ;   {no_reloc}
  0x0000027807c08208: 0000 00eb | b441 ba2f | 0000 00eb | bd41 ba2f | 0000 00eb | d54d 8b97 

  0x0000027807c08220: ; ImmutableOopMap {r11=Oop [32]=NarrowOop [52]=NarrowOop [56]=Oop [72]=Oop [80]=Oop [120]=Oop [128]=Oop [184]=Oop [192]=Oop }
                      ;*goto {reexecute=1 rethrow=0 return_oop=0}
                      ; - (reexecute) java.lang.StringLatin1::replace@113
                      ; - java.lang.String::replace@18
                      ; - java.net.URLClassLoader$1::run@8
                      ; - java.net.URLClassLoader$1::run@1
                      ; - java.security.AccessController::executePrivileged@29
                      ; - java.security.AccessController::doPrivileged@13
                      ; - java.net.URLClassLoader::findClass@13
                      ; - java.lang.ClassLoader::loadClass@69
                      ; - java.lang.ClassLoader::loadClass@38
  0x0000027807c08220: 5804 0000 

  0x0000027807c08224: ;   {poll}
  0x0000027807c08224: 4185 023b | 6c24 287d | 618b 8c24 | 9000 0000 | 2bcd 83c1 | fd44 8b54 | 2428 4533 | c944 3bd5 
  0x0000027807c08244: 410f 4cc9 | 81f9 a00f | 0000 41b8 | a00f 0000 | 410f 47c8 | 03cd e97f | ffff ff4c | 63d5 8b4c 
  0x0000027807c08264: 2434 460f | be4c 1110 | 4183 f92e | 0f84 7d13 | 0000 498b | d347 884c | 1310 ffc5 | 3bac 2490 
  0x0000027807c08284: 0000 007c | d6eb 0f41 | 8be9 3bac | 2490 0000 | 007c c849 | 8bd3 498b | 9fb8 0100 | 004c 8bd3 
  0x0000027807c082a4: 4983 c218 | 4d3b 97c8 | 0100 000f | 83b3 2000 | 004d 8997 | b801 0000 | 410f 0d8a | c000 0000 
  0x0000027807c082c4: 48c7 0301 

  0x0000027807c082c8: ;   {metadata('java/lang/String')}
  0x0000027807c082c8: 0000 00c7 | 4308 78e8 | 0000 4489 | 630c 4c89 | 6310 4c8b | da44 895b | 144c 8b84 | 24b8 0000 
  0x0000027807c082e8: 004c 8b8c | 2480 0000 | 00eb 1b4c | 8b84 24b8 | 0000 004c | 8b8c 2480 | 0000 0044 | 8b5c 2434 
  0x0000027807c08308: 498b d349 | 8bd8 448b | 520c 4585 | d20f 864d | 1100 0044 | 0fbe 5b10 | c4c2 22f7 | ca48 63f9 
  0x0000027807c08328: 4183 fb01 | 0f84 de43 | 0000 85c9 | 0f8c aa41 | 0000 4889 | bc24 a000 | 0000 898c | 2490 0000 
  0x0000027807c08348: 0044 895c | 2424 4489 | 5424 2c48 | 899c 2498 | 0000 0048 | 8994 2488 | 0000 004c | 898c 2480 
  0x0000027807c08368: 0000 004c | 8984 24b8 | 0000 004c | 8d5f 0641 | 8beb 85ed | 0f8c d641 | 0000 4d8b | d349 c1fa 
  0x0000027807c08388: 2045 8bd2 | c4e2 29f7 | ed89 ac24 | 9400 0000 | 85ed 0f8c | ec43 0000 | 81fd 0000 | 1000 0f87 
  0x0000027807c083a8: 5833 0000 | 4c63 c581 | fd00 0010 | 000f 87bf | 1e00 004d | 8b97 b801 | 0000 4983 | c017 4983 
  0x0000027807c083c8: ;   {no_reloc}
  0x0000027807c083c8: e0f8 4d8b | ca4d 03c8 | 4d3b 8fc8 | 0100 000f | 839d 1e00 | 004d 898f | b801 0000 | 410f 0d89 
  0x0000027807c083e8: c000 0000 | 49c7 0201 | 0000 0041 | 0f0d 8900 

  0x0000027807c083f8: ;   {metadata({type array byte})}
  0x0000027807c083f8: 0100 0041 | c742 0818 | 2300 0041 | 896a 0c41 | 0f0d 8940 | 0100 0041 | 0f0d 8980 | 0100 0044 
  0x0000027807c08418: 8b84 2490 | 0000 0041 | 83c0 0644 | 8b8c 2494 | 0000 0045 | 3bc8 0f82 | d832 0000 | 4c63 9c24 
  0x0000027807c08438: 9000 0000 | 8b8c 2490 | 0000 0085 | c90f 8f4d | 0100 0043 | c644 1a10 | 2e43 c644 | 1a11 6343 
  0x0000027807c08458: c644 1a12 | 6c43 c644 | 1a13 6143 | c644 1a14 | 7343 c644 | 1a15 7344 | 8b44 2424 | 4585 c00f 
  0x0000027807c08478: 852f 4100 | 0044 3b4c | 242c 0f82 | fc32 0000 | 448b 5c24 | 2c45 85db | 7634 488b | 8c24 8800 
  0x0000027807c08498: 0000 4883 | c110 498b | d248 83c2 | 1049 8bda | 4d63 c3c5 | f877 49ba | c044 5607 | 7802 0000 
  0x0000027807c084b8: ;   {other}
  0x0000027807c084b8: 41ff d20f | 1f84 0000 | 0000 004c | 8bd3 498b | 87b8 0100 | 004c 8bd8 | 4983 c318 | 4d3b 9fc8 
  0x0000027807c084d8: 0100 000f | 83db 1d00 | 004d 899f | b801 0000 | 410f 0d8b | c000 0000 | 48c7 0001 

  0x0000027807c084f4: ;   {metadata('java/lang/String')}
  0x0000027807c084f4: 0000 00c7 | 4008 78e8 | 0000 4489 | 600c 4489 | 6010 4489 | 5014 4889 | 8424 8800 | 0000 4c8b 
  0x0000027807c08514: 8424 b800 | 0000 4c8b | 8c24 8000 | 0000 4c8b | 9424 c000 | 0000 458b | 5a54 4585 | db0f 8445 
  0x0000027807c08534: 2f00 004c | 898c 2480 | 0000 004c | 8984 24b8 | 0000 004d | 8bd3 4c89 | 5424 2844 | 895c 2434 
  0x0000027807c08554: 498b d245 | 33c0 4c8b | 5424 784c | 8954 2438 | 4c8b 9424 | b800 0000 | 4c89 5424 | 584c 8954 
  0x0000027807c08574: 2460 6690 

  0x0000027807c08578: ;   {optimized virtual_call}
  0x0000027807c08578: c5f8 77e8 

  0x0000027807c0857c: ; ImmutableOopMap {[32]=NarrowOop [40]=Oop [52]=NarrowOop [56]=Oop [72]=Oop [80]=Oop [88]=Oop [96]=Oop [120]=Oop [128]=Oop [136]=Oop [184]=Oop [192]=Oop }
                      ;*invokevirtual getLoader {reexecute=0 rethrow=0 return_oop=1}
                      ; - jdk.internal.loader.URLClassPath::getResource@42
                      ; - java.net.URLClassLoader$1::run@26
                      ; - java.net.URLClassLoader$1::run@1
                      ; - java.security.AccessController::executePrivileged@29
                      ; - java.security.AccessController::doPrivileged@13
                      ; - java.net.URLClassLoader::findClass@13
                      ; - java.lang.ClassLoader::loadClass@69
                      ; - java.lang.ClassLoader::loadClass@38
  0x0000027807c0857c: 00e8 f1ff 

  0x0000027807c08580: ;   {other}
  0x0000027807c08580: 0f1f 8400 | f02f 001e | 4885 c00f | 84a8 0000 | 0048 8bd0 | 33ed eb2c | 43c6 441a | 1573 43c6 
  0x0000027807c085a0: 441a 1473 | 43c6 441a | 1361 43c6 | 441a 126c | 43c6 441a | 1163 43c6 | 441a 102e | e9ae feff 
  0x0000027807c085c0: ff48 8bd0 | 448b 5a08 

  0x0000027807c085c8: ;   {metadata('jdk/internal/loader/URLClassPath$JarLoader')}
  0x0000027807c085c8: 4181 fb70 | 0c21 000f | 85cb 2000 | 004c 8b84 | 2488 0000 | 0045 33c9 | 4c8b 5424 | 784c 8954 
  0x0000027807c085e8: 2458 4c8b | 9424 b800 | 0000 4c89 | 5424 604c | 8994 2490 | 0000 0090 

  0x0000027807c08600: ;   {optimized virtual_call}
  0x0000027807c08600: c5f8 77e8 

  0x0000027807c08604: ; ImmutableOopMap {[32]=NarrowOop [40]=Oop [52]=NarrowOop [72]=Oop [80]=Oop [88]=Oop [96]=Oop [120]=Oop [128]=Oop [136]=Oop [144]=Oop [184]=Oop [192]=Oop }
                      ;*invokevirtual getResource {reexecute=0 rethrow=0 return_oop=1}
                      ; - jdk.internal.loader.URLClassPath::getResource@53
                      ; - java.net.URLClassLoader$1::run@26
                      ; - java.net.URLClassLoader$1::run@1
                      ; - java.security.AccessController::executePrivileged@29
                      ; - java.security.AccessController::doPrivileged@13
                      ; - java.net.URLClassLoader::findClass@13
                      ; - java.lang.ClassLoader::loadClass@69
                      ; - java.lang.ClassLoader::loadClass@38
  0x0000027807c08604: 985f f2ff 

  0x0000027807c08608: ;   {other}
  0x0000027807c08608: 0f1f 8400 | 7830 001f | 4885 c00f | 8572 0c00 | 00ff c548 | 8b54 2428 | 448b c590 

  0x0000027807c08624: ;   {optimized virtual_call}
  0x0000027807c08624: c5f8 77e8 

  0x0000027807c08628: ; ImmutableOopMap {[32]=NarrowOop [40]=Oop [52]=NarrowOop [72]=Oop [80]=Oop [88]=Oop [96]=Oop [120]=Oop [128]=Oop [136]=Oop [184]=Oop [192]=Oop }
                      ;*invokevirtual getLoader {reexecute=0 rethrow=0 return_oop=1}
                      ; - jdk.internal.loader.URLClassPath::getResource@42
                      ; - java.net.URLClassLoader$1::run@26
                      ; - java.net.URLClassLoader$1::run@1
                      ; - java.security.AccessController::executePrivileged@29
                      ; - java.security.AccessController::doPrivileged@13
                      ; - java.net.URLClassLoader::findClass@13
                      ; - java.lang.ClassLoader::loadClass@69
                      ; - java.lang.ClassLoader::loadClass@38
  0x0000027807c08628: 54e7 f1ff 

  0x0000027807c0862c: ;   {other}
  0x0000027807c0862c: 0f1f 8400 | 9c30 0020 | 4885 c075 | 8849 8b87 | b801 0000 | 4c8b d049 | 83c2 284d | 3b97 c801 
  0x0000027807c0864c: 0000 0f83 | 9c1c 0000 | 4d89 97b8 | 0100 0041 | 0f0d 8ac0 | 0000 0048 | c700 0100 

  0x0000027807c08668: ;   {metadata('java/lang/ClassNotFoundException')}
  0x0000027807c08668: 0000 c740 | 0888 9306 | 0044 8960 | 0c4c 8960 | 104c 8960 | 184c 8960 | 2048 8be8 | 488b d54c 
  0x0000027807c08688: 8b84 24b8 | 0000 004c | 8b54 2478 | 4c89 5424 | 2866 6690 

  0x0000027807c0869c: ;   {optimized virtual_call}
  0x0000027807c0869c: c5f8 77e8 

  0x0000027807c086a0: ; ImmutableOopMap {rbp=Oop [40]=Oop [72]=Oop [80]=Oop [120]=Oop [184]=Oop [192]=Oop }
                      ;*invokespecial <init> {reexecute=0 rethrow=0 return_oop=0}
                      ; - java.net.URLClassLoader::findClass@41
                      ; - java.lang.ClassLoader::loadClass@69
                      ; - java.lang.ClassLoader::loadClass@38
  0x0000027807c086a0: 5c72 0100 

  0x0000027807c086a4: ;   {other}
  0x0000027807c086a4: 0f1f 8400 | 1431 0021 | 4c8b 5c24 | 7848 8d84 | 2438 0100 | 0048 8338 | 000f 8479 | 0000 004d 
  0x0000027807c086c4: 8b13 41f6 | c202 0f84 | 6200 0000 | 4983 ba86 | 0000 0000 | 7409 49ff | 8a86 0000 | 00eb 4b49 
  0x0000027807c086e4: 8b82 9600 | 0000 490b | 828e 0000 | 0075 0a49 | c742 3e00 | 0000 00eb | 3d49 83ba | 9e00 0000 
  0x0000027807c08704: 0074 2248 | 33c0 49c7 | 423e 0000 | 0000 f083 | 0424 0049 | 83ba 9e00 | 0000 0075 | 0df0 4d0f 
  0x0000027807c08724: b17a 3e75 | 0583 c801 | eb0c a800 | eb08 4c8b | 10f0 4d0f | b113 750a | 49ff 8f50 | 0500 0045 
  0x0000027807c08744: 33d2 0f85 | c030 0000 | 448b 5d08 | 49b8 0000 | 000f 7802 | 0000 4d03 | c34d 8b50 

  0x0000027807c08760: ;   {metadata('java/lang/ClassNotFoundException')}
  0x0000027807c08760: 5049 bb88 | 9306 0f78 | 0200 004d | 3bd3 0f84 | 8c09 0000 | 488d 8424 | 3001 0000 | 4c8b 5c24 
  0x0000027807c08780: 5048 8338 | 000f 8479 | 0000 004d | 8b13 41f6 | c202 0f84 | 6200 0000 | 4983 ba86 | 0000 0000 
  0x0000027807c087a0: 7409 49ff | 8a86 0000 | 00eb 4b49 | 8b82 9600 | 0000 490b | 828e 0000 | 0075 0a49 | c742 3e00 
  0x0000027807c087c0: 0000 00eb | 3d49 83ba | 9e00 0000 | 0074 2248 | 33c0 49c7 | 423e 0000 | 0000 f083 | 0424 0049 
  0x0000027807c087e0: 83ba 9e00 | 0000 0075 | 0df0 4d0f | b17a 3e75 | 0583 c801 | eb0c a800 | eb08 4c8b | 10f0 4d0f 
  0x0000027807c08800: b113 750a | 49ff 8f50 | 0500 0045 | 33d2 0f85 | 3c4e 0000 | 488b d5c5 | f877 4881 | c450 0100 
  0x0000027807c08820: ;   {runtime_call _rethrow_Java}
  0x0000027807c08820: 005d e959 | c3a3 ff41 | 8bda 448b | dbeb 0945 | 8d5a ffeb | 0345 8bd9 | 4c8b c945 | 85db 0f8c 
  0x0000027807c08840: 443b 0000 | 453b d80f | 8f93 3b00 | 0045 3bd8 | 0f84 810c | 0000 4585 | db0f 84a4 | 1100 004d 
  0x0000027807c08860: 8b87 b801 | 0000 4d8b | d049 83c2 | 184d 3b97 | c801 0000 | 0f83 bb19 | 0000 4d89 | 97b8 0100 
  0x0000027807c08880: 0041 0f0d | 8ac0 0000 | 0049 c700 | 0100 0000 

  0x0000027807c08890: ;   {metadata('java/lang/String')}
  0x0000027807c08890: 41c7 4008 | 78e8 0000 | 4589 600c | 4d89 6010 | 448b 5424 | 2c49 8d5a | 1044 3bdd | 0f85 b600 
  0x0000027807c088b0: 0000 4c63 | dd81 fd00 | 0010 000f | 8797 1c00 | 004c 895c | 2460 4889 | 5c24 384c | 8944 2458 
  0x0000027807c088d0: 4c89 4c24 | 2049 8b9f | b801 0000 | 4d8d 5317 | 4983 e2f8 | 4c8b db4d | 03da 4d3b | 9fc8 0100 
  0x0000027807c088f0: 000f 8375 | 1c00 004d | 899f b801 | 0000 410f | 0d8b c000 | 0000 48c7 | 0301 0000 | 0041 0f0d 
  0x0000027807c08910: 8b00 0100 

  0x0000027807c08914: ;   {metadata({type array byte})}
  0x0000027807c08914: 00c7 4308 | 1823 0000 | 896b 0c41 | 0f0d 8b40 | 0100 0041 | 0f0d 8b80 | 0100 0048 | 8bd3 4883 
  0x0000027807c08934: c210 4c8b | 4424 6049 | 83c0 0749 | c1e8 0348 | 8b4c 2438 | c5f8 7749 | ba60 4b56 | 0778 0200 
  0x0000027807c08954: 0041 ffd2 

  0x0000027807c08958: ;   {other}
  0x0000027807c08958: 0f1f 8400 | 0000 0000 | 4c8b d3e9 | 1201 0000 | 4181 fb00 | 0010 000f | 8793 3000 | 0049 63cb 
  0x0000027807c08978: 8bfd 413b | eb41 0f4f | eb3b fd0f | 82f3 3000 | 0044 3bdd | 0f82 ea30 | 0000 4883 | c117 4c8b 
  0x0000027807c08998: d149 83e2 | f841 81fb | 0000 1000 | 0f87 381a | 0000 4c89 | 5424 6848 | 894c 2460 | 4889 5c24 
  0x0000027807c089b8: 384c 8944 | 2458 4489 | 5c24 284c | 894c 2420 | 4d8b 97b8 | 0100 004d | 8bc2 4c8b | 5c24 684d 
  0x0000027807c089d8: 03c3 4d3b | 87c8 0100 | 000f 8319 | 1a00 004d | 8987 b801 | 0000 410f | 0d88 c000 | 0000 49c7 
  0x0000027807c089f8: 0201 0000 | 0041 0f0d | 8800 0100 

  0x0000027807c08a04: ;   {metadata({type array byte})}
  0x0000027807c08a04: 0041 c742 | 0818 2300 | 0044 8b5c | 2428 4589 | 5a0c 410f | 0d88 4001 | 0000 410f | 0d88 8001 
  0x0000027807c08a24: 0000 498b | d248 83c2 | 104c 8b44 | 2460 49c1 | e803 85ed | 0f84 d22f | 0000 413b | eb0f 8c7f 
  0x0000027807c08a44: 1200 0049 | 8bda 4c8b | 5424 6849 | 83c2 f049 | c1ea 0348 | 8b4c 2438 | 4d8b c2c5 | f877 49ba 
  0x0000027807c08a64: 604b 5607 | 7802 0000 

  0x0000027807c08a6c: ;   {other}
  0x0000027807c08a6c: 41ff d20f | 1f84 0000 | 0000 004c | 8bd3 4180 | 7f40 000f | 85cf 0f00 | 0048 8b5c | 2458 4c8b 
  0x0000027807c08a8c: db4d 8bca | 4489 4b14 | 4d33 d349 | c1ea 144d | 85d2 7416 | 49c1 eb09 | 4c8b 4424 | 204d 03c3 
  0x0000027807c08aac: 4180 3802 | 0f85 d60f | 0000 4488 | 6310 4c8b | c38b 430c | 85c0 0f84 | 4809 0000 

  0x0000027807c08ac8: ;   {oop(a 'java/util/concurrent/ConcurrentHashMap'{0x00000000e0975228})}
  0x0000027807c08ac8: 49ba 2852 | 97e0 0000 | 0000 418b | 4a28 85c9 | 0f84 9303 | 0000 448b | 490c 4585 | c90f 86cd 
  0x0000027807c08ae8: 3700 0044 | 8bd0 41c1 | ea10 4433 | d041 ffc9 | 4181 e2ff | ffff 7f45 | 23ca 4d63 | d946 8b5c 
  0x0000027807c08b08: 9910 4585 | db0f 845e | 0300 0041 | 8b6b 0c41 | 3bea 0f85 | b002 0000 | 418b 6b10 | 4c8b cd4d 
  0x0000027807c08b28: 3bc8 0f84 | 1001 0000 

  0x0000027807c08b30: ; implicit exception: dispatches to 0x0000027807c0f744
  0x0000027807c08b30: 8b4d 084c | 8bcd 4d3b | c10f 8401 

  0x0000027807c08b3c: ;   {metadata('java/lang/String')}
  0x0000027807c08b3c: 0100 0081 | f978 e800 | 000f 8555 | 6100 0041 | 0fbe 5810 | 410f be69 | 103b dd0f | 8577 4900 
  0x0000027807c08b5c: 0045 8b49 | 1441 8b78 | 1441 8b59 | 0c8b 4f0c | 3bcb 0f85 | 6402 0000 | 498b d949 | 8d71 104c 
  0x0000027807c08b7c: 8bcf 488d | 7f10 85c9 | 0f84 9d00 | 0000 8bc1 | 83e0 1f83 | e1e0 0f84 | 4b00 0000 | 488d 3c0f 
  0x0000027807c08b9c: 488d 340e | 48f7 d9c5 | fe6f 0c0f | c5fe 6f04 | 0ec5 f5ef | c8c4 e27d | 17c9 0f85 | 7200 0000 
  0x0000027807c08bbc: 4883 c120 | 75e1 85c0 | 0f84 5d00 | 0000 c5fe | 6f4c 07e0 | c5fe 6f44 | 06e0 c5f5 | efc8 c4e2 
  0x0000027807c08bdc: 7d17 c975 | 4deb 448b | c883 e1fc | 7419 488d | 3c0f 488d | 340e 48f7 | d98b 1c0f | 3b1c 0e75 
  0x0000027807c08bfc: 3148 83c1 | 0475 f2a8 | 0274 120f | b71f 0fb7 | 0e3b d975 | 1d48 8d7f | 0248 8d76 | 02a8 0174 
  0x0000027807c08c1c: 0a0f b61f | 0fb6 0e3b | d975 07b8 | 0100 0000 | eb02 33c0 | c5f5 efc9 | c5fd efc0 | 85c0 0f84 
  0x0000027807c08c3c: ;   {no_reloc}
  0x0000027807c08c3c: 9801 0000 | 418b 6b14 | 85ed 0f84 | 2502 0000 | 448b 5508 

  0x0000027807c08c50: ;   {metadata('jdk/internal/loader/BuiltinClassLoader$LoadedModule')}
  0x0000027807c08c50: 4181 faa8 | de16 000f | 8535 5f00 | 004c 8bd5 | 418b 6a0c | 4c8b dd4c | 8b44 2478 | 4d3b d80f 
  0x0000027807c08c70: 849b 0900 | 0044 8b5d 

  0x0000027807c08c78: ;   {metadata('jdk/internal/loader/ClassLoaders$BootClassLoader')}
  0x0000027807c08c78: 0841 81fb | 104d 1700 | 0f85 9e2c | 0000 488b | b424 b800 | 0000 8b6e | 1444 8b4d | 0c45 85c9 
  0x0000027807c08c98: 0f86 ca2c | 0000 440f | be5e 1045 | 85db 0f85 | 7c3d 0000 | c442 22f7 | d145 3bd1 | 450f 4fd1 
  0x0000027807c08cb8: 4c8b dd4c | 8d5d 1045 | 85d2 0f8e | d000 0000 | 453b ca0f | 82e7 2c00 | 0049 8bfb | 418b d2b8 
  0x0000027807c08cd8: 2f00 0000 | 488b df83 | fa10 0f8c | 7900 0000 | 83fa 200f | 8c36 0000 | 00c5 f96e | c0c4 e27d 
  0x0000027807c08cf8: 78c0 c5f5 | efc9 8bca | 83e1 e083 | e21f c5fe | 6f13 c5ed | 74d0 c4e2 | 7d17 ca0f | 8369 0000 
  0x0000027807c08d18: 0048 83c3 | 2083 e920 | 75e4 e90d | 0000 00c5 | f96e c0c5 | f1ef c9c4 | e279 00c1 | 83fa 100f 
  0x0000027807c08d38: 8c24 0000 | 008b ca83 | e1f0 83e2 | 0fc5 fa6f | 13c5 e974 | d0c4 e279 | 17ca 0f83 | 2a00 0000 
  0x0000027807c08d58: 4883 c310 | 83e9 1075 | e485 d20f | 8412 0000 | 000f b60b | 3bc1 741c | 4883 c301 | 83ea 0174 
  0x0000027807c08d78: ;   {no_reloc}
  0x0000027807c08d78: 02eb eebb | ffff ffff | eb0d c5fd | d7ca 0fbc | c148 03d8 | 482b df83 | fbff 0f85 | d83c 0000 
  0x0000027807c08d98: 410f b62b | 83fd 5b0f | 8477 3e00 | 0048 8bd6 | 4889 5424 | 3848 8bac | 2480 0000 | 0066 6690 
  0x0000027807c08db8: ;   {static_call}
  0x0000027807c08db8: c5f8 77e8 

  0x0000027807c08dbc: ; ImmutableOopMap {rbp=Oop [56]=Oop [72]=Oop [80]=Oop [120]=Oop [128]=Oop [184]=Oop }
                      ;*invokestatic findBootstrapClass {reexecute=0 rethrow=0 return_oop=1}
                      ; - java.lang.ClassLoader::findBootstrapClassOrNull@10
                      ; - java.lang.System$2::findBootstrapClassOrNull@1
                      ; - jdk.internal.loader.ClassLoaders$BootClassLoader::loadClassOrNull@4
                      ; - jdk.internal.loader.BuiltinClassLoader::loadClassOrNull@3
                      ; - jdk.internal.loader.BuiltinClassLoader::loadClassOrNull@66
                      ; - jdk.internal.loader.BuiltinClassLoader::loadClass@3
                      ; - java.lang.ClassLoader::loadClass@38
  0x0000027807c08dbc: a061 f0ff 

  0x0000027807c08dc0: ;   {other}
  0x0000027807c08dc0: 0f1f 8400 | 3038 0022 | 488b d8e9 | 1d02 0000 | 85ed 0f8c | c849 0000 | 458b 5b18 | 4585 db0f 
  0x0000027807c08de0: 848c 0000 | 004d 8bcb | 418b 790c | 498b 8f58 

  0x0000027807c08df0: ; ImmutableOopMap {r8=Oop r9=Oop [72]=Oop [80]=Oop [120]=Oop [128]=Oop [184]=Oop }
                      ;*if_icmpne {reexecute=1 rethrow=0 return_oop=0}
                      ; - (reexecute) java.util.concurrent.ConcurrentHashMap::get@127
                      ; - jdk.internal.loader.BuiltinClassLoader::findLoadedModule@24
                      ; - jdk.internal.loader.BuiltinClassLoader::loadClassOrNull@22
                      ; - jdk.internal.loader.BuiltinClassLoader::loadClass@3
                      ; - java.lang.ClassLoader::loadClass@38
                      ;   {poll}
  0x0000027807c08df0: 0400 0085 | 0141 3bfa | 740e 458b | 5918 4585 | db74 6e4d | 8bcb ebe0 | 418b 6910 | 4c8b dd4d 
  0x0000027807c08e10: 3bd8 7451 | 85ed 0f84 | c44c 0000 | 4c89 4c24 | 6044 8954 | 242c 4c89 | 4424 584c | 8bc5 488b 
  0x0000027807c08e30: 5424 5848 | 8b6c 2448 | 4c8b 9424 | b800 0000 | 4c89 5424 | 2066 6690 

  0x0000027807c08e48: ;   {optimized virtual_call}
  0x0000027807c08e48: c5f8 77e8 

  0x0000027807c08e4c: ; ImmutableOopMap {rbp=Oop [32]=Oop [72]=Oop [80]=Oop [88]=Oop [96]=Oop [120]=Oop [128]=Oop [184]=Oop }
                      ;*invokevirtual equals {reexecute=0 rethrow=0 return_oop=0}
                      ; - java.util.concurrent.ConcurrentHashMap::get@149
                      ; - jdk.internal.loader.BuiltinClassLoader::findLoadedModule@24
                      ; - jdk.internal.loader.BuiltinClassLoader::loadClassOrNull@22
                      ; - jdk.internal.loader.BuiltinClassLoader::loadClass@3
                      ; - java.lang.ClassLoader::loadClass@38
  0x0000027807c08e4c: 305c 97ff 

  0x0000027807c08e50: ;   {other}
  0x0000027807c08e50: 0f1f 8400 | c038 0024 | 85c0 0f84 | e04c 0000 | 4c8b 4c24 | 6041 8b69 | 1485 ed0f | 85db fdff 
  0x0000027807c08e70: ff4c 8b4c | 2478 418b | 6954 448b 

  0x0000027807c08e7c: ;   {metadata('jdk/internal/loader/ClassLoaders$BootClassLoader')}
  0x0000027807c08e7c: 5d08 4181 | fb10 4d17 | 000f 85a1 | 3700 0048 | 8bb4 24b8 | 0000 008b | 6e14 448b | 450c 4585 
  0x0000027807c08e9c: c00f 86d9 | 3700 0044 | 0fbe 5e10 | 4585 db0f | 85bb 4400 | 00c4 4222 | f7d0 453b | d045 0f4f 
  0x0000027807c08ebc: d04c 8bdd | 4c8d 5d10 | 4585 d20f | 8ed0 0000 | 0045 3bc2 | 0f82 f637 | 0000 498b | fb41 8bd2 
  0x0000027807c08edc: b82f 0000 | 0048 8bdf | 83fa 100f | 8c79 0000 | 0083 fa20 | 0f8c 3600 | 0000 c5f9 | 6ec8 c4e2 
  0x0000027807c08efc: 7d78 c9c5 | fdef c08b | ca83 e1e0 | 83e2 1fc5 | fe6f 13c5 | ed74 d1c4 | e27d 17c2 | 0f83 6900 
  0x0000027807c08f1c: 0000 4883 | c320 83e9 | 2075 e4e9 | 0d00 0000 | c5f9 6ec8 | c5f9 efc0 | c4e2 7100 | c883 fa10 
  0x0000027807c08f3c: 0f8c 2400 | 0000 8bca | 83e1 f083 | e20f c5fa | 6f13 c5e9 | 74d1 c4e2 | 7917 c20f | 832a 0000 
  0x0000027807c08f5c: 0048 83c3 | 1083 e910 | 75e4 85d2 | 0f84 1200 | 0000 0fb6 | 0b3b c174 | 1c48 83c3 | 0183 ea01 
  0x0000027807c08f7c: ;   {no_reloc}
  0x0000027807c08f7c: 7402 ebee | bbff ffff | ffeb 0dc5 | fdd7 ca0f | bcc1 4803 | d848 2bdf | 83fb ff0f | 8557 4400 
  0x0000027807c08f9c: 0041 0fb6 | 2b83 fd5b | 0f84 9e44 | 0000 488b | d648 8954 | 2420 4889 | 5424 2848 | 8bac 2480 
  0x0000027807c08fbc: 0000 0090 

  0x0000027807c08fc0: ;   {static_call}
  0x0000027807c08fc0: c5f8 77e8 

  0x0000027807c08fc4: ; ImmutableOopMap {rbp=Oop [32]=Oop [40]=Oop [72]=Oop [80]=Oop [120]=Oop [128]=Oop [184]=Oop }
                      ;*invokestatic findBootstrapClass {reexecute=0 rethrow=0 return_oop=1}
                      ; - java.lang.ClassLoader::findBootstrapClassOrNull@10
                      ; - java.lang.System$2::findBootstrapClassOrNull@1
                      ; - jdk.internal.loader.ClassLoaders$BootClassLoader::loadClassOrNull@4
                      ; - jdk.internal.loader.BuiltinClassLoader::loadClassOrNull@3
                      ; - jdk.internal.loader.BuiltinClassLoader::loadClassOrNull@86
                      ; - jdk.internal.loader.BuiltinClassLoader::loadClass@3
                      ; - java.lang.ClassLoader::loadClass@38
  0x0000027807c08fc4: 985f f0ff 

  0x0000027807c08fc8: ;   {other}
  0x0000027807c08fc8: 0f1f 8400 | 383a 0025 | 4885 c00f | 85cf 4300 | 004c 8b44 | 2478 458b | 5858 4585 | db0f 85a9 
  0x0000027807c08fe8: 4400 0033 | db4c 8b9c | 2480 0000 | 0048 8d84 | 2438 0100 | 0048 8338 | 000f 8479 | 0000 004d 
  0x0000027807c09008: 8b13 41f6 | c202 0f84 | 6200 0000 | 4983 ba86 | 0000 0000 | 7409 49ff | 8a86 0000 | 00eb 4b49 
  0x0000027807c09028: 8b82 9600 | 0000 490b | 828e 0000 | 0075 0a49 | c742 3e00 | 0000 00eb | 3d49 83ba | 9e00 0000 
  0x0000027807c09048: 0074 2248 | 33c0 49c7 | 423e 0000 | 0000 f083 | 0424 0049 | 83ba 9e00 | 0000 0075 | 0df0 4d0f 
  0x0000027807c09068: b17a 3e75 | 0583 c801 | eb0c a800 | eb08 4c8b | 10f0 4d0f | b113 750a | 49ff 8f50 | 0500 0045 
  0x0000027807c09088: 33d2 0f85 | 2025 0000 | 4885 db0f | 8528 0100 | 0049 8b87 | b801 0000 | 4c8b d049 | 83c2 284d 
  0x0000027807c090a8: 3b97 c801 | 0000 0f83 | 4e11 0000 | 4d89 97b8 | 0100 0041 | 0f0d 8ac0 | 0000 0048 

  0x0000027807c090c4: ;   {no_reloc}
  0x0000027807c090c4: c700 0100 

  0x0000027807c090c8: ;   {metadata('java/lang/ClassNotFoundException')}
  0x0000027807c090c8: 0000 c740 | 0888 9306 | 0044 8960 | 0c4c 8960 | 104c 8960 | 184c 8960 | 2048 8bd0 | 4c8b 8424 
  0x0000027807c090e8: b800 0000 | 488b ea90 

  0x0000027807c090f0: ;   {optimized virtual_call}
  0x0000027807c090f0: c5f8 77e8 

  0x0000027807c090f4: ; ImmutableOopMap {rbp=Oop [72]=Oop [80]=Oop [184]=Oop }
                      ;*invokespecial <init> {reexecute=0 rethrow=0 return_oop=0}
                      ; - jdk.internal.loader.BuiltinClassLoader::loadClass@16
                      ; - java.lang.ClassLoader::loadClass@38
  0x0000027807c090f4: 0868 0100 

  0x0000027807c090f8: ;   {other}
  0x0000027807c090f8: 0f1f 8400 | 683b 0026 | c5f8 7749 | bad0 3050 | 30fb 7f00 | 0041 ffd2 

  0x0000027807c09110: ;   {other}
  0x0000027807c09110: 0f1f 8400 | 0000 0000 | 4889 4424 | 2848 8b54 | 2448 448b 

  0x0000027807c09124: ;   {metadata('org/gradle/internal/classloader/VisitableURLClassLoader')}
  0x0000027807c09124: 5a08 4181 | fb08 3a00 | 010f 857f | 0400 0048 | 8954 2420 | 4c8b 8424 | b800 0000 

  0x0000027807c09140: ;   {optimized virtual_call}
  0x0000027807c09140: c5f8 77e8 

  0x0000027807c09144: ; ImmutableOopMap {[32]=Oop [72]=Oop [80]=Oop }
                      ;*invokevirtual findClass {reexecute=0 rethrow=0 return_oop=1}
                      ; - java.lang.ClassLoader::loadClass@69
  0x0000027807c09144: f8b6 0200 

  0x0000027807c09148: ;   {other}
  0x0000027807c09148: 0f1f 8400 | b83b 0027 | 4889 4424 | 204c 8b44 | 2428 4c2b 

  0x0000027807c0915c: ;   {oop(a 'jdk/internal/perf/PerfCounter'{0x00000000e0a962e8})}
  0x0000027807c0915c: 4424 4048 | bae8 62a9 | e000 0000 | 0066 6690 

  0x0000027807c0916c: ;   {optimized virtual_call}
  0x0000027807c0916c: c5f8 77e8 

  0x0000027807c09170: ; ImmutableOopMap {[32]=Oop [72]=Oop [80]=Oop }
                      ;*invokevirtual add {reexecute=0 rethrow=0 return_oop=0}
                      ; - jdk.internal.perf.PerfCounter::addTime@2
                      ; - java.lang.ClassLoader::loadClass@82
  0x0000027807c09170: aca6 faff 

  0x0000027807c09174: ;   {other}
  0x0000027807c09174: 0f1f 8400 | e43b 0028 

  0x0000027807c0917c: ;   {oop(a 'jdk/internal/perf/PerfCounter'{0x00000000e0a961c8})}
  0x0000027807c0917c: 48ba c861 | a9e0 0000 | 0000 4c8b | 4424 2890 

  0x0000027807c0918c: ;   {optimized virtual_call}
  0x0000027807c0918c: c5f8 77e8 

  0x0000027807c09190: ; ImmutableOopMap {[32]=Oop [72]=Oop [80]=Oop }
                      ;*invokevirtual addElapsedTimeFrom {reexecute=0 rethrow=0 return_oop=0}
                      ; - java.lang.ClassLoader::loadClass@90
  0x0000027807c09190: ac39 0100 

  0x0000027807c09194: ;   {other}
  0x0000027807c09194: 0f1f 8400 | 043c 0029 

  0x0000027807c0919c: ;   {oop(a 'jdk/internal/perf/PerfCounter'{0x00000000e0a96258})}
  0x0000027807c0919c: 48ba 5862 | a9e0 0000 | 0000 41b8 | 0100 0000 

  0x0000027807c091ac: ;   {optimized virtual_call}
  0x0000027807c091ac: c5f8 77e8 

  0x0000027807c091b0: ; ImmutableOopMap {[32]=Oop [72]=Oop [80]=Oop }
                      ;*invokevirtual add {reexecute=0 rethrow=0 return_oop=0}
                      ; - jdk.internal.perf.PerfCounter::increment@2
                      ; - java.lang.ClassLoader::loadClass@96
  0x0000027807c091b0: 6ca6 faff 

  0x0000027807c091b4: ;   {other}
  0x0000027807c091b4: 0f1f 8400 | 243c 002a | 488b 5c24 | 2044 8b54 | 2430 4585 | d20f 8515 | 2500 0048 | 8d84 2430 
  0x0000027807c091d4: 0100 004c | 8b5c 2450 | 4883 3800 | 0f84 7900 | 0000 4d8b | 1341 f6c2 | 020f 8462 | 0000 0049 
  0x0000027807c091f4: 83ba 8600 | 0000 0074 | 0949 ff8a | 8600 0000 | eb4b 498b | 8296 0000 | 0049 0b82 | 8e00 0000 
  0x0000027807c09214: 750a 49c7 | 423e 0000 | 0000 eb3d | 4983 ba9e | 0000 0000 | 7422 4833 | c049 c742 | 3e00 0000 
  0x0000027807c09234: 00f0 8304 | 2400 4983 | ba9e 0000 | 0000 750d | f04d 0fb1 | 7a3e 7505 | 83c8 01eb | 0ca8 00eb 
  0x0000027807c09254: 084c 8b10 | f04d 0fb1 | 1375 0a49 | ff8f 5005 | 0000 4533 | d20f 85d9 | 1f00 0048 | 8bc3 c5f8 
  0x0000027807c09274: 7748 81c4 | 5001 0000 

  0x0000027807c0927c: ;   {poll_return}
  0x0000027807c0927c: 5d49 3ba7 | 5004 0000 | 0f87 8e75 | 0000 c348 | 8bd8 c5f8 | 7749 bad0 | 3050 30fb | 7f00 0041 
  0x0000027807c0929c: ;   {other}
  0x0000027807c0929c: ffd2 0f1f | 8400 0000 | 0000 4889 | 8424 c800 | 0000 4c8b | 5424 6045 | 8b5a 1444 | 895c 242c 
  0x0000027807c092bc: ; implicit exception: dispatches to 0x0000027807c0f160
  0x0000027807c092bc: 458b 530c | 4489 5424 | 244c 8b54 | 2460 450f | be52 10c4 | 622a f74c | 2424 458d | 41ff 4585 
  0x0000027807c092dc: d20f 8589 | 3c00 0044 | 8b54 2424 | 41ff ca45 | 3bd0 450f | 4fd0 4c89 | 5c24 3845 | 85d2 0f8c 
  0x0000027807c092fc: 0601 0000 | 448b 4424 | 2445 85c0 | 0f86 2e2c | 0000 453b | d00f 8325 | 2c00 0045 | 85d2 0f8e 
  0x0000027807c0931c: 182f 0000 | 458d 5aff | 448b 4424 | 2c47 0fbe | 4410 1041 | 83f8 2e0f | 8430 0600 | 0041 ffca 
  0x0000027807c0933c: 453b d37f | e341 83fa | 020f 8e95 | 0000 0041 | 8d7a fe45 | 33c0 4183 | fa02 410f | 4cf8 81ff 
  0x0000027807c0935c: a00f 0000 | 41bb a00f | 0000 410f | 47fb 458b | da44 2bdf | 4963 ca8b | 7c24 2c44 | 0fbe 440f 
  0x0000027807c0937c: 1041 83f8 | 2e0f 84ad | e4ff ff44 | 0fbe 440f | 0f41 83f8 | 2e0f 84a4 | e4ff ff41 | 8d7a fe44 
  0x0000027807c0939c: ;   {no_reloc}
  0x0000027807c0939c: 8b44 242c | 410f be4c | 3810 83f9 | 2e0f 8488 | e4ff ff41 | 8d6a fd45 | 0fbe 4428 | 1041 83f8 
  0x0000027807c093bc: 2e0f 847c | e4ff ff41 | 83c2 fc45 | 3bd3 7fa4 | 4d8b 9f58 

  0x0000027807c093d0: ; ImmutableOopMap {rbx=Oop [32]=NarrowOop [44]=NarrowOop [56]=Oop [72]=Oop [80]=Oop [120]=Oop [128]=Oop [184]=Oop [192]=Oop }
                      ;*goto {reexecute=1 rethrow=0 return_oop=0}
                      ; - (reexecute) java.lang.StringLatin1::lastIndexOf@35
                      ; - java.lang.String::lastIndexOf@13
                      ; - java.lang.String::lastIndexOf@8
                      ; - java.net.URLClassLoader::defineClass@7
                      ; - java.net.URLClassLoader$1::run@43
                      ; - java.net.URLClassLoader$1::run@1
                      ; - java.security.AccessController::executePrivileged@29
                      ; - java.security.AccessController::doPrivileged@13
                      ; - java.net.URLClassLoader::findClass@13
                      ; - java.lang.ClassLoader::loadClass@69
                      ; - java.lang.ClassLoader::loadClass@38
                      ;   {poll}
  0x0000027807c093d0: 0400 0041 | 8503 4183 | fa02 0f8f | 6bff ffff | 4183 faff | 7e20 6690 | 448b 5c24 | 2c47 0fbe 
  0x0000027807c093f0: 5c13 1041 | 83fb 2e0f | 8480 1e00 | 0041 ffca | 4183 faff | 7fe2 bdff | ffff ffe9 | 2fe4 ffff 
  0x0000027807c09410: 440f b653 | 1145 85d2 | 0f85 c20a | 0000 440f | be53 1045 | 85d2 0f85 | 8044 0000 | 488b eb44 
  0x0000027807c09430: 8b53 1449 | 8bd2 4c8b | 9424 b800 | 0000 4c89 | 5424 2890 

  0x0000027807c09444: ;   {static_call}
  0x0000027807c09444: c5f8 77e8 

  0x0000027807c09448: ; ImmutableOopMap {rbp=Oop [40]=Oop [72]=Oop [80]=Oop [120]=Oop [128]=Oop [184]=Oop }
                      ;*invokestatic hashCode {reexecute=0 rethrow=0 return_oop=0}
                      ; - java.lang.String::hashCode@27
                      ; - java.util.concurrent.ConcurrentHashMap::get@1
                      ; - jdk.internal.loader.BuiltinClassLoader::findLoadedModule@24
                      ; - jdk.internal.loader.BuiltinClassLoader::loadClassOrNull@22
                      ; - jdk.internal.loader.BuiltinClassLoader::loadClass@3
                      ; - java.lang.ClassLoader::loadClass@38
  0x0000027807c09448: 740f efff 

  0x0000027807c0944c: ;   {other}
  0x0000027807c0944c: 0f1f 8400 | bc3e 002c | 85c0 0f84 | 680c 0000 | 4c8b c541 | 8940 0ce9 | 60f6 ffff | 498b 87b8 
  0x0000027807c0946c: 0100 004c | 8bd0 4983 | c218 4d3b | 97c8 0100 | 000f 8379 | 1200 004d | 8997 b801 | 0000 410f 
  0x0000027807c0948c: 0d8a c000 | 0000 48c7 | 0001 0000 

  0x0000027807c09498: ;   {metadata('java/lang/String')}
  0x0000027807c09498: 00c7 4008 | 78e8 0000 | 4489 600c | 4489 6010 

  0x0000027807c094a8: ;   {oop([B{0x00000000e0a8c348})}
  0x0000027807c094a8: c740 1448 

  0x0000027807c094ac: ;   {oop(".class"{0x00000000e0a8c330})}
  0x0000027807c094ac: c3a8 e049 | ba30 c3a8 | e000 0000 | 0045 8b5a | 0c44 8958 | 0c45 0fb6 | 5a11 4488 | 5811 4889 
  0x0000027807c094cc: 8424 8800 | 0000 e94b | f0ff ff48 | 8b9c 24b8 | 0000 00e9 | d6f5 ffff | b92f 0000 | 00e9 8aec 
  0x0000027807c094ec: ffff 450f | b651 1145 | 85d2 0f85 | 750b 0000 | 450f be51 | 1045 85d2 | 0f85 6245 | 0000 498b 
  0x0000027807c0950c: e945 8b51 | 1449 8bd2 | 4c8b 9424 | b800 0000 | 4c89 5424 | 3866 6690 

  0x0000027807c09524: ;   {static_call}
  0x0000027807c09524: c5f8 77e8 

  0x0000027807c09528: ; ImmutableOopMap {rbp=Oop [32]=NarrowOop [56]=Oop [72]=Oop [80]=Oop [120]=Oop [160]=Oop [168]=Oop [184]=Oop [192]=Oop }
                      ;*invokestatic hashCode {reexecute=0 rethrow=0 return_oop=0}
                      ; - java.lang.String::hashCode@27
                      ; - java.util.concurrent.ConcurrentHashMap::get@1
                      ; - jdk.internal.loader.BuiltinClassLoader::findLoadedModule@24
                      ; - jdk.internal.loader.BuiltinClassLoader::loadClassOrNull@22
                      ; - jdk.internal.loader.BuiltinClassLoader::loadClass@3
                      ; - java.lang.ClassLoader::loadClass@38
                      ; - java.lang.ClassLoader::loadClass@38
  0x0000027807c09528: 940e efff 

  0x0000027807c0952c: ;   {other}
  0x0000027807c0952c: 0f1f 8400 | 9c3f 002d | 85c0 0f84 | e50d 0000 | 4c8b c541 | 8940 0ce9 | c9da ffff 

  0x0000027807c09548: ;   {metadata('java/lang/IllegalArgumentException')}
  0x0000027807c09548: 48bd c09a | 060f 7802 | 0000 4c8b | 9424 9800 | 0000 4d85 | d20f 84cd | 0a00 0048 | ffb4 2498 
  0x0000027807c09568: 0000 0048 | 8f44 2438 | 488b 9424 | c000 0000 | 4c8b 8424 | 1801 0000 | 4c8b 8c24 | 9800 0000 
  0x0000027807c09588: 488b 7c24 | 2866 6690 

  0x0000027807c09590: ;   {optimized virtual_call}
  0x0000027807c09590: c5f8 77e8 

  0x0000027807c09594: ; ImmutableOopMap {[32]=NarrowOop [40]=Oop [56]=Oop [72]=Oop [80]=Oop [88]=Oop [120]=Oop [128]=Oop [160]=Oop [184]=Oop [192]=Oop [208]=NarrowOop [280]=Oop }
                      ;*invokevirtual definePackage {reexecute=0 rethrow=0 return_oop=1}
                      ; - java.net.URLClassLoader::defineClass@64
                      ; - java.net.URLClassLoader$1::run@43
                      ; - java.net.URLClassLoader$1::run@1
                      ; - java.security.AccessController::executePrivileged@29
                      ; - java.security.AccessController::doPrivileged@13
                      ; - java.net.URLClassLoader::findClass@13
                      ; - java.lang.ClassLoader::loadClass@69
                      ; - java.lang.ClassLoader::loadClass@38
  0x0000027807c09594: 0862 8af8 

  0x0000027807c09598: ;   {other}
  0x0000027807c09598: 0f1f 8400 | 0840 002e | e990 e7ff | ff4c 8b8c | 24b8 0000 | 00e9 50da | ffff 4c8b | 8424 b800 
  0x0000027807c095b8: 0000 c5f8 | 7748 b870 | 930a 1078 

  0x0000027807c095c4: ;   {virtual_call}
  0x0000027807c095c4: 0200 00e8 

  0x0000027807c095c8: ; ImmutableOopMap {[72]=Oop [80]=Oop }
                      ;*invokevirtual findClass {reexecute=0 rethrow=0 return_oop=1}
                      ; - java.lang.ClassLoader::loadClass@69
  0x0000027807c095c8: 9425 99f8 

  0x0000027807c095cc: ;   {other}
  0x0000027807c095cc: 0f1f 8400 | 3c40 002f | 4889 4424 | 20e9 77fb | ffff 4c8b | 9424 b800 | 0000 4c89 | 9424 1801 
  0x0000027807c095ec: 0000 e91a | e5ff ff41 | b92f 0000 | 00e9 78ec | ffff 4889 | 4424 50e9 | d2ca ffff | 458b dae9 
  0x0000027807c0960c: 28f2 ffff | 4c89 5424 | 2848 ff74 | 2478 488f | 4424 204c | 8b94 24b8 | 0000 004c | 8954 2458 
  0x0000027807c0962c: 4c8b 9424 | 8000 0000 | 498b ea90 

  0x0000027807c09638: ;   {static_call}
  0x0000027807c09638: c5f8 77e8 

  0x0000027807c0963c: ; ImmutableOopMap {rbp=Oop [32]=Oop [40]=Oop [72]=Oop [80]=Oop [88]=Oop [128]=Oop [184]=Oop }
                      ;*invokestatic isModuleSystemInited {reexecute=0 rethrow=0 return_oop=0}
                      ; - jdk.internal.loader.BuiltinClassLoader::loadClassOrNull@45
                      ; - jdk.internal.loader.BuiltinClassLoader::loadClass@3
                      ; - java.lang.ClassLoader::loadClass@38
  0x0000027807c0963c: 405a 97ff 

  0x0000027807c09640: ;   {other}
  0x0000027807c09640: 0f1f 8400 | b040 0030 | 85c0 0f84 | 9703 0000 | 488b 5424 | 204c 8b44 | 2428 4c8b | 4c24 5848 
  0x0000027807c09660: 8b6c 2448 | 4c8b 9424 | 8000 0000 | 4c89 5424 | 6866 6690 

  0x0000027807c09674: ;   {optimized virtual_call}
  0x0000027807c09674: c5f8 77e8 

  0x0000027807c09678: ; ImmutableOopMap {rbp=Oop [32]=Oop [72]=Oop [80]=Oop [88]=Oop [104]=Oop [128]=Oop [184]=Oop }
                      ;*invokevirtual findClassInModuleOrNull {reexecute=0 rethrow=0 return_oop=1}
                      ; - jdk.internal.loader.BuiltinClassLoader::loadClassOrNull@55
                      ; - jdk.internal.loader.BuiltinClassLoader::loadClass@3
                      ; - java.lang.ClassLoader::loadClass@38
  0x0000027807c09678: 0454 97ff 

  0x0000027807c0967c: ;   {other}
  0x0000027807c0967c: 0f1f 8400 | ec40 0031 | 488b d8e9 | 61f9 ffff | 498b e84c | 8994 24a0 | 0000 0049 | 8bd0 4c8b 
  0x0000027807c0969c: 9424 b800 | 0000 4c89 | 5424 3890 

  0x0000027807c096a8: ;   {optimized virtual_call}
  0x0000027807c096a8: c5f8 77e8 

  0x0000027807c096ac: ; ImmutableOopMap {rbp=Oop [32]=NarrowOop [56]=Oop [72]=Oop [80]=Oop [120]=Oop [128]=Oop [160]=Oop [184]=Oop [192]=Oop [208]=NarrowOop [280]=Oop }
                      ;*invokevirtual getManEntry {reexecute=0 rethrow=0 return_oop=1}
                      ; - java.util.jar.JarFile::getManifestFromReference@27
                      ; - java.util.jar.JarFile::getManifest@1
                      ; - jdk.internal.loader.URLClassPath$JarLoader$2::getManifest@22
                      ; - java.net.URLClassLoader::defineClass@34
                      ; - java.net.URLClassLoader$1::run@43
                      ; - java.net.URLClassLoader$1::run@1
                      ; - java.security.AccessController::executePrivileged@29
                      ; - java.security.AccessController::doPrivileged@13
                      ; - java.net.URLClassLoader::findClass@13
                      ; - java.lang.ClassLoader::loadClass@69
                      ; - java.lang.ClassLoader::loadClass@38
  0x0000027807c096ac: 50d9 5ef8 

  0x0000027807c096b0: ;   {other}
  0x0000027807c096b0: 0f1f 8400 | 2041 0032 | 4885 c00f | 84e8 0900 | 004c 8bc5 | 450f b658 | 1245 85db | 0f85 9704 
  0x0000027807c096d0: 0000 4c89 | 8424 b000 | 0000 498b | d04c 8bc0 | 488b 6c24 | 484c 8b54 | 2438 4c89 | 5424 2890 
  0x0000027807c096f0: ;   {optimized virtual_call}
  0x0000027807c096f0: c5f8 77e8 

  0x0000027807c096f4: ; ImmutableOopMap {rbp=Oop [32]=NarrowOop [40]=Oop [72]=Oop [80]=Oop [120]=Oop [128]=Oop [160]=Oop [176]=Oop [184]=Oop [192]=Oop [208]=NarrowOop [280]=Oop }
                      ;*invokespecial getInputStream {reexecute=0 rethrow=0 return_oop=1}
                      ; - java.util.jar.JarFile::getManifestFromReference@130
                      ; - java.util.jar.JarFile::getManifest@1
                      ; - jdk.internal.loader.URLClassPath$JarLoader$2::getManifest@22
                      ; - java.net.URLClassLoader::defineClass@34
                      ; - java.net.URLClassLoader$1::run@43
                      ; - java.net.URLClassLoader$1::run@1
                      ; - java.security.AccessController::executePrivileged@29
                      ; - java.security.AccessController::doPrivileged@13
                      ; - java.net.URLClassLoader::findClass@13
                      ; - java.lang.ClassLoader::loadClass@69
                      ; - java.lang.ClassLoader::loadClass@38
  0x0000027807c096f4: c89f 51f8 

  0x0000027807c096f8: ;   {other}
  0x0000027807c096f8: 0f1f 8400 | 6841 0033 | 488b e849 | 8b87 b801 | 0000 4c8b | d049 83c2 | 184d 3b97 | c801 0000 
  0x0000027807c09718: 0f83 571a | 0000 4d89 | 97b8 0100 | 0041 0f0d | 8ac0 0000 | 0048 c700 | 0100 0000 

  0x0000027807c09734: ;   {metadata('java/util/jar/Manifest')}
  0x0000027807c09734: c740 08a0 | e104 0044 | 8960 0c4c | 8960 104c | 8bd0 4c89 | 9424 d800 | 0000 4c8b | 9424 b000 
  0x0000027807c09754: 0000 458b | 5a14 4d8b | cb48 8b94 | 24d8 0000 | 004c 8bc5 | 4c8b 9424 | b800 0000 | 4c89 5424 
  0x0000027807c09774: 3866 6690 

  0x0000027807c09778: ;   {optimized virtual_call}
  0x0000027807c09778: c5f8 77e8 

  0x0000027807c0977c: ; ImmutableOopMap {rbp=Oop [32]=NarrowOop [56]=Oop [72]=Oop [80]=Oop [120]=Oop [128]=Oop [160]=Oop [176]=Oop [184]=Oop [192]=Oop [208]=NarrowOop [216]=Oop [280]=Oop }
                      ;*invokespecial <init> {reexecute=0 rethrow=0 return_oop=0}
                      ; - java.util.jar.JarFile::getManifestFromReference@143
                      ; - java.util.jar.JarFile::getManifest@1
                      ; - jdk.internal.loader.URLClassPath$JarLoader$2::getManifest@22
                      ; - java.net.URLClassLoader::defineClass@34
                      ; - java.net.URLClassLoader$1::run@43
                      ; - java.net.URLClassLoader$1::run@1
                      ; - java.security.AccessController::executePrivileged@29
                      ; - java.security.AccessController::doPrivileged@13
                      ; - java.net.URLClassLoader::findClass@13
                      ; - java.lang.ClassLoader::loadClass@69
                      ; - java.lang.ClassLoader::loadClass@38
  0x0000027807c0977c: e471 0000 

  0x0000027807c09780: ;   {other}
  0x0000027807c09780: 0f1f 8400 | f041 0034 | 4c8b c545 

  0x0000027807c0978c: ;   {metadata('java/util/zip/ZipFile$ZipFileInflaterInputStream')}
  0x0000027807c0978c: 8b58 0841 | 81fb c0a4 | 3100 0f85 | f843 0000 | 498b d048 | 8b6c 2448 | 4c8b 5424 | 384c 8954 
  0x0000027807c097ac: 2428 6690 

  0x0000027807c097b0: ;   {optimized virtual_call}
  0x0000027807c097b0: c5f8 77e8 

  0x0000027807c097b4: ; ImmutableOopMap {rbp=Oop [32]=NarrowOop [40]=Oop [72]=Oop [80]=Oop [120]=Oop [128]=Oop [160]=Oop [176]=Oop [184]=Oop [192]=Oop [208]=NarrowOop [216]=Oop [280]=Oop }
                      ;*invokevirtual close {reexecute=0 rethrow=0 return_oop=0}
                      ; - java.util.jar.JarFile::getManifestFromReference@152
                      ; - java.util.jar.JarFile::getManifest@1
                      ; - jdk.internal.loader.URLClassPath$JarLoader$2::getManifest@22
                      ; - java.net.URLClassLoader::defineClass@34
                      ; - java.net.URLClassLoader$1::run@43
                      ; - java.net.URLClassLoader$1::run@1
                      ; - java.security.AccessController::executePrivileged@29
                      ; - java.security.AccessController::doPrivileged@13
                      ; - java.net.URLClassLoader::findClass@13
                      ; - java.lang.ClassLoader::loadClass@69
                      ; - java.lang.ClassLoader::loadClass@38
  0x0000027807c097b4: c832 54f8 

  0x0000027807c097b8: ;   {other}
  0x0000027807c097b8: 0f1f 8400 | 2842 0035 | 4c8b 9424 | d800 0000 | 4c89 9424 | e800 0000 | 498b 87b8 | 0100 004c 
  0x0000027807c097d8: 8bd0 4983 | c228 4d3b | 97c8 0100 | 000f 8356 | 1900 004d | 8997 b801 | 0000 410f | 0d8a c000 
  0x0000027807c097f8: 0000 48c7 | 0001 0000 

  0x0000027807c09800: ;   {metadata('java/lang/ref/SoftReference')}
  0x0000027807c09800: 00c7 4008 | 90df 0300 | 4489 600c | 4c89 6010 | 4c89 6018 | 4c89 6020 | 4c8b d049 | 8bea 498b 
  0x0000027807c09820: d24c 8b84 | 24e8 0000 | 004c 8b94 | 24b8 0000 | 004c 8954 | 2438 6690 

  0x0000027807c09838: ;   {optimized virtual_call}
  0x0000027807c09838: c5f8 77e8 

  0x0000027807c0983c: ; ImmutableOopMap {rbp=Oop [32]=NarrowOop [56]=Oop [72]=Oop [80]=Oop [120]=Oop [128]=Oop [160]=Oop [176]=Oop [184]=Oop [192]=Oop [208]=NarrowOop [232]=Oop [280]=Oop }
                      ;*invokespecial <init> {reexecute=0 rethrow=0 return_oop=0}
                      ; - java.util.jar.JarFile::getManifestFromReference@189
                      ; - java.util.jar.JarFile::getManifest@1
                      ; - jdk.internal.loader.URLClassPath$JarLoader$2::getManifest@22
                      ; - java.net.URLClassLoader::defineClass@34
                      ; - java.net.URLClassLoader$1::run@43
                      ; - java.net.URLClassLoader$1::run@1
                      ; - java.security.AccessController::executePrivileged@29
                      ; - java.security.AccessController::doPrivileged@13
                      ; - java.net.URLClassLoader::findClass@13
                      ; - java.lang.ClassLoader::loadClass@69
                      ; - java.lang.ClassLoader::loadClass@38
  0x0000027807c0983c: 40e5 71f8 

  0x0000027807c09840: ;   {other}
  0x0000027807c09840: 0f1f 8400 | b042 0036 | 4180 7f40 | 000f 8589 | 0d00 004c | 8b8c 24b0 | 0000 004d | 8bd1 4c8b 
  0x0000027807c09860: dd4d 8bc3 | 4589 4128 | 4d33 da49 | c1eb 144d | 85db 7419 | 49c1 ea09 | 4c8b 8424 | 2001 0000 
  0x0000027807c09880: 4d03 c241 | 8038 020f | 858a 0d00 | 004c 8b94 | 24e8 0000 | 004c 8994 | 2498 0000 | 00e9 3ae4 
  0x0000027807c098a0: ffff 4889 | 4424 28e9 | 71ce ffff | 4889 4424 | 20e9 abca | ffff 4c89 | 5f20 e905 | e4ff ff45 
  0x0000027807c098c0: 8bd3 e989 | d4ff ff4c | 8954 2428 | 488b ac24 | a000 0000 | 4c8b 9424 | b800 0000 | 4c89 5424 
  0x0000027807c098e0: 5866 6690 

  0x0000027807c098e4: ;   {static_call}
  0x0000027807c098e4: c5f8 77e8 

  0x0000027807c098e8: ; ImmutableOopMap {rbp=Oop [32]=NarrowOop [40]=Oop [72]=Oop [80]=Oop [88]=Oop [120]=Oop [168]=Oop [184]=Oop [192]=Oop }
                      ;*invokestatic isModuleSystemInited {reexecute=0 rethrow=0 return_oop=0}
                      ; - jdk.internal.loader.BuiltinClassLoader::loadClassOrNull@45
                      ; - jdk.internal.loader.BuiltinClassLoader::loadClass@3
                      ; - java.lang.ClassLoader::loadClass@38
                      ; - java.lang.ClassLoader::loadClass@38
  0x0000027807c098e8: 9457 97ff 

  0x0000027807c098ec: ;   {other}
  0x0000027807c098ec: 0f1f 8400 | 5c43 0037 | 85c0 0f84 | 1601 0000 | 488b d54c | 8b44 2428 | 4c8b 4c24 | 584c 894c 
  0x0000027807c0990c: 2470 4c89 | 8c24 8800 | 0000 4c8b | 9424 a800 | 0000 4c89 | 9424 9800 | 0000 6690 

  0x0000027807c09928: ;   {optimized virtual_call}
  0x0000027807c09928: c5f8 77e8 

  0x0000027807c0992c: ; ImmutableOopMap {rbp=Oop [32]=NarrowOop [72]=Oop [80]=Oop [112]=Oop [120]=Oop [136]=Oop [152]=Oop [168]=Oop [184]=Oop [192]=Oop }
                      ;*invokevirtual findClassInModuleOrNull {reexecute=0 rethrow=0 return_oop=1}
                      ; - jdk.internal.loader.BuiltinClassLoader::loadClassOrNull@55
                      ; - jdk.internal.loader.BuiltinClassLoader::loadClass@3
                      ; - java.lang.ClassLoader::loadClass@38
                      ; - java.lang.ClassLoader::loadClass@38
  0x0000027807c0992c: 5051 97ff 

  0x0000027807c09930: ;   {other}
  0x0000027807c09930: 0f1f 8400 | a043 0038 | 488b d8e9 | f3d9 ffff | 4889 7c24 | 3889 4c24 | 2889 5c24 | 2444 8994 
  0x0000027807c09950: 2490 0000 | 0044 895c | 2434 4c89 | 8c24 8000 | 0000 33ed | e981 e6ff | ff41 8bea | e9ce deff 
  0x0000027807c09970: ff4c 894c | 2428 4c89 | 9424 a000 | 0000 498b | d141 b801 | 0000 004c | 8b94 24b8 | 0000 004c 
  0x0000027807c09990: 8954 2458 

  0x0000027807c09994: ;   {optimized virtual_call}
  0x0000027807c09994: c5f8 77e8 

  0x0000027807c09998: ; ImmutableOopMap {rbp=NarrowOop [32]=NarrowOop [40]=Oop [72]=Oop [80]=Oop [88]=Oop [120]=Oop [128]=Oop [160]=Oop [184]=Oop [192]=Oop [208]=NarrowOop [280]=Oop }
                      ;*invokevirtual getManifestName {reexecute=0 rethrow=0 return_oop=1}
                      ; - java.util.zip.ZipFile$1::getManifestName@2
                      ; - java.util.jar.JarFile::maybeInstantiateVerifier@20
                      ; - java.util.jar.JarFile::ensureInitialization@1
                      ; - java.util.jar.JavaUtilJarAccessImpl::ensureInitialization@1
                      ; - jdk.internal.loader.URLClassPath$JarLoader$2::getManifest@10
                      ; - java.net.URLClassLoader::defineClass@34
                      ; - java.net.URLClassLoader$1::run@43
                      ; - java.net.URLClassLoader$1::run@1
                      ; - java.security.AccessController::executePrivileged@29
                      ; - java.security.AccessController::doPrivileged@13
                      ; - java.net.URLClassLoader::findClass@13
                      ; - java.lang.ClassLoader::loadClass@69
                      ; - java.lang.ClassLoader::loadClass@38
  0x0000027807c09998: 64c3 67f8 

  0x0000027807c0999c: ;   {other}
  0x0000027807c0999c: 0f1f 8400 | 0c44 0039 | 4885 c00f | 85c3 4300 | 0044 8865 | 1244 3b65 | 300f 85fd | 0d00 004c 
  0x0000027807c099bc: 8b94 24a0 | 0000 004c | 8b4c 2428 | e9ff e1ff | ff48 8944 | 2428 e9e6 | cfff ff45 | 33c9 e934 
  0x0000027807c099dc: ddff ff49 | 8bd3 e9b3 | e8ff ff33 | dbe9 fff5 | ffff 49b9 | 0000 367a | 7802 0000 | 41bb ffff 
  0x0000027807c099fc: ffff e938 

  0x0000027807c09a00: ;   {oop(""{0x00000000e07b6830})}
  0x0000027807c09a00: eeff ff48 | bb30 687b | e000 0000 | 00e9 a8f0 | ffff 33db | e91a d9ff | ff49 ba00 | 0036 7a78 
  0x0000027807c09a20: 0200 004c | 8994 24e0 | 0000 0041 | baff ffff | ffe9 1ad3 

  0x0000027807c09a34: ;   {oop(""{0x00000000e07b6830})}
  0x0000027807c09a34: ffff 49b9 | 3068 7be0 | 0000 0000 | e9bd d5ff 

  0x0000027807c09a44: ;   {oop(""{0x00000000e07b6830})}
  0x0000027807c09a44: ff49 b830 | 687b e000 | 0000 00e9 | b1e0 ffff | 488b 5c24 | 5844 8b5b | 1445 85db | 0f84 24f0 
  0x0000027807c09a64: ffff 4d8b | 4728 498b | cb4d 85c0 | 0f84 482a | 0000 4d8b | 5f38 4b89 | 4c03 f849 | 83c0 f84d 
  0x0000027807c09a84: 8947 28e9 | feef ffff | 4d8b 5748 | 4d8b 5f58 | f083 4424 | c000 4180 | 3800 0f84 | 12f0 ffff 
  0x0000027807c09aa4: 4588 204d | 85d2 7523 | 498b c849 | 8bd7 c5f8 | 7749 ba00 | a415 30fb | 7f00 0041 

  0x0000027807c09ac0: ;   {other}
  0x0000027807c09ac0: ffd2 0f1f | 8400 0000 | 0000 e9e7 | efff ff4f | 8944 13f8 | 4983 c2f8 | 4d89 5748 | e9d5 efff 
  0x0000027807c09ae0: ff48 897c | 2438 894c | 2428 895c | 2424 4489 | 9424 9000 | 0000 4489 | 5c24 344c | 898c 2480 
  0x0000027807c09b00: 0000 0041 | ba01 0000 | 0044 3b94 | 2490 0000 | 007d 3c44 | 8b44 2434 | 470f be5c | 1010 4183 
  0x0000027807c09b20: fb2e 0f84 | 880c 0000 | 41ff c244 | 3b94 2490 | 0000 007c | de4c 8b84 | 24b8 0000 | 004c 8b8c 
  0x0000027807c09b40: 2480 0000 | 0044 8b5c | 2434 e9b9 | e7ff ff4c | 8b84 24b8 | 0000 004c | 8b8c 2480 | 0000 0044 
  0x0000027807c09b60: 8b5c 2434 | e99f e7ff | ff48 8944 | 2428 498b | d04c 8bc0 | 4c8b 9424 | b800 0000 | 4c89 5424 
  0x0000027807c09b80: 5866 6690 

  0x0000027807c09b84: ;   {optimized virtual_call}
  0x0000027807c09b84: c5f8 77e8 

  0x0000027807c09b88: ; ImmutableOopMap {rbp=Oop [32]=NarrowOop [40]=Oop [72]=Oop [80]=Oop [88]=Oop [120]=Oop [128]=Oop [160]=Oop [184]=Oop [192]=Oop [208]=NarrowOop [280]=Oop }
                      ;*invokevirtual getBytes {reexecute=0 rethrow=0 return_oop=1}
                      ; - java.util.jar.JarFile::getManifestFromReference@44
                      ; - java.util.jar.JarFile::getManifest@1
                      ; - jdk.internal.loader.URLClassPath$JarLoader$2::getManifest@22
                      ; - java.net.URLClassLoader::defineClass@34
                      ; - java.net.URLClassLoader$1::run@43
                      ; - java.net.URLClassLoader$1::run@1
                      ; - java.security.AccessController::executePrivileged@29
                      ; - java.security.AccessController::doPrivileged@13
                      ; - java.net.URLClassLoader::findClass@13
                      ; - java.lang.ClassLoader::loadClass@69
                      ; - java.lang.ClassLoader::loadClass@38
  0x0000027807c09b88: f44e 97ff 

  0x0000027807c09b8c: ;   {other}
  0x0000027807c09b8c: 0f1f 8400 | fc45 003a | 4889 8424 | d800 0000 | 4c8b c545 | 0fb6 5011 | 4585 d20f | 84f2 0700 
  0x0000027807c09bac: 0049 8b87 | b801 0000 | 4c8b d049 | 83c2 184d | 3b97 c801 | 0000 0f83 | c03d 0000 | 4d89 97b8 
  0x0000027807c09bcc: 0100 0041 | 0f0d 8ac0 | 0000 0048 | c700 0100 

  0x0000027807c09bdc: ;   {metadata('java/util/jar/Manifest')}
  0x0000027807c09bdc: 0000 c740 | 08a0 e104 | 0044 8960 | 0c4c 8960 | 104c 8bd8 | 418b 6830 | 498b 87b8 | 0100 004c 
  0x0000027807c09bfc: 8bd0 4983 | c220 4d3b | 97c8 0100 | 000f 83ad | 3d00 004d | 8997 b801 | 0000 410f | 0d8a c000 
  0x0000027807c09c1c: 0000 48c7 | 0001 0000 

  0x0000027807c09c24: ;   {metadata('java/io/ByteArrayInputStream')}
  0x0000027807c09c24: 00c7 4008 | a023 0500 | 4489 600c | 4c89 6010 | 4c89 6018 | 4c89 8424 | b000 0000 | 4c89 5c24 
  0x0000027807c09c44: 284c 8bd0 | 4c89 5424 | 3849 8bd2 | 4c8b 8424 | d800 0000 | 4c8b 9424 | b800 0000 | 4c89 5424 
  0x0000027807c09c64: 5866 6690 

  0x0000027807c09c68: ;   {optimized virtual_call}
  0x0000027807c09c68: c5f8 77e8 

  0x0000027807c09c6c: ; ImmutableOopMap {rbp=NarrowOop [32]=NarrowOop [40]=Oop [56]=Oop [72]=Oop [80]=Oop [88]=Oop [120]=Oop [128]=Oop [160]=Oop [176]=Oop [184]=Oop [192]=Oop [208]=NarrowOop [280]=Oop }
                      ;*invokespecial <init> {reexecute=0 rethrow=0 return_oop=0}
                      ; - java.util.jar.JarFile::getManifestFromReference@114
                      ; - java.util.jar.JarFile::getManifest@1
                      ; - jdk.internal.loader.URLClassPath$JarLoader$2::getManifest@22
                      ; - java.net.URLClassLoader::defineClass@34
                      ; - java.net.URLClassLoader$1::run@43
                      ; - java.net.URLClassLoader$1::run@1
                      ; - java.security.AccessController::executePrivileged@29
                      ; - java.security.AccessController::doPrivileged@13
                      ; - java.net.URLClassLoader::findClass@13
                      ; - java.lang.ClassLoader::loadClass@69
                      ; - java.lang.ClassLoader::loadClass@38
  0x0000027807c09c6c: 104e 97ff 

  0x0000027807c09c70: ;   {other}
  0x0000027807c09c70: 0f1f 8400 | e046 003b | 4c8b 9424 | b000 0000 | 458b 5214 | 4c8b c549 | 8bfa 488b | 5424 284c 
  0x0000027807c09c90: 8b4c 2438 | 488b 6c24 | 484c 8b54 | 2458 4c89 | 5424 3890 

  0x0000027807c09ca4: ;   {optimized virtual_call}
  0x0000027807c09ca4: c5f8 77e8 

  0x0000027807c09ca8: ; ImmutableOopMap {rbp=Oop [32]=NarrowOop [40]=Oop [56]=Oop [72]=Oop [80]=Oop [120]=Oop [128]=Oop [160]=Oop [176]=Oop [184]=Oop [192]=Oop [208]=NarrowOop [280]=Oop }
                      ;*invokespecial <init> {reexecute=0 rethrow=0 return_oop=0}
                      ; - java.util.jar.JarFile::getManifestFromReference@121
                      ; - java.util.jar.JarFile::getManifest@1
                      ; - jdk.internal.loader.URLClassPath$JarLoader$2::getManifest@22
                      ; - java.net.URLClassLoader::defineClass@34
                      ; - java.net.URLClassLoader$1::run@43
                      ; - java.net.URLClassLoader$1::run@1
                      ; - java.security.AccessController::executePrivileged@29
                      ; - java.security.AccessController::doPrivileged@13
                      ; - java.net.URLClassLoader::findClass@13
                      ; - java.lang.ClassLoader::loadClass@69
                      ; - java.lang.ClassLoader::loadClass@38
  0x0000027807c09ca8: d44d 97ff 

  0x0000027807c09cac: ;   {other}
  0x0000027807c09cac: 0f1f 8400 | 1c47 003c | 4c8b 5424 | 284c 8994 | 24e8 0000 | 00e9 0afb | ffff 498b | da4d 8bd0 
  0x0000027807c09ccc: 4c63 c54d | 8d48 1049 | 8bc9 4883 | e1f8 488b | fb48 03f9 | 49c1 e903 | 4d2b d149 | 8bca 4833 
  0x0000027807c09cec: c048 83f9 | 087f 1048 | ffc9 784f | 4889 04cf | 48ff c97d | f7eb 44c5 | fdef c0e9 | 0d00 0000 
  0x0000027807c09d0c: c5fe 7f07 | c5fe 7f47 | 2048 83c7 | 4048 83e9 | 087d ed48 | 83c1 047c | 0cc5 fe7f | 0748 83c7 
  0x0000027807c09d2c: 2048 83e9 | 0448 83c1 | 047e 1048 | ffc9 c5f9 | d607 4883 | c708 48ff | c97d f348 | 8b4c 2438 
  0x0000027807c09d4c: c5f8 7749 | bac0 4456 | 0778 0200 | 0041 ffd2 

  0x0000027807c09d5c: ;   {other}
  0x0000027807c09d5c: 0f1f 8400 | 0000 0000 | 4c8b d3e9 | 0eed ffff | 85ed 0f84 | 29df ffff | 4d8b 5f28 | 488b cd4d 
  0x0000027807c09d7c: 85db 0f84 | 5434 0000 | 498b f049 | 8bda 4d8b | 5738 4b89 | 4c1a f849 | 83c3 f84d | 895f 284c 
  0x0000027807c09d9c: 8bd3 4c8b | c6e9 f7de | ffff 4c8b | 8c24 8800 | 0000 458b | 5114 4585 | d20f 8410 | d2ff ff4d 
  0x0000027807c09dbc: 8b5f 2849 | 8bca 4d85 | db0f 8433 | 3400 0048 | 8bbc 2488 | 0000 004d | 8b57 384b | 894c 1af8 
  0x0000027807c09ddc: 4983 c3f8 | 4d89 5f28 | 4c8b cfe9 | dfd1 ffff | 4d8b 5748 | 4d8b 5f58 | f083 4424 | c000 8039 
  0x0000027807c09dfc: 000f 84fb | d1ff ff44 | 8821 4d85 | d275 2649 | 8bd9 498b | d7c5 f877 | 49ba 00a4 | 1530 fb7f 
  0x0000027807c09e1c: 0000 41ff 

  0x0000027807c09e20: ;   {other}
  0x0000027807c09e20: d20f 1f84 | 0000 0000 | 004c 8bcb | e9cd d1ff | ff4b 894c | 13f8 4983 | c2f8 4d89 | 5748 e9bb 
  0x0000027807c09e40: d1ff ff4c | 8b84 24d8 | 0000 0045 | 8b58 1445 | 85db 0f84 | 76dc ffff | 4d8b 5728 | 498b cb4d 
  0x0000027807c09e60: 85d2 0f84 | be33 0000 | 488b bc24 | d800 0000 | 4d8b 5f38 | 4b89 4c13 | f849 83c2 | f84d 8957 
  0x0000027807c09e80: 284c 8bc7 | e945 dcff | ff4d 8b57 | 484d 8b5f | 58f0 8344 | 24c0 0080 | 3900 0f84 | 61dc ffff 
  0x0000027807c09ea0: 4488 214d | 85d2 7526 | 498b d849 | 8bd7 c5f8 | 7749 ba00 | a415 30fb | 7f00 0041 

  0x0000027807c09ebc: ;   {other}
  0x0000027807c09ebc: ffd2 0f1f | 8400 0000 | 0000 4c8b | c3e9 33dc | ffff 4b89 | 4c13 f849 | 83c2 f84d | 8957 48e9 
  0x0000027807c09edc: 21dc ffff | 33c0 e9e1 | ebff ff49 | b800 0036 | 7a78 0200 | 00e9 82d6 | ffff 4c63 | c54d 8d50 
  0x0000027807c09efc: 104d 8bca | 4983 e1f8 | 488b fb49 | 03f9 49c1 | ea03 4d2b | da49 8bcb | 4833 c048 | 83f9 087f 
  0x0000027807c09f1c: 1048 ffc9 | 784f 4889 | 04cf 48ff | c97d f7eb | 44c5 fdef | c0e9 0d00 | 0000 c5fe | 7f07 c5fe 
  0x0000027807c09f3c: 7f47 2048 | 83c7 4048 | 83e9 087d | ed48 83c1 | 047c 0cc5 | fe7f 0748 | 83c7 2048 | 83e9 0448 
  0x0000027807c09f5c: 83c1 047e | 1048 ffc9 | c5f9 d607 | 4883 c708 | 48ff c97d | f348 8b4c | 2428 c5f8 | 7749 bac0 
  0x0000027807c09f7c: 4456 0778 | 0200 0041 

  0x0000027807c09f84: ;   {other}
  0x0000027807c09f84: ffd2 0f1f | 8400 0000 | 0000 e925 | d0ff ff4c | 63c5 4d8d | 4810 4d8b | d949 83e3 | f848 8bfb 
  0x0000027807c09fa4: 4903 fb49 | c1e9 034d | 2bd1 498b | ca48 33c0 | 4883 f908 | 7f10 48ff | c978 4f48 | 8904 cf48 
  0x0000027807c09fc4: ffc9 7df7 | eb44 c5fd | efc0 e90d | 0000 00c5 | fe7f 07c5 | fe7f 4720 | 4883 c740 | 4883 e908 
  0x0000027807c09fe4: 7ded 4883 | c104 7c0c | c5fe 7f07 | 4883 c720 | 4883 e904 | 4883 c104 | 7e10 48ff | c9c5 f9d6 
  0x0000027807c0a004: 0748 83c7 | 0848 ffc9 | 7df3 488b | 4c24 28c5 | f877 49ba | c044 5607 | 7802 0000 

  0x0000027807c0a020: ;   {other}
  0x0000027807c0a020: 41ff d20f | 1f84 0000 | 0000 00e9 | 8bda ffff | 488b 9424 | c000 0000 | 4c8b 8424 | 1801 0000 
  0x0000027807c0a040: 4533 c933 | ff33 f633 | c945 33d2 | 4c89 1424 | 4c89 5424 | 084c 8954 | 2410 6690 

  0x0000027807c0a05c: ;   {optimized virtual_call}
  0x0000027807c0a05c: c5f8 77e8 

  0x0000027807c0a060: ; ImmutableOopMap {[32]=NarrowOop [40]=Oop [72]=Oop [80]=Oop [88]=Oop [120]=Oop [128]=Oop [160]=Oop [184]=Oop [192]=Oop [208]=NarrowOop [280]=Oop }
                      ;*invokevirtual definePackage {reexecute=0 rethrow=0 return_oop=1}
                      ; - java.net.URLClassLoader::defineClass@81
                      ; - java.net.URLClassLoader$1::run@43
                      ; - java.net.URLClassLoader$1::run@1
                      ; - java.security.AccessController::executePrivileged@29
                      ; - java.security.AccessController::doPrivileged@13
                      ; - java.net.URLClassLoader::findClass@13
                      ; - java.lang.ClassLoader::loadClass@69
                      ; - java.lang.ClassLoader::loadClass@38
  0x0000027807c0a060: 1c4a 97ff 

  0x0000027807c0a064: ;   {other}
  0x0000027807c0a064: 0f1f 8400 | d44a 003d | e9c4 dcff | ff33 c0e9 | 99cf ffff | 4489 5c24 

  0x0000027807c0a07c: ;   {metadata('java/lang/Object')}
  0x0000027807c0a07c: 2c48 ba90 | 0e00 0f78 | 0200 0048 | 8b6c 2448 | 4c89 4424 | 4066 6690 

  0x0000027807c0a094: ;   {runtime_call _new_instance_Java}
  0x0000027807c0a094: c5f8 77e8 

  0x0000027807c0a098: ; ImmutableOopMap {rbp=Oop [44]=NarrowOop [64]=Oop [72]=Oop [184]=Oop }
                      ;*new {reexecute=0 rethrow=0 return_oop=1}
                      ; - java.lang.ClassLoader::getClassLoadingLock@9
                      ; - java.lang.ClassLoader::loadClass@2
  0x0000027807c0a098: e4c4 a3ff 

  0x0000027807c0a09c: ;   {other}
  0x0000027807c0a09c: 0f1f 8400 | 0c4b 003e | e9f5 bfff | ff45 33d2 | 4c89 9424 | 9800 0000 | e923 dcff | ff4d 8bc3 
  0x0000027807c0a0bc: 458b dde9 | 84d2 ffff | 4c8b c541 | c640 1101 | 33c0 e9f5 | e9ff ff4c | 8994 24c0 | 0000 0044 
  0x0000027807c0a0dc: 8944 2420 

  0x0000027807c0a0e0: ;   {metadata('java/lang/Object')}
  0x0000027807c0a0e0: 48ba 900e | 000f 7802 | 0000 4c8b | 9424 b800 | 0000 4c89 | 5424 384c | 8b94 24c0 | 0000 004c 
  0x0000027807c0a100: 8954 2460 

  0x0000027807c0a104: ;   {runtime_call _new_instance_Java}
  0x0000027807c0a104: c5f8 77e8 

  0x0000027807c0a108: ; ImmutableOopMap {rbp=NarrowOop [32]=NarrowOop [56]=Oop [72]=Oop [80]=Oop [96]=Oop [184]=Oop [192]=Oop }
                      ;*new {reexecute=0 rethrow=0 return_oop=1}
                      ; - java.lang.ClassLoader::getClassLoadingLock@9
                      ; - java.lang.ClassLoader::loadClass@2
                      ; - java.lang.ClassLoader::loadClass@38
  0x0000027807c0a108: 74c4 a3ff 

  0x0000027807c0a10c: ;   {other}
  0x0000027807c0a10c: 0f1f 8400 | 7c4b 003f | e9ce c5ff | ff4d 8bc3 | 458b dde9 | 24d2 ffff | 4c89 5424 

  0x0000027807c0a128: ;   {metadata('java/lang/Object')}
  0x0000027807c0a128: 7848 ba90 | 0e00 0f78 | 0200 004c | 8b94 24b8 | 0000 004c | 8954 2428 | 4c8b 5424 | 784c 8954 
  0x0000027807c0a148: 2460 6690 

  0x0000027807c0a14c: ;   {runtime_call _new_instance_Java}
  0x0000027807c0a14c: c5f8 77e8 

  0x0000027807c0a150: ; ImmutableOopMap {rbp=NarrowOop [40]=Oop [72]=Oop [80]=Oop [96]=Oop [120]=Oop [184]=Oop }
                      ;*new {reexecute=0 rethrow=0 return_oop=1}
                      ; - java.lang.ClassLoader::getClassLoadingLock@9
                      ; - jdk.internal.loader.BuiltinClassLoader::loadClassOrNull@2
                      ; - jdk.internal.loader.BuiltinClassLoader::loadClass@3
                      ; - java.lang.ClassLoader::loadClass@38
  0x0000027807c0a150: 2cc4 a3ff 

  0x0000027807c0a154: ;   {other}
  0x0000027807c0a154: 0f1f 8400 | c44b 0040 | e9cb c1ff | ff44 0fb6 | 4511 4585 | c00f 855d | daff ff4c | 894c 2428 
  0x0000027807c0a174: 4c89 9424 | a000 0000 | 4c8b 9424 | b800 0000 | 4c89 5424 | 5866 6690 

  0x0000027807c0a18c: ;   {static_call}
  0x0000027807c0a18c: c5f8 77e8 

  0x0000027807c0a190: ; ImmutableOopMap {rbp=NarrowOop [32]=NarrowOop [40]=Oop [72]=Oop [80]=Oop [88]=Oop [120]=Oop [128]=Oop [160]=Oop [184]=Oop [192]=Oop [208]=NarrowOop [280]=Oop }
                      ;*invokestatic beginInit {reexecute=0 rethrow=0 return_oop=1}
                      ; - java.util.jar.JarFile::ensureInitialization@31
                      ; - java.util.jar.JavaUtilJarAccessImpl::ensureInitialization@1
                      ; - jdk.internal.loader.URLClassPath$JarLoader$2::getManifest@10
                      ; - java.net.URLClassLoader::defineClass@34
                      ; - java.net.URLClassLoader$1::run@43
                      ; - java.net.URLClassLoader$1::run@1
                      ; - java.security.AccessController::executePrivileged@29
                      ; - java.security.AccessController::doPrivileged@13
                      ; - java.net.URLClassLoader::findClass@13
                      ; - java.lang.ClassLoader::loadClass@69
                      ; - java.lang.ClassLoader::loadClass@38
  0x0000027807c0a190: ec4e 97ff 

  0x0000027807c0a194: ;   {other}
  0x0000027807c0a194: 0f1f 8400 | 044c 0041 | 4889 4424 | 3848 8b54 | 2428 6690 

  0x0000027807c0a1a8: ;   {optimized virtual_call}
  0x0000027807c0a1a8: c5f8 77e8 

  0x0000027807c0a1ac: ; ImmutableOopMap {rbp=NarrowOop [32]=NarrowOop [40]=Oop [56]=Oop [72]=Oop [80]=Oop [88]=Oop [120]=Oop [128]=Oop [160]=Oop [184]=Oop [192]=Oop [208]=NarrowOop [280]=Oop }
                      ;*invokevirtual initializeVerifier {reexecute=0 rethrow=0 return_oop=0}
                      ; - java.util.jar.JarFile::ensureInitialization@36
                      ; - java.util.jar.JavaUtilJarAccessImpl::ensureInitialization@1
                      ; - jdk.internal.loader.URLClassPath$JarLoader$2::getManifest@10
                      ; - java.net.URLClassLoader::defineClass@34
                      ; - java.net.URLClassLoader$1::run@43
                      ; - java.net.URLClassLoader$1::run@1
                      ; - java.security.AccessController::executePrivileged@29
                      ; - java.security.AccessController::doPrivileged@13
                      ; - java.net.URLClassLoader::findClass@13
                      ; - java.lang.ClassLoader::loadClass@69
                      ; - java.lang.ClassLoader::loadClass@38
  0x0000027807c0a1ac: d048 97ff 

  0x0000027807c0a1b0: ;   {other}
  0x0000027807c0a1b0: 0f1f 8400 | 204c 0042 | c645 1101 | 488b 5424 | 3848 8b6c | 2448 4c8b | 5424 584c | 8954 2438 
  0x0000027807c0a1d0: 4c8b 9424 | a000 0000 | 4c89 9424 | 9800 0000 

  0x0000027807c0a1e0: ;   {static_call}
  0x0000027807c0a1e0: c5f8 77e8 

  0x0000027807c0a1e4: ; ImmutableOopMap {rbp=Oop [32]=NarrowOop [40]=Oop [56]=Oop [72]=Oop [80]=Oop [120]=Oop [128]=Oop [152]=Oop [160]=Oop [184]=Oop [192]=Oop [208]=NarrowOop [280]=Oop }
                      ;*invokestatic endInit {reexecute=0 rethrow=0 return_oop=0}
                      ; - java.util.jar.JarFile::ensureInitialization@45
                      ; - java.util.jar.JavaUtilJarAccessImpl::ensureInitialization@1
                      ; - jdk.internal.loader.URLClassPath$JarLoader$2::getManifest@10
                      ; - java.net.URLClassLoader::defineClass@34
                      ; - java.net.URLClassLoader$1::run@43
                      ; - java.net.URLClassLoader$1::run@1
                      ; - java.security.AccessController::executePrivileged@29
                      ; - java.security.AccessController::doPrivileged@13
                      ; - java.net.URLClassLoader::findClass@13
                      ; - java.lang.ClassLoader::loadClass@69
                      ; - java.lang.ClassLoader::loadClass@38
  0x0000027807c0a1e4: 984e 97ff 

  0x0000027807c0a1e8: ;   {other}
  0x0000027807c0a1e8: 0f1f 8400 | 584c 0043 | 4c8b 9424 | 9800 0000 | 4c8b 4c24 | 28e9 cad9 

  0x0000027807c0a200: ;   {metadata('java/lang/ClassNotFoundException')}
  0x0000027807c0a200: ffff 48ba | 8893 060f | 7802 0000 | 488b 6c24 | 484c 8b94 | 24b8 0000 | 004c 8954 | 2420 6690 
  0x0000027807c0a220: ;   {runtime_call _new_instance_Java}
  0x0000027807c0a220: c5f8 77e8 

  0x0000027807c0a224: ; ImmutableOopMap {rbp=Oop [32]=Oop [72]=Oop [80]=Oop [184]=Oop }
                      ;*new {reexecute=0 rethrow=0 return_oop=1}
                      ; - jdk.internal.loader.BuiltinClassLoader::loadClass@11
                      ; - java.lang.ClassLoader::loadClass@38
  0x0000027807c0a224: 58c3 a3ff 

  0x0000027807c0a228: ;   {other}
  0x0000027807c0a228: 0f1f 8400 | 984c 0044 | e9ac eeff | ff44 895c | 2428 4c89 

  0x0000027807c0a23c: ;   {metadata('java/lang/String')}
  0x0000027807c0a23c: 4c24 2048 | ba78 e800 | 0f78 0200 | 004c 8b94 | 24b8 0000 | 004c 8954 | 2458 6690 

  0x0000027807c0a258: ;   {runtime_call _new_instance_Java}
  0x0000027807c0a258: c5f8 77e8 

  0x0000027807c0a25c: ; ImmutableOopMap {[44]=NarrowOop [72]=Oop [80]=Oop [88]=Oop [120]=Oop [128]=Oop [176]=Oop [184]=Oop }
                      ;*new {reexecute=0 rethrow=0 return_oop=1}
                      ; - java.lang.StringLatin1::newString@7
                      ; - java.lang.String::substring@41
                      ; - jdk.internal.loader.BuiltinClassLoader::findLoadedModule@16
                      ; - jdk.internal.loader.BuiltinClassLoader::loadClassOrNull@22
                      ; - jdk.internal.loader.BuiltinClassLoader::loadClass@3
                      ; - java.lang.ClassLoader::loadClass@38
  0x0000027807c0a25c: 20c3 a3ff 

  0x0000027807c0a260: ;   {other}
  0x0000027807c0a260: 0f1f 8400 | d04c 0045 | 4c8b 4c24 | 2044 8b5c | 2428 4c8b | c0e9 26e6 

  0x0000027807c0a278: ;   {metadata({type array byte})}
  0x0000027807c0a278: ffff 48ba | 1823 000f | 7802 0000 | 448b c548 | 8b6c 2448 | 4c8b 9424 | b800 0000 | 4c89 5424 
  0x0000027807c0a298: 384c 899c | 24c8 0000 | 0066 6690 

  0x0000027807c0a2a4: ;   {runtime_call _new_array_Java}
  0x0000027807c0a2a4: c5f8 77e8 

  0x0000027807c0a2a8: ; ImmutableOopMap {rbp=Oop [32]=NarrowOop [56]=Oop [72]=Oop [80]=Oop [120]=Oop [128]=Oop [136]=Oop [152]=Oop [184]=Oop [192]=Oop }
                      ;*invokevirtual allocateUninitializedArray0 {reexecute=0 rethrow=0 return_oop=1}
                      ; - jdk.internal.misc.Unsafe::allocateUninitializedArray@51
                      ; - java.lang.StringConcatHelper::newArray@33
                      ; - java.lang.StringConcatHelper::simpleConcat@61
                      ; - java.lang.String::concat@11
                      ; - java.net.URLClassLoader$1::run@13
                      ; - java.net.URLClassLoader$1::run@1
                      ; - java.security.AccessController::executePrivileged@29
                      ; - java.security.AccessController::doPrivileged@13
                      ; - java.net.URLClassLoader::findClass@13
                      ; - java.lang.ClassLoader::loadClass@69
                      ; - java.lang.ClassLoader::loadClass@38
  0x0000027807c0a2a8: d4c5 a3ff 

  0x0000027807c0a2ac: ;   {other}
  0x0000027807c0a2ac: 0f1f 8400 | 1c4d 0046 | 4c8b d0e9 | 5be1 ffff 

  0x0000027807c0a2bc: ;   {metadata('java/lang/String')}
  0x0000027807c0a2bc: 498b ea48 | ba78 e800 | 0f78 0200 | 004c 8b94 | 24b8 0000 | 004c 8954 | 2438 6690 

  0x0000027807c0a2d8: ;   {runtime_call _new_instance_Java}
  0x0000027807c0a2d8: c5f8 77e8 

  0x0000027807c0a2dc: ; ImmutableOopMap {rbp=Oop [32]=NarrowOop [56]=Oop [72]=Oop [80]=Oop [120]=Oop [128]=Oop [184]=Oop [192]=Oop }
                      ;*new {reexecute=0 rethrow=0 return_oop=1}
                      ; - java.lang.StringConcatHelper::newString@6
                      ; - java.lang.StringConcatHelper::simpleConcat@90
                      ; - java.lang.String::concat@11
                      ; - java.net.URLClassLoader$1::run@13
                      ; - java.net.URLClassLoader$1::run@1
                      ; - java.security.AccessController::executePrivileged@29
                      ; - java.security.AccessController::doPrivileged@13
                      ; - java.net.URLClassLoader::findClass@13
                      ; - java.lang.ClassLoader::loadClass@69
                      ; - java.lang.ClassLoader::loadClass@38
  0x0000027807c0a2dc: a0c2 a3ff 

  0x0000027807c0a2e0: ;   {other}
  0x0000027807c0a2e0: 0f1f 8400 | 504d 0047 | 4c8b d5e9 | 16e2 ffff 

  0x0000027807c0a2f0: ;   {metadata('java/lang/ClassNotFoundException')}
  0x0000027807c0a2f0: 48ba 8893 | 060f 7802 | 0000 488b | 6c24 484c | 8b94 24b8 | 0000 004c | 8954 2420 

  0x0000027807c0a30c: ;   {runtime_call _new_instance_Java}
  0x0000027807c0a30c: c5f8 77e8 

  0x0000027807c0a310: ; ImmutableOopMap {rbp=Oop [32]=Oop [72]=Oop [80]=Oop [120]=Oop [184]=Oop [192]=Oop }
                      ;*new {reexecute=0 rethrow=0 return_oop=1}
                      ; - java.net.URLClassLoader::findClass@36
                      ; - java.lang.ClassLoader::loadClass@69
                      ; - java.lang.ClassLoader::loadClass@38
  0x0000027807c0a310: 6cc2 a3ff 

  0x0000027807c0a314: ;   {other}
  0x0000027807c0a314: 0f1f 8400 | 844d 0048 | e960 e3ff | ff4c 8bc5 | 41c6 4011 | 0133 c0e9 | e1cc ffff 

  0x0000027807c0a330: ;   {metadata({type array byte})}
  0x0000027807c0a330: 48ba 1823 | 000f 7802 | 0000 448b | 8424 9000 | 0000 4c8b | 9424 b800 | 0000 4c89 | 5424 5890 
  0x0000027807c0a350: ;   {runtime_call _new_array_Java}
  0x0000027807c0a350: c5f8 77e8 

  0x0000027807c0a354: ; ImmutableOopMap {[32]=NarrowOop [52]=NarrowOop [56]=Oop [72]=Oop [80]=Oop [88]=Oop [120]=Oop [128]=Oop [184]=Oop [192]=Oop }
                      ;*invokevirtual allocateUninitializedArray0 {reexecute=0 rethrow=0 return_oop=1}
                      ; - jdk.internal.misc.Unsafe::allocateUninitializedArray@51
                      ; - java.lang.StringConcatHelper::newArray@33
                      ; - java.lang.StringLatin1::replace@49
                      ; - java.lang.String::replace@18
                      ; - java.net.URLClassLoader$1::run@8
                      ; - java.net.URLClassLoader$1::run@1
                      ; - java.security.AccessController::executePrivileged@29
                      ; - java.security.AccessController::doPrivileged@13
                      ; - java.net.URLClassLoader::findClass@13
                      ; - java.lang.ClassLoader::loadClass@69
                      ; - java.lang.ClassLoader::loadClass@38
  0x0000027807c0a354: 28c5 a3ff 

  0x0000027807c0a358: ;   {other}
  0x0000027807c0a358: 0f1f 8400 | c84d 0049 | 4c8b c0e9 | 10dd ffff 

  0x0000027807c0a368: ;   {metadata('java/lang/String')}
  0x0000027807c0a368: 488b ea48 | ba78 e800 | 0f78 0200 | 004c 8b94 | 24b8 0000 | 004c 8954 | 2438 6690 

  0x0000027807c0a384: ;   {runtime_call _new_instance_Java}
  0x0000027807c0a384: c5f8 77e8 

  0x0000027807c0a388: ; ImmutableOopMap {rbp=Oop [32]=NarrowOop [56]=Oop [72]=Oop [80]=Oop [120]=Oop [128]=Oop [184]=Oop [192]=Oop }
                      ;*new {reexecute=0 rethrow=0 return_oop=1}
                      ; - java.lang.StringLatin1::replace@116
                      ; - java.lang.String::replace@18
                      ; - java.net.URLClassLoader$1::run@8
                      ; - java.net.URLClassLoader$1::run@1
                      ; - java.security.AccessController::executePrivileged@29
                      ; - java.security.AccessController::doPrivileged@13
                      ; - java.net.URLClassLoader::findClass@13
                      ; - java.lang.ClassLoader::loadClass@69
                      ; - java.lang.ClassLoader::loadClass@38
  0x0000027807c0a388: f4c1 a3ff 

  0x0000027807c0a38c: ;   {other}
  0x0000027807c0a38c: 0f1f 8400 | fc4d 004a | 488b d548 | 8bd8 e93b | dfff ff4c | 8984 24e0 | 0000 0049 | 8bd0 488b 
  0x0000027807c0a3ac: 6c24 484c | 8b54 2458 | 4c89 5424 | 3866 6690 

  0x0000027807c0a3bc: ;   {optimized virtual_call}
  0x0000027807c0a3bc: c5f8 77e8 

  0x0000027807c0a3c0: ; ImmutableOopMap {rbp=Oop [32]=NarrowOop [40]=Oop [56]=Oop [72]=Oop [80]=Oop [120]=Oop [128]=Oop [160]=Oop [184]=Oop [192]=Oop [208]=NarrowOop [216]=Oop [224]=Oop [280]=Oop }
                      ;*invokevirtual getManifestNum {reexecute=0 rethrow=0 return_oop=0}
                      ; - java.util.zip.ZipFile$1::getManifestNum@1
                      ; - java.util.jar.JarFile::getManifestFromReference@59
                      ; - java.util.jar.JarFile::getManifest@1
                      ; - jdk.internal.loader.URLClassPath$JarLoader$2::getManifest@22
                      ; - java.net.URLClassLoader::defineClass@34
                      ; - java.net.URLClassLoader$1::run@43
                      ; - java.net.URLClassLoader$1::run@1
                      ; - java.security.AccessController::executePrivileged@29
                      ; - java.security.AccessController::doPrivileged@13
                      ; - java.net.URLClassLoader::findClass@13
                      ; - java.lang.ClassLoader::loadClass@69
                      ; - java.lang.ClassLoader::loadClass@38
  0x0000027807c0a3c0: bc46 97ff 

  0x0000027807c0a3c4: ;   {other}
  0x0000027807c0a3c4: 0f1f 8400 | 344e 004b | 83f8 010f | 84fa 0300 | 004c 8b84 | 24e0 0000 | 00e9 cbf7 | ffff 4c89 
  0x0000027807c0a3e4: 4c24 2044 | 895c 2428 | 4c89 4424 | 5848 895c | 2438 4889 | 4c24 604c | 8954 2468 

  0x0000027807c0a400: ;   {metadata({type array byte})}
  0x0000027807c0a400: 48ba 1823 | 000f 7802 | 0000 448b | 4424 284c | 8b94 24b8 | 0000 004c | 8954 2470 

  0x0000027807c0a41c: ;   {runtime_call _new_array_nozero_Java}
  0x0000027807c0a41c: c5f8 77e8 

  0x0000027807c0a420: ; ImmutableOopMap {[72]=Oop [80]=Oop [88]=Oop [112]=Oop [120]=Oop [128]=Oop [176]=Oop [56]=Derived_oop_[176] [184]=Oop }
                      ;*newarray {reexecute=0 rethrow=0 return_oop=1}
                      ; - java.util.Arrays::copyOfRangeByte@10
                      ; - java.util.Arrays::copyOfRange@13
                      ; - java.lang.StringLatin1::newString@16
                      ; - java.lang.String::substring@41
                      ; - jdk.internal.loader.BuiltinClassLoader::findLoadedModule@16
                      ; - jdk.internal.loader.BuiltinClassLoader::loadClassOrNull@22
                      ; - jdk.internal.loader.BuiltinClassLoader::loadClass@3
                      ; - java.lang.ClassLoader::loadClass@38
  0x0000027807c0a420: dc97 a3ff 

  0x0000027807c0a424: ;   {other}
  0x0000027807c0a424: 0f1f 8400 | 944e 004c | 448b 5c24 | 284c 8bd0 | e9ed e5ff | ff4c 899c | 24a0 0000 

  0x0000027807c0a440: ;   {metadata('java/lang/Object')}
  0x0000027807c0a440: 0048 ba90 | 0e00 0f78 | 0200 004c | 8b94 24b8 | 0000 004c | 8954 2438 | 4c8b 9424 | a000 0000 
  0x0000027807c0a460: 4c89 9424 | 9000 0000 

  0x0000027807c0a468: ;   {runtime_call _new_instance_Java}
  0x0000027807c0a468: c5f8 77e8 

  0x0000027807c0a46c: ; ImmutableOopMap {rbp=NarrowOop [32]=NarrowOop [56]=Oop [72]=Oop [80]=Oop [120]=Oop [144]=Oop [160]=Oop [184]=Oop [192]=Oop }
                      ;*new {reexecute=0 rethrow=0 return_oop=1}
                      ; - java.lang.ClassLoader::getClassLoadingLock@9
                      ; - jdk.internal.loader.BuiltinClassLoader::loadClassOrNull@2
                      ; - jdk.internal.loader.BuiltinClassLoader::loadClass@3
                      ; - java.lang.ClassLoader::loadClass@38
                      ; - java.lang.ClassLoader::loadClass@38
  0x0000027807c0a46c: 10c1 a3ff 

  0x0000027807c0a470: ;   {other}
  0x0000027807c0a470: 0f1f 8400 | e04e 004d | e900 c5ff 

  0x0000027807c0a47c: ;   {metadata('java/security/CodeSource')}
  0x0000027807c0a47c: ff48 ba28 | 5c00 0f78 | 0200 0048 | 8b6c 2448 | 4c8b 5424 | 584c 8954 | 2438 448b | 9424 d000 
  0x0000027807c0a49c: 0000 4489 | 5424 3490 

  0x0000027807c0a4a4: ;   {runtime_call _new_instance_Java}
  0x0000027807c0a4a4: c5f8 77e8 

  0x0000027807c0a4a8: ; ImmutableOopMap {rbp=Oop [32]=NarrowOop [40]=Oop [52]=NarrowOop [56]=Oop [72]=Oop [80]=Oop [120]=Oop [128]=Oop [160]=Oop [168]=Oop [184]=Oop [192]=Oop }
                      ;*new {reexecute=0 rethrow=0 return_oop=1}
                      ; - java.net.URLClassLoader::defineClass@190
                      ; - java.net.URLClassLoader$1::run@43
                      ; - java.net.URLClassLoader$1::run@1
                      ; - java.security.AccessController::executePrivileged@29
                      ; - java.security.AccessController::doPrivileged@13
                      ; - java.net.URLClassLoader::findClass@13
                      ; - java.lang.ClassLoader::loadClass@69
                      ; - java.lang.ClassLoader::loadClass@38
  0x0000027807c0a4a8: d4c0 a3ff 

  0x0000027807c0a4ac: ;   {other}
  0x0000027807c0a4ac: 0f1f 8400 | 1c4f 004e | e940 d9ff | ff4c 8944 

  0x0000027807c0a4bc: ;   {metadata('java/lang/ClassNotFoundException')}
  0x0000027807c0a4bc: 2428 48ba | 8893 060f | 7802 0000 | 488b 6c24 | 484c 8b94 | 24b8 0000 | 004c 8954 | 2438 6690 
  0x0000027807c0a4dc: ;   {runtime_call _new_instance_Java}
  0x0000027807c0a4dc: c5f8 77e8 

  0x0000027807c0a4e0: ; ImmutableOopMap {rbp=Oop [32]=NarrowOop [56]=Oop [72]=Oop [80]=Oop [120]=Oop [184]=Oop [192]=Oop }
                      ;*new {reexecute=0 rethrow=0 return_oop=1}
                      ; - jdk.internal.loader.BuiltinClassLoader::loadClass@11
                      ; - java.lang.ClassLoader::loadClass@38
                      ; - java.lang.ClassLoader::loadClass@38
  0x0000027807c0a4e0: 9cc0 a3ff 

  0x0000027807c0a4e4: ;   {other}
  0x0000027807c0a4e4: 0f1f 8400 | 544f 004f | e980 d1ff 

  0x0000027807c0a4f0: ;   {metadata('java/lang/String')}
  0x0000027807c0a4f0: ff48 ba78 | e800 0f78 | 0200 004c | 8b54 2448 | 498b ea4c | 8b94 24b8 | 0000 004c | 8954 2438 
  0x0000027807c0a510: ;   {runtime_call _new_instance_Java}
  0x0000027807c0a510: c5f8 77e8 

  0x0000027807c0a514: ; ImmutableOopMap {rbp=Oop [32]=NarrowOop [44]=NarrowOop [56]=Oop [72]=Oop [80]=Oop [120]=Oop [160]=Oop [168]=Oop [184]=Oop [192]=Oop [232]=Oop }
                      ;*new {reexecute=0 rethrow=0 return_oop=1}
                      ; - java.lang.StringLatin1::newString@7
                      ; - java.lang.String::substring@41
                      ; - jdk.internal.loader.BuiltinClassLoader::findLoadedModule@16
                      ; - jdk.internal.loader.BuiltinClassLoader::loadClassOrNull@22
                      ; - jdk.internal.loader.BuiltinClassLoader::loadClass@3
                      ; - java.lang.ClassLoader::loadClass@38
                      ; - java.lang.ClassLoader::loadClass@38
  0x0000027807c0a514: 68c0 a3ff 

  0x0000027807c0a518: ;   {other}
  0x0000027807c0a518: 0f1f 8400 | 884f 0050 | 4c8b d8e9 | 92c8 ffff 

  0x0000027807c0a528: ;   {metadata('java/lang/String')}
  0x0000027807c0a528: 48ba 78e8 | 000f 7802 | 0000 4c8b | 9424 b800 | 0000 4c89 | 5424 5890 

  0x0000027807c0a540: ;   {runtime_call _new_instance_Java}
  0x0000027807c0a540: c5f8 77e8 

  0x0000027807c0a544: ; ImmutableOopMap {[32]=NarrowOop [44]=NarrowOop [56]=Oop [72]=Oop [80]=Oop [88]=Oop [120]=Oop [128]=Oop [160]=Oop [184]=Oop [192]=Oop [208]=NarrowOop }
                      ;*new {reexecute=0 rethrow=0 return_oop=1}
                      ; - java.lang.StringLatin1::newString@7
                      ; - java.lang.String::substring@41
                      ; - java.net.URLClassLoader::defineClass@28
                      ; - java.net.URLClassLoader$1::run@43
                      ; - java.net.URLClassLoader$1::run@1
                      ; - java.security.AccessController::executePrivileged@29
                      ; - java.security.AccessController::doPrivileged@13
                      ; - java.net.URLClassLoader::findClass@13
                      ; - java.lang.ClassLoader::loadClass@69
                      ; - java.lang.ClassLoader::loadClass@38
  0x0000027807c0a544: 38c0 a3ff 

  0x0000027807c0a548: ;   {other}
  0x0000027807c0a548: 0f1f 8400 | b84f 0051 | 4c8b d8e9 | 6bd3 ffff | 4c89 4c24 | 204c 8944 | 2458 4889 | 5c24 384c 
  0x0000027807c0a568: 895c 2460 

  0x0000027807c0a56c: ;   {metadata({type array byte})}
  0x0000027807c0a56c: 48ba 1823 | 000f 7802 | 0000 448b | c548 8b6c | 2448 4c8b | 9424 b800 | 0000 4c89 | 5424 6890 
  0x0000027807c0a58c: ;   {runtime_call _new_array_nozero_Java}
  0x0000027807c0a58c: c5f8 77e8 

  0x0000027807c0a590: ; ImmutableOopMap {rbp=Oop [44]=NarrowOop [72]=Oop [80]=Oop [88]=Oop [104]=Oop [120]=Oop [128]=Oop [176]=Oop [56]=Derived_oop_[176] [184]=Oop }
                      ;*invokevirtual clone {reexecute=1 rethrow=0 return_oop=1}
                      ; - (reexecute) java.util.Arrays::copyOfRange@18
                      ; - java.lang.StringLatin1::newString@16
                      ; - java.lang.String::substring@41
                      ; - jdk.internal.loader.BuiltinClassLoader::findLoadedModule@16
                      ; - jdk.internal.loader.BuiltinClassLoader::loadClassOrNull@22
                      ; - jdk.internal.loader.BuiltinClassLoader::loadClass@3
                      ; - java.lang.ClassLoader::loadClass@38
  0x0000027807c0a590: 6c96 a3ff 

  0x0000027807c0a594: ;   {other}
  0x0000027807c0a594: 0f1f 8400 | 0450 0052 | 488b d8e9 | 8be3 ffff 

  0x0000027807c0a5a4: ;   {metadata({type array byte})}
  0x0000027807c0a5a4: 48ba 1823 | 000f 7802 | 0000 448b | 8424 8000 | 0000 4c8b | 9424 b800 | 0000 4c89 | 5424 6090 
  0x0000027807c0a5c4: ;   {runtime_call _new_array_nozero_Java}
  0x0000027807c0a5c4: c5f8 77e8 

  0x0000027807c0a5c8: ; ImmutableOopMap {[32]=NarrowOop [72]=Oop [80]=Oop [96]=Oop [120]=Oop [136]=Oop [160]=Oop [168]=Oop [184]=Oop [192]=Oop [232]=Oop [40]=Derived_oop_[232] }
                      ;*newarray {reexecute=0 rethrow=0 return_oop=1}
                      ; - java.util.Arrays::copyOfRangeByte@10
                      ; - java.util.Arrays::copyOfRange@13
                      ; - java.lang.StringLatin1::newString@16
                      ; - java.lang.String::substring@41
                      ; - jdk.internal.loader.BuiltinClassLoader::findLoadedModule@16
                      ; - jdk.internal.loader.BuiltinClassLoader::loadClassOrNull@22
                      ; - jdk.internal.loader.BuiltinClassLoader::loadClass@3
                      ; - java.lang.ClassLoader::loadClass@38
                      ; - java.lang.ClassLoader::loadClass@38
  0x0000027807c0a5c8: 3496 a3ff 

  0x0000027807c0a5cc: ;   {other}
  0x0000027807c0a5cc: 0f1f 8400 | 3c50 0053 | 488b d8e9 | 8dc9 ffff | 4c8b 8c24 | b000 0000 | 458b 5128 | 4585 d20f 
  0x0000027807c0a5ec: 846a f2ff | ff4d 8b5f | 2849 8bca | 4d85 db0f | 8447 3700 | 004d 8b57 | 384b 894c | 1af8 4983 
  0x0000027807c0a60c: c3f8 4d89 | 5f28 e944 | f2ff ff4d | 8b57 484d | 8b5f 58f0 | 8344 24c0 | 0041 8038 | 000f 845e 
  0x0000027807c0a62c: f2ff ff45 | 8820 4d85 | d275 2349 | 8bc8 498b | d7c5 f877 | 49ba 00a4 | 1530 fb7f | 0000 41ff 
  0x0000027807c0a64c: ;   {other}
  0x0000027807c0a64c: d20f 1f84 | 0000 0000 | 00e9 33f2 | ffff 4f89 | 4413 f849 | 83c2 f84d | 8957 48e9 | 21f2 ffff 
  0x0000027807c0a66c: ;   {metadata({type array byte})}
  0x0000027807c0a66c: 48ba 1823 | 000f 7802 | 0000 4c8b | 9424 b800 | 0000 4c89 | 9424 8800 | 0000 6690 

  0x0000027807c0a688: ;   {runtime_call _new_array_nozero_Java}
  0x0000027807c0a688: c5f8 77e8 

  0x0000027807c0a68c: ; ImmutableOopMap {[32]=NarrowOop [56]=Oop [40]=Derived_oop_[56] [72]=Oop [80]=Oop [120]=Oop [128]=Oop [136]=Oop [160]=Oop [184]=Oop [192]=Oop [208]=NarrowOop [216]=Oop }
                      ;*newarray {reexecute=0 rethrow=0 return_oop=1}
                      ; - java.util.Arrays::copyOfRangeByte@10
                      ; - java.util.Arrays::copyOfRange@13
                      ; - java.lang.StringLatin1::newString@16
                      ; - java.lang.String::substring@41
                      ; - java.net.URLClassLoader::defineClass@28
                      ; - java.net.URLClassLoader$1::run@43
                      ; - java.net.URLClassLoader$1::run@1
                      ; - java.security.AccessController::executePrivileged@29
                      ; - java.security.AccessController::doPrivileged@13
                      ; - java.net.URLClassLoader::findClass@13
                      ; - java.lang.ClassLoader::loadClass@69
                      ; - java.lang.ClassLoader::loadClass@38
  0x0000027807c0a68c: 7095 a3ff 

  0x0000027807c0a690: ;   {other}
  0x0000027807c0a690: 0f1f 8400 | 0051 0054 | 488b d8e9 | ccd3 ffff | 4c8b 5424 | 484c 8954 | 2420 4c8b | 9424 b800 
  0x0000027807c0a6b0: 0000 4c89 | 5424 284c | 8b54 2450 | 4c89 5424 | 484c 8b54 | 2478 4c89 | 5424 584c | 8b54 2468 
  0x0000027807c0a6d0: 4c89 5424 | 604c 8b54 | 2470 4c89 | 5424 6848 | 8994 2490 | 0000 00ba | deff ffff 

  0x0000027807c0a6ec: ;   {runtime_call UncommonTrapBlob}
  0x0000027807c0a6ec: c5f8 77e8 

  0x0000027807c0a6f0: ; ImmutableOopMap {[32]=Oop [40]=Oop [52]=NarrowOop [72]=Oop [88]=Oop [128]=Oop [136]=Oop [144]=Oop [192]=Oop }
                      ;*invokevirtual getResource {reexecute=0 rethrow=0 return_oop=0}
                      ; - jdk.internal.loader.URLClassPath::getResource@53
                      ; - java.net.URLClassLoader$1::run@26
                      ; - java.net.URLClassLoader$1::run@1
                      ; - java.security.AccessController::executePrivileged@29
                      ; - java.security.AccessController::doPrivileged@13
                      ; - java.net.URLClassLoader::findClass@13
                      ; - java.lang.ClassLoader::loadClass@69
                      ; - java.lang.ClassLoader::loadClass@38
  0x0000027807c0a6f0: 8c9c 97ff 

  0x0000027807c0a6f4: ;   {other}
  0x0000027807c0a6f4: 0f1f 8400 | 6451 0055 | 498b e94c | 8984 24b8 

  0x0000027807c0a704: ;   {metadata('java/lang/String')}
  0x0000027807c0a704: 0000 0048 | ba78 e800 | 0f78 0200 | 004c 8984 | 2488 0000 | 004c 8984 | 2490 0000 | 0066 6690 
  0x0000027807c0a724: ;   {runtime_call _new_instance_Java}
  0x0000027807c0a724: c5f8 77e8 

  0x0000027807c0a728: ; ImmutableOopMap {rbp=Oop [32]=NarrowOop [72]=Oop [80]=Oop [120]=Oop [136]=Oop [144]=Oop [184]=Oop [192]=Oop }
                      ;*new {reexecute=0 rethrow=0 return_oop=1}
                      ; - java.lang.StringConcatHelper::simpleConcat@17
                      ; - java.lang.String::concat@11
                      ; - java.net.URLClassLoader$1::run@13
                      ; - java.net.URLClassLoader$1::run@1
                      ; - java.security.AccessController::executePrivileged@29
                      ; - java.security.AccessController::doPrivileged@13
                      ; - java.net.URLClassLoader::findClass@13
                      ; - java.lang.ClassLoader::loadClass@69
                      ; - java.lang.ClassLoader::loadClass@38
  0x0000027807c0a728: 54be a3ff 

  0x0000027807c0a72c: ;   {other}
  0x0000027807c0a72c: 0f1f 8400 | 9c51 0056 | 4c8b 8424 | 8800 0000 | 4c8b cde9 | 64ed ffff 

  0x0000027807c0a744: ;   {metadata({type array byte})}
  0x0000027807c0a744: 48ba 1823 | 000f 7802 | 0000 448b | c548 8b6c | 2448 4c8b | 9424 b800 | 0000 4c89 | 5424 6090 
  0x0000027807c0a764: ;   {runtime_call _new_array_nozero_Java}
  0x0000027807c0a764: c5f8 77e8 

  0x0000027807c0a768: ; ImmutableOopMap {rbp=Oop [32]=NarrowOop [44]=NarrowOop [72]=Oop [80]=Oop [96]=Oop [120]=Oop [136]=Oop [160]=Oop [168]=Oop [184]=Oop [192]=Oop [232]=Oop [56]=Derived_oop_[232] }
                      ;*invokevirtual clone {reexecute=1 rethrow=0 return_oop=1}
                      ; - (reexecute) java.util.Arrays::copyOfRange@18
                      ; - java.lang.StringLatin1::newString@16
                      ; - java.lang.String::substring@41
                      ; - jdk.internal.loader.BuiltinClassLoader::findLoadedModule@16
                      ; - jdk.internal.loader.BuiltinClassLoader::loadClassOrNull@22
                      ; - jdk.internal.loader.BuiltinClassLoader::loadClass@3
                      ; - java.lang.ClassLoader::loadClass@38
                      ; - java.lang.ClassLoader::loadClass@38
  0x0000027807c0a768: 9494 a3ff 

  0x0000027807c0a76c: ;   {other}
  0x0000027807c0a76c: 0f1f 8400 | dc51 0057 | 4c8b d0e9 | dec6 ffff 

  0x0000027807c0a77c: ;   {metadata({type array byte})}
  0x0000027807c0a77c: 48ba 1823 | 000f 7802 | 0000 448b | 4424 244c | 8b94 24b8 | 0000 004c | 8954 2460 

  0x0000027807c0a798: ;   {runtime_call _new_array_nozero_Java}
  0x0000027807c0a798: c5f8 77e8 

  0x0000027807c0a79c: ; ImmutableOopMap {[32]=NarrowOop [44]=NarrowOop [56]=Oop rbp=Derived_oop_[56] [72]=Oop [80]=Oop [96]=Oop [120]=Oop [128]=Oop [160]=Oop [184]=Oop [192]=Oop [208]=NarrowOop [216]=Oop }
                      ;*invokevirtual clone {reexecute=1 rethrow=0 return_oop=1}
                      ; - (reexecute) java.util.Arrays::copyOfRange@18
                      ; - java.lang.StringLatin1::newString@16
                      ; - java.lang.String::substring@41
                      ; - java.net.URLClassLoader::defineClass@28
                      ; - java.net.URLClassLoader$1::run@43
                      ; - java.net.URLClassLoader$1::run@1
                      ; - java.security.AccessController::executePrivileged@29
                      ; - java.security.AccessController::doPrivileged@13
                      ; - java.net.URLClassLoader::findClass@13
                      ; - java.lang.ClassLoader::loadClass@69
                      ; - java.lang.ClassLoader::loadClass@38
  0x0000027807c0a79c: 6094 a3ff 

  0x0000027807c0a7a0: ;   {other}
  0x0000027807c0a7a0: 0f1f 8400 | 1052 0058 | 4c8b d8e9 | b9d1 ffff | 418b eae9 | 32d8 ffff | 440f b645 | 114c 8b94 
  0x0000027807c0a7c0: 24a0 0000 | 004c 8b4c | 2428 e997 | f9ff ff49 | 8b87 b801 | 0000 4c8b | d049 83c2 | 404d 3b97 
  0x0000027807c0a7e0: c801 0000 | 0f83 063d | 0000 4d89 | 97b8 0100 | 0041 0f0d | 8ac0 0000 | 0048 c700 | 0100 0000 
  0x0000027807c0a800: ;   {metadata('java/util/jar/JarVerifier')}
  0x0000027807c0a800: c740 0878 | 9e16 0044 | 8960 0c4c | 8960 104c | 8960 184c | 8960 204c | 8960 284c | 8960 304c 
  0x0000027807c0a820: 8960 384c | 8bc0 4c8b | 5424 2845 

  0x0000027807c0a82c: ;   {metadata('java/util/jar/JarFile$JarFileEntry')}
  0x0000027807c0a82c: 8b5a 0841 | 81fb d032 | 3100 0f85 | d93e 0000 | 41c6 400e | 0145 8b52 | 6045 8950 | 3041 c640 
  0x0000027807c0a84c: 0d01 498b | f84d 8bda | 4d33 d84c | 8b8c 24d8 | 0000 0049 | 8bd9 49c1 | eb14 4d85 | db74 1f45 
  0x0000027807c0a86c: 85d2 741a | 49c1 e809 | 48b9 0000 | 367a 7802 | 0000 4903 | c880 3902 | 0f85 bf3b | 0000 4180 
  0x0000027807c0a88c: 7f40 000f | 8583 3500 | 004c 8bc7 | 4189 582c | 4c8b 8c24 | d800 0000 | 4d8b d14d | 8bd8 4d33 
  0x0000027807c0a8ac: d349 c1ea | 144d 85d2 | 741f 4d85 | c974 1a49 | c1eb 0948 | b900 0036 | 7a78 0200 | 0049 03cb 
  0x0000027807c0a8cc: 8039 020f | 85c5 3b00 | 0049 8b87 | b801 0000 | 4c8b d049 | 83c2 304d | 3b97 c801 | 0000 0f83 
  0x0000027807c0a8ec: 213c 0000 | 4d89 97b8 | 0100 0041 | 0f0d 8ac0 | 0000 0048 | c700 0100 

  0x0000027807c0a904: ;   {metadata('java/util/Hashtable')}
  0x0000027807c0a904: 0000 c740 | 08b8 d300 | 0044 8960 | 0c4c 8960 | 104c 8960 | 184c 8960 | 204c 8960 | 284c 898c 
  0x0000027807c0a924: 24d8 0000 | 004c 8984 | 24e8 0000 | 0048 8be8 

  0x0000027807c0a934: ;   {section_word}
  0x0000027807c0a934: c5fa 1005 | a4b6 ffff | 4c8b 9424 | b800 0000 | 4c89 5424 | 3866 6690 

  0x0000027807c0a94c: ;   {static_call}
  0x0000027807c0a94c: c5f8 77e8 

  0x0000027807c0a950: ; ImmutableOopMap {rbp=Oop [32]=NarrowOop [56]=Oop [72]=Oop [80]=Oop [120]=Oop [128]=Oop [160]=Oop [184]=Oop [192]=Oop [208]=NarrowOop [216]=Oop [224]=Oop [232]=Oop [280]=Oop }
                      ;*invokestatic isNaN {reexecute=0 rethrow=0 return_oop=0}
                      ; - java.util.Hashtable::<init>@47
                      ; - java.util.Hashtable::<init>@5
                      ; - java.util.jar.JarVerifier::<init>@39
                      ; - java.util.jar.JarFile::getManifestFromReference@78
                      ; - java.util.jar.JarFile::getManifest@1
                      ; - jdk.internal.loader.URLClassPath$JarLoader$2::getManifest@22
                      ; - java.net.URLClassLoader::defineClass@34
                      ; - java.net.URLClassLoader$1::run@43
                      ; - java.net.URLClassLoader$1::run@1
                      ; - java.security.AccessController::executePrivileged@29
                      ; - java.security.AccessController::doPrivileged@13
                      ; - java.net.URLClassLoader::findClass@13
                      ; - java.lang.ClassLoader::loadClass@69
                      ; - java.lang.ClassLoader::loadClass@38
  0x0000027807c0a950: 2c47 97ff 

  0x0000027807c0a954: ;   {other}
  0x0000027807c0a954: 0f1f 8400 | c453 0059 | 85c0 0f85 | 983e 0000 | c745 1400 | 0040 3f4d | 8b97 b801 | 0000 4d8b 
  0x0000027807c0a974: da49 83c3 | 404d 3b9f | c801 0000 | 0f83 f73b | 0000 4d89 | 9fb8 0100 | 0041 0f0d | 8bc0 0000 
  0x0000027807c0a994: 0049 c702 | 0100 0000 | 410f 0d8b | 0001 0000 

  0x0000027807c0a9a4: ;   {metadata('java/util/Hashtable$Entry'[])}
  0x0000027807c0a9a4: 41c7 4208 | a87f 1300 | 410f 0d8b | 4001 0000 | 41c7 420c | 0b00 0000 | 410f 0d8b | 8001 0000 
  0x0000027807c0a9c4: 4d89 6210 | 4d89 6218 | 4d89 6220 | 4d89 6228 | 4d89 6230 | 4d89 6238 | 498b da41 | 807f 4000 
  0x0000027807c0a9e4: 0f85 a234 | 0000 4c8b | d34d 8bda | 4489 5d1c | 4c8b dd4d | 33d3 488b | dd49 c1ea | 144d 85d2 
  0x0000027807c0aa04: 741a 49c1 | eb09 48b9 | 0000 367a | 7802 0000 | 4903 cb80 | 3902 0f85 | 0037 0000 | 4180 7f40 
  0x0000027807c0aa24: 000f 8526 | 3400 004c | 8b94 24e8 | 0000 0041 | 895a 14c7 | 4510 0800 | 0000 4c8b | d54c 8b9c 
  0x0000027807c0aa44: 24e8 0000 | 004d 33d3 | 49c1 ea14 | 4d85 d274 | 1a49 c1eb | 0948 b900 | 0036 7a78 | 0200 0049 
  0x0000027807c0aa64: 03cb 8039 | 020f 8560 | 3600 0049 | 8b87 b801 | 0000 4c8b | d049 83c2 | 304d 3b97 | c801 0000 
  0x0000027807c0aa84: 0f83 c33a | 0000 4d89 | 97b8 0100 | 0041 0f0d | 8ac0 0000 | 0048 c700 | 0100 0000 

  0x0000027807c0aaa0: ;   {metadata('java/util/Hashtable')}
  0x0000027807c0aaa0: c740 08b8 | d300 0044 | 8960 0c4c | 8960 104c | 8960 184c | 8960 204c | 8960 2848 

  0x0000027807c0aabc: ;   {section_word}
  0x0000027807c0aabc: 8be8 c5fa | 1005 1ab5 | ffff 4c8b | 9424 b800 | 0000 4c89 | 5424 3890 

  0x0000027807c0aad4: ;   {static_call}
  0x0000027807c0aad4: c5f8 77e8 

  0x0000027807c0aad8: ; ImmutableOopMap {rbp=Oop [32]=NarrowOop [56]=Oop [72]=Oop [80]=Oop [120]=Oop [128]=Oop [160]=Oop [184]=Oop [192]=Oop [208]=NarrowOop [216]=Oop [224]=Oop [232]=Oop [280]=Oop }
                      ;*invokestatic isNaN {reexecute=0 rethrow=0 return_oop=0}
                      ; - java.util.Hashtable::<init>@47
                      ; - java.util.Hashtable::<init>@5
                      ; - java.util.jar.JarVerifier::<init>@50
                      ; - java.util.jar.JarFile::getManifestFromReference@78
                      ; - java.util.jar.JarFile::getManifest@1
                      ; - jdk.internal.loader.URLClassPath$JarLoader$2::getManifest@22
                      ; - java.net.URLClassLoader::defineClass@34
                      ; - java.net.URLClassLoader$1::run@43
                      ; - java.net.URLClassLoader$1::run@1
                      ; - java.security.AccessController::executePrivileged@29
                      ; - java.security.AccessController::doPrivileged@13
                      ; - java.net.URLClassLoader::findClass@13
                      ; - java.lang.ClassLoader::loadClass@69
                      ; - java.lang.ClassLoader::loadClass@38
  0x0000027807c0aad8: a445 97ff 

  0x0000027807c0aadc: ;   {other}
  0x0000027807c0aadc: 0f1f 8400 | 4c55 005a | 85c0 0f85 | c03d 0000 | c745 1400 | 0040 3f4d | 8b97 b801 | 0000 4d8b 
  0x0000027807c0aafc: da49 83c3 | 404d 3b9f | c801 0000 | 0f83 cb3a | 0000 4d89 | 9fb8 0100 | 0041 0f0d | 8bc0 0000 
  0x0000027807c0ab1c: 0049 c702 | 0100 0000 | 410f 0d8b | 0001 0000 

  0x0000027807c0ab2c: ;   {metadata('java/util/Hashtable$Entry'[])}
  0x0000027807c0ab2c: 41c7 4208 | a87f 1300 | 410f 0d8b | 4001 0000 | 41c7 420c | 0b00 0000 | 410f 0d8b | 8001 0000 
  0x0000027807c0ab4c: 4d89 6210 | 4d89 6218 | 4d89 6220 | 4d89 6228 | 4d89 6230 | 4d89 6238 | 498b da41 | 807f 4000 
  0x0000027807c0ab6c: 0f85 8833 | 0000 488b | fd4c 8bd5 | 4c8b c344 | 8945 1c4c | 8bdb 4d33 | da49 c1eb | 144d 85db 
  0x0000027807c0ab8c: 741a 49c1 | ea09 48b9 | 0000 367a | 7802 0000 | 4903 ca80 | 3902 0f85 | 1a36 0000 | 4180 7f40 
  0x0000027807c0abac: 000f 850c | 3300 004c | 8b94 24e8 | 0000 0041 | 897a 10c7 | 4510 0800 | 0000 4c8b | d54c 8b9c 
  0x0000027807c0abcc: 24e8 0000 | 004d 33d3 | 49c1 ea14 | 4d85 d274 | 1a49 c1eb | 0948 b900 | 0036 7a78 | 0200 0049 
  0x0000027807c0abec: 03cb 8039 | 020f 857a | 3500 0049 | 8b87 b801 | 0000 4c8b | d049 83c2 | 304d 3b97 | c801 0000 
  0x0000027807c0ac0c: 0f83 9639 | 0000 4d89 | 97b8 0100 | 0041 0f0d | 8ac0 0000 | 0048 c700 | 0100 0000 

  0x0000027807c0ac28: ;   {metadata('java/util/Hashtable')}
  0x0000027807c0ac28: c740 08b8 | d300 0044 | 8960 0c4c | 8960 104c | 8960 184c | 8960 204c | 8960 2848 

  0x0000027807c0ac44: ;   {section_word}
  0x0000027807c0ac44: 8be8 c5fa | 1005 92b3 | ffff 4c8b | 9424 b800 | 0000 4c89 | 5424 3890 

  0x0000027807c0ac5c: ;   {static_call}
  0x0000027807c0ac5c: c5f8 77e8 

  0x0000027807c0ac60: ; ImmutableOopMap {rbp=Oop [32]=NarrowOop [56]=Oop [72]=Oop [80]=Oop [120]=Oop [128]=Oop [160]=Oop [184]=Oop [192]=Oop [208]=NarrowOop [216]=Oop [224]=Oop [232]=Oop [280]=Oop }
                      ;*invokestatic isNaN {reexecute=0 rethrow=0 return_oop=0}
                      ; - java.util.Hashtable::<init>@47
                      ; - java.util.Hashtable::<init>@4
                      ; - java.util.jar.JarVerifier::<init>@63
                      ; - java.util.jar.JarFile::getManifestFromReference@78
                      ; - java.util.jar.JarFile::getManifest@1
                      ; - jdk.internal.loader.URLClassPath$JarLoader$2::getManifest@22
                      ; - java.net.URLClassLoader::defineClass@34
                      ; - java.net.URLClassLoader$1::run@43
                      ; - java.net.URLClassLoader$1::run@1
                      ; - java.security.AccessController::executePrivileged@29
                      ; - java.security.AccessController::doPrivileged@13
                      ; - java.net.URLClassLoader::findClass@13
                      ; - java.lang.ClassLoader::loadClass@69
                      ; - java.lang.ClassLoader::loadClass@38
  0x0000027807c0ac60: 1c44 97ff 

  0x0000027807c0ac64: ;   {other}
  0x0000027807c0ac64: 0f1f 8400 | d456 005b | 85c0 0f85 | e83c 0000 | c745 1400 | 0040 3f4d | 8b97 b801 | 0000 4d8b 
  0x0000027807c0ac84: da49 83c3 | 404d 3b9f | c801 0000 | 0f83 2d3a | 0000 4d89 | 9fb8 0100 | 0041 0f0d | 8bc0 0000 
  0x0000027807c0aca4: 0049 c702 | 0100 0000 | 410f 0d8b | 0001 0000 

  0x0000027807c0acb4: ;   {metadata('java/util/Hashtable$Entry'[])}
  0x0000027807c0acb4: 41c7 4208 | a87f 1300 | 410f 0d8b | 4001 0000 | 41c7 420c | 0b00 0000 | 410f 0d8b | 8001 0000 
  0x0000027807c0acd4: 4d89 6210 | 4d89 6218 | 4d89 6220 | 4d89 6228 | 4d89 6230 | 4d89 6238 | 4180 7f40 | 000f 85e9 
  0x0000027807c0acf4: 3200 0049 | 8bda 4c8b | d54c 8bdb | 4d33 da4c | 8bc3 4489 | 451c 49c1 | eb14 488b | dd4d 85db 
  0x0000027807c0ad14: 741a 49c1 | ea09 48b9 | 0000 367a | 7802 0000 | 4903 ca80 | 3902 0f85 | 8635 0000 | 4180 7f40 
  0x0000027807c0ad34: 000f 856a | 3200 004c | 8b84 24e8 | 0000 0041 | 8958 18c7 | 4510 0800 | 0000 4d8b | d04c 8bdd 
  0x0000027807c0ad54: 4d33 da49 | c1eb 144d | 85db 741a | 49c1 ea09 | 48b9 0000 | 367a 7802 | 0000 4903 | ca80 3902 
  0x0000027807c0ad74: 0f85 ea34 | 0000 4d8b | 8fb8 0100 | 004d 8bd1 | 4983 c218 | 4d3b 97c8 | 0100 000f | 8304 3900 
  0x0000027807c0ad94: 004d 8997 | b801 0000 | 410f 0d8a | c000 0000 | 49c7 0101 

  0x0000027807c0ada8: ;   {metadata('java/util/ArrayList')}
  0x0000027807c0ada8: 0000 0041 | c741 08d0 | 890b 0045 | 8961 0c45 

  0x0000027807c0adb8: ;   {oop(a 'java/lang/Object'[0] {0x00000000e07b5f38})}
  0x0000027807c0adb8: 8961 1041 | c741 1438 | 5f7b e041 | 807f 4000 | 0f85 9831 | 0000 4d8b | d145 8950 | 1c4d 8bd0 
  0x0000027807c0add8: 4d8b d94d | 33da 49c1 | eb14 4d85 | db74 1a49 | c1ea 0948 | b900 0036 | 7a78 0200 | 0049 03ca 
  0x0000027807c0adf8: 8039 020f | 8506 3500 | 004d 8b9f | b801 0000 | 4d8b d349 | 83c2 184d | 3b97 c801 | 0000 0f83 
  0x0000027807c0ae18: e837 0000 | 4d89 97b8 | 0100 0041 | 0f0d 8ac0 | 0000 0049 | c703 0100 

  0x0000027807c0ae30: ;   {metadata('java/io/ByteArrayOutputStream')}
  0x0000027807c0ae30: 0000 41c7 | 4308 a000 | 2200 4589 | 630c 4d89 | 6310 498b | 87b8 0100 | 004c 8bd0 | 4983 c230 
  0x0000027807c0ae50: 4d3b 97c8 | 0100 000f | 83d2 3700 | 004d 8997 | b801 0000 | 410f 0d8a | c000 0000 | 48c7 0001 
  0x0000027807c0ae70: 0000 0041 | 0f0d 8a00 

  0x0000027807c0ae78: ;   {metadata({type array byte})}
  0x0000027807c0ae78: 0100 00c7 | 4008 1823 | 0000 410f | 0d8a 4001 | 0000 c740 | 0c20 0000 | 0041 0f0d | 8a80 0100 
  0x0000027807c0ae98: 004c 8960 | 104c 8960 | 184c 8960 | 204c 8960 | 2849 8be8 | 4c89 5c24 | 284c 8b54 | 2428 498b 
  0x0000027807c0aeb8: fa4c 8bd8 | 4589 5a10 | 4c8b d04c | 8b5c 2428 | 4d33 d349 | c1ea 144d | 85d2 741a | 49c1 eb09 
  0x0000027807c0aed8: 48b9 0000 | 367a 7802 | 0000 4903 | cb80 3902 | 0f85 2533 | 0000 4180 | 7f40 000f | 8534 3000 
  0x0000027807c0aef8: 004c 8bc5 | 4189 7824 | 4c8b 5424 | 284d 8bd8 | 4d33 d349 | c1ea 144d | 85d2 741a | 49c1 eb09 
  0x0000027807c0af18: 48b9 0000 | 367a 7802 | 0000 4903 | cb80 3902 | 0f85 2934 | 0000 498b | 87b8 0100 | 004c 8bd0 
  0x0000027807c0af38: 4983 c218 | 4d3b 97c8 | 0100 000f | 8320 3700 | 004d 8997 | b801 0000 | 410f 0d8a | c000 0000 
  0x0000027807c0af58: 48c7 0001 

  0x0000027807c0af5c: ;   {metadata('java/util/ArrayList')}
  0x0000027807c0af5c: 0000 00c7 | 4008 d089 | 0b00 4489 | 600c 4c89 | 6010 498b | e84c 8bd0 | 4c89 5424 | 2849 8bd2 
  0x0000027807c0af7c: 4c8b 9424 | b800 0000 | 4c89 5424 | 5866 6690 

  0x0000027807c0af8c: ;   {optimized virtual_call}
  0x0000027807c0af8c: c5f8 77e8 

  0x0000027807c0af90: ; ImmutableOopMap {rbp=Oop [32]=NarrowOop [40]=Oop [72]=Oop [80]=Oop [88]=Oop [120]=Oop [128]=Oop [160]=Oop [184]=Oop [192]=Oop [208]=NarrowOop [216]=Oop [224]=Oop [280]=Oop }
                      ;*invokespecial <init> {reexecute=0 rethrow=0 return_oop=0}
                      ; - java.util.jar.JarVerifier::<init>@96
                      ; - java.util.jar.JarFile::getManifestFromReference@78
                      ; - java.util.jar.JarFile::getManifest@1
                      ; - jdk.internal.loader.URLClassPath$JarLoader$2::getManifest@22
                      ; - java.net.URLClassLoader::defineClass@34
                      ; - java.net.URLClassLoader$1::run@43
                      ; - java.net.URLClassLoader$1::run@1
                      ; - java.security.AccessController::executePrivileged@29
                      ; - java.security.AccessController::doPrivileged@13
                      ; - java.net.URLClassLoader::findClass@13
                      ; - java.lang.ClassLoader::loadClass@69
                      ; - java.lang.ClassLoader::loadClass@38
  0x0000027807c0af90: ec3a 97ff 

  0x0000027807c0af94: ;   {other}
  0x0000027807c0af94: 0f1f 8400 | 045a 005c | 4180 7f40 | 000f 856f | 3000 004c | 8bc5 4d8b | d049 8be8 | 4c8b 5c24 
  0x0000027807c0afb4: 284d 33da | 4c8b 4424 | 2844 8945 | 3449 c1eb | 144d 85db | 741a 49c1 | ea09 48b9 | 0000 367a 
  0x0000027807c0afd4: 7802 0000 | 4903 ca80 | 3902 0f85 | c333 0000 | 498b 87b8 | 0100 004c | 8bd0 4983 | c230 4d3b 
  0x0000027807c0aff4: 97c8 0100 | 000f 83ed | 3600 004d | 8997 b801 | 0000 410f | 0d8a c000 | 0000 48c7 | 0001 0000 
  0x0000027807c0b014: ;   {metadata('java/util/HashMap')}
  0x0000027807c0b014: 00c7 4008 | 68a9 0800 | 4489 600c | 4c89 6010 | 4c89 6018 | 4c89 6020 | 4c89 6028 | 4c8b d04c 
  0x0000027807c0b034: 8954 2428 | 498b d24c | 8b94 24b8 | 0000 004c | 8954 2458 

  0x0000027807c0b048: ;   {optimized virtual_call}
  0x0000027807c0b048: c5f8 77e8 

  0x0000027807c0b04c: ; ImmutableOopMap {rbp=Oop [32]=NarrowOop [40]=Oop [72]=Oop [80]=Oop [88]=Oop [120]=Oop [128]=Oop [160]=Oop [184]=Oop [192]=Oop [208]=NarrowOop [216]=Oop [224]=Oop [280]=Oop }
                      ;*invokespecial <init> {reexecute=0 rethrow=0 return_oop=0}
                      ; - java.util.jar.JarVerifier::<init>@107
                      ; - java.util.jar.JarFile::getManifestFromReference@78
                      ; - java.util.jar.JarFile::getManifest@1
                      ; - jdk.internal.loader.URLClassPath$JarLoader$2::getManifest@22
                      ; - java.net.URLClassLoader::defineClass@34
                      ; - java.net.URLClassLoader$1::run@43
                      ; - java.net.URLClassLoader$1::run@1
                      ; - java.security.AccessController::executePrivileged@29
                      ; - java.security.AccessController::doPrivileged@13
                      ; - java.net.URLClassLoader::findClass@13
                      ; - java.lang.ClassLoader::loadClass@69
                      ; - java.lang.ClassLoader::loadClass@38
  0x0000027807c0b04c: 303a 97ff 

  0x0000027807c0b050: ;   {other}
  0x0000027807c0b050: 0f1f 8400 | c05a 005d | 4180 7f40 | 000f 85ef | 2f00 004c | 8bc5 4d8b | d049 8bd8 | 498b f84c 
  0x0000027807c0b070: 8b5c 2428 | 4589 5838 | 4c8b 5c24 | 284d 33da | 49c1 eb14 | 4d85 db74 | 1a49 c1ea | 0948 b900 
  0x0000027807c0b090: 0036 7a78 | 0200 0049 | 03ca 8039 | 020f 8555 | 3300 0041 | 807f 4000 | 0f85 e02f | 0000 4c8b 
  0x0000027807c0b0b0: 8424 e000 | 0000 4189 | 5830 4c8b | d74d 8bd8 | 4d33 d349 | c1ea 144d | 85d2 0f84 | ddea ffff 
  0x0000027807c0b0d0: 49c1 eb09 | 48b9 0000 | 367a 7802 | 0000 4903 | cb80 3902 | 0f84 c3ea | ffff 4d8b | 5748 4d8b 
  0x0000027807c0b0f0: 5f58 f083 | 4424 c000 | 8039 000f | 84ac eaff | ff44 8821 | 4d85 d275 | 2649 8bd8 | 498b d7c5 
  0x0000027807c0b110: f877 49ba | 00a4 1530 | fb7f 0000 

  0x0000027807c0b11c: ;   {other}
  0x0000027807c0b11c: 41ff d20f | 1f84 0000 | 0000 004c | 8bc3 e97e | eaff ff4b | 894c 13f8 | 4983 c2f8 | 4d89 5748 
  0x0000027807c0b13c: e96c eaff 

  0x0000027807c0b140: ;   {metadata('java/lang/ref/SoftReference')}
  0x0000027807c0b140: ff48 ba90 | df03 0f78 | 0200 0048 | 8b6c 2448 | 4c8b 9424 | b800 0000 | 4c89 5424 | 2866 6690 
  0x0000027807c0b160: ;   {runtime_call _new_instance_Java}
  0x0000027807c0b160: c5f8 77e8 

  0x0000027807c0b164: ; ImmutableOopMap {rbp=Oop [32]=NarrowOop [40]=Oop [72]=Oop [80]=Oop [120]=Oop [128]=Oop [160]=Oop [176]=Oop [184]=Oop [192]=Oop [208]=NarrowOop [232]=Oop [280]=Oop }
                      ;*new {reexecute=0 rethrow=0 return_oop=1}
                      ; - java.util.jar.JarFile::getManifestFromReference@184
                      ; - java.util.jar.JarFile::getManifest@1
                      ; - jdk.internal.loader.URLClassPath$JarLoader$2::getManifest@22
                      ; - java.net.URLClassLoader::defineClass@34
                      ; - java.net.URLClassLoader$1::run@43
                      ; - java.net.URLClassLoader$1::run@1
                      ; - java.security.AccessController::executePrivileged@29
                      ; - java.security.AccessController::doPrivileged@13
                      ; - java.net.URLClassLoader::findClass@13
                      ; - java.lang.ClassLoader::loadClass@69
                      ; - java.lang.ClassLoader::loadClass@38
  0x0000027807c0b164: 18b4 a3ff 

  0x0000027807c0b168: ;   {other}
  0x0000027807c0b168: 0f1f 8400 | d85b 005e | e9a3 e6ff 

  0x0000027807c0b174: ;   {metadata('java/util/jar/Manifest')}
  0x0000027807c0b174: ff48 baa0 | e104 0f78 | 0200 004c | 8b94 24b8 | 0000 004c | 8954 2438 

  0x0000027807c0b18c: ;   {runtime_call _new_instance_Java}
  0x0000027807c0b18c: c5f8 77e8 

  0x0000027807c0b190: ; ImmutableOopMap {rbp=Oop [32]=NarrowOop [56]=Oop [72]=Oop [80]=Oop [120]=Oop [128]=Oop [160]=Oop [176]=Oop [184]=Oop [192]=Oop [208]=NarrowOop [280]=Oop }
                      ;*new {reexecute=0 rethrow=0 return_oop=1}
                      ; - java.util.jar.JarFile::getManifestFromReference@134
                      ; - java.util.jar.JarFile::getManifest@1
                      ; - jdk.internal.loader.URLClassPath$JarLoader$2::getManifest@22
                      ; - java.net.URLClassLoader::defineClass@34
                      ; - java.net.URLClassLoader$1::run@43
                      ; - java.net.URLClassLoader$1::run@1
                      ; - java.security.AccessController::executePrivileged@29
                      ; - java.security.AccessController::doPrivileged@13
                      ; - java.net.URLClassLoader::findClass@13
                      ; - java.lang.ClassLoader::loadClass@69
                      ; - java.lang.ClassLoader::loadClass@38
  0x0000027807c0b190: ecb3 a3ff 

  0x0000027807c0b194: ;   {other}
  0x0000027807c0b194: 0f1f 8400 | 045c 005f | e9a2 e5ff | ff45 8bda | e98f d6ff | ff48 8b54 | 2450 4c8d | 8424 3001 
  0x0000027807c0b1b4: 0000 488b | 6c24 4890 

  0x0000027807c0b1bc: ;   {runtime_call _complete_monitor_locking_Java}
  0x0000027807c0b1bc: c5f8 77e8 

  0x0000027807c0b1c0: ; ImmutableOopMap {rbp=Oop [72]=Oop [80]=Oop [184]=Oop }
                      ;*monitorenter {reexecute=0 rethrow=0 return_oop=0}
                      ; - java.lang.ClassLoader::loadClass@7
  0x0000027807c0b1c0: bca2 a3ff 

  0x0000027807c0b1c4: ;   {other}
  0x0000027807c0b1c4: 0f1f 8400 | 345c 0060 | e979 afff | ffba 45ff | ffff 488b | 6c24 484c | 8b94 24b8 | 0000 004c 
  0x0000027807c0b1e4: 8954 2420 | 448b 5424 | 3044 8954 | 2428 6690 

  0x0000027807c0b1f4: ;   {runtime_call UncommonTrapBlob}
  0x0000027807c0b1f4: c5f8 77e8 

  0x0000027807c0b1f8: ; ImmutableOopMap {rbp=Oop [32]=Oop [80]=Oop }
                      ;*ifeq {reexecute=1 rethrow=0 return_oop=0}
                      ; - (reexecute) java.lang.ClassLoader::checkName@8
                      ; - java.lang.ClassLoader::findLoadedClass@1
                      ; - java.lang.ClassLoader::loadClass@10
  0x0000027807c0b1f8: 8491 97ff 

  0x0000027807c0b1fc: ;   {other}
  0x0000027807c0b1fc: 0f1f 8400 | 6c5c 0061 | 488b 6c24 | 484c 8b9c | 24b8 0000 | 004c 895c | 2420 448b | 5c24 3044 
  0x0000027807c0b21c: 895c 2428 | 4c8b 5c24 | 504c 895c | 2438 4489 | 5424 2c89 | 5424 58ba | ceff ffff 

  0x0000027807c0b238: ;   {runtime_call UncommonTrapBlob}
  0x0000027807c0b238: c5f8 77e8 

  0x0000027807c0b23c: ; ImmutableOopMap {rbp=Oop [32]=Oop [44]=NarrowOop [56]=Oop }
                      ;*invokestatic indexOfChar {reexecute=0 rethrow=0 return_oop=0}
                      ; - java.lang.StringLatin1::indexOf@33
                      ; - java.lang.String::indexOf@17
                      ; - java.lang.String::indexOf@3
                      ; - java.lang.ClassLoader::checkName@16
                      ; - java.lang.ClassLoader::findLoadedClass@1
                      ; - java.lang.ClassLoader::loadClass@10
  0x0000027807c0b23c: 4091 97ff 

  0x0000027807c0b240: ;   {other}
  0x0000027807c0b240: 0f1f 8400 | b05c 0062 | 488b 4c24 | 5048 8d94 | 2430 0100 | 004d 8bc7 | c5f8 7749 | ba40 d956 
  0x0000027807c0b260: 30fb 7f00 | 0041 ffd2 

  0x0000027807c0b268: ;   {other}
  0x0000027807c0b268: 0f1f 8400 | 0000 0000 | e9fa dfff | ff45 8bd3 | e9d3 baff | ff41 8bea | e9ba c5ff | ff48 8b6c 
  0x0000027807c0b288: 2428 488b | 5424 284c | 8d84 2438 | 0100 004c | 8b94 24b8 | 0000 004c | 8954 2438 

  0x0000027807c0b2a4: ;   {runtime_call _complete_monitor_locking_Java}
  0x0000027807c0b2a4: c5f8 77e8 

  0x0000027807c0b2a8: ; ImmutableOopMap {rbp=Oop [32]=NarrowOop [56]=Oop [72]=Oop [80]=Oop [184]=Oop [192]=Oop }
                      ;*monitorenter {reexecute=0 rethrow=0 return_oop=0}
                      ; - java.lang.ClassLoader::loadClass@7
                      ; - java.lang.ClassLoader::loadClass@38
  0x0000027807c0b2a8: d4a1 a3ff 

  0x0000027807c0b2ac: ;   {other}
  0x0000027807c0b2ac: 0f1f 8400 | 1c5d 0063 | 4c8b dde9 | d1b4 ffff | ba45 ffff | ff48 8b6c | 2448 448b | 4424 3044 
  0x0000027807c0b2cc: 8944 2428 | 4c8b 5424 | 404c 8954 | 2438 4c8b | 5424 504c | 8954 2440 | 4c89 4c24 | 504c 895c 
  0x0000027807c0b2ec: 2460 4c89 | 4c24 7090 

  0x0000027807c0b2f4: ;   {runtime_call UncommonTrapBlob}
  0x0000027807c0b2f4: c5f8 77e8 

  0x0000027807c0b2f8: ; ImmutableOopMap {rbp=Oop [64]=Oop [80]=Oop [96]=Oop [112]=Oop [192]=Oop }
                      ;*ifeq {reexecute=1 rethrow=0 return_oop=0}
                      ; - (reexecute) java.lang.ClassLoader::checkName@8
                      ; - java.lang.ClassLoader::findLoadedClass@1
                      ; - java.lang.ClassLoader::loadClass@10
                      ; - java.lang.ClassLoader::loadClass@38
  0x0000027807c0b2f8: 8490 97ff 

  0x0000027807c0b2fc: ;   {other}
  0x0000027807c0b2fc: 0f1f 8400 | 6c5d 0064 | 488b 6c24 | 4844 8b5c | 2430 4489 | 5c24 284c | 8b5c 2440 | 4c89 5c24 
  0x0000027807c0b31c: 384c 8b5c | 2450 4c89 | 5c24 404c | 894c 2450 | 4c8b 5c24 | 784c 895c | 2460 4c89 | 4c24 7044 
  0x0000027807c0b33c: 8954 242c | 8994 2480 | 0000 00ba | ceff ffff 

  0x0000027807c0b34c: ;   {runtime_call UncommonTrapBlob}
  0x0000027807c0b34c: c5f8 77e8 

  0x0000027807c0b350: ; ImmutableOopMap {rbp=Oop [44]=NarrowOop [64]=Oop [80]=Oop [96]=Oop [112]=Oop [192]=Oop }
                      ;*invokestatic indexOfChar {reexecute=0 rethrow=0 return_oop=0}
                      ; - java.lang.StringLatin1::indexOf@33
                      ; - java.lang.String::indexOf@17
                      ; - java.lang.String::indexOf@3
                      ; - java.lang.ClassLoader::checkName@16
                      ; - java.lang.ClassLoader::findLoadedClass@1
                      ; - java.lang.ClassLoader::loadClass@10
                      ; - java.lang.ClassLoader::loadClass@38
  0x0000027807c0b350: 2c90 97ff 

  0x0000027807c0b354: ;   {other}
  0x0000027807c0b354: 0f1f 8400 | c45d 0065 | 33ed 4585 | db40 0f94 | c5ba 45ff | ffff 4c8b | 9424 b800 | 0000 4c89 
  0x0000027807c0b374: 5424 284c | 8b54 2450 | 4c89 5424 | 4066 6690 

  0x0000027807c0b384: ;   {runtime_call UncommonTrapBlob}
  0x0000027807c0b384: c5f8 77e8 

  0x0000027807c0b388: ; ImmutableOopMap {[40]=Oop [64]=Oop [72]=Oop }
                      ;*ifeq {reexecute=1 rethrow=0 return_oop=0}
                      ; - (reexecute) java.lang.String::indexOf@4
                      ; - java.lang.String::indexOf@3
                      ; - java.lang.ClassLoader::checkName@16
                      ; - java.lang.ClassLoader::findLoadedClass@1
                      ; - java.lang.ClassLoader::loadClass@10
  0x0000027807c0b388: f48f 97ff 

  0x0000027807c0b38c: ;   {other}
  0x0000027807c0b38c: 0f1f 8400 | fc5d 0066 | ba45 ffff | ff48 8b6c | 2448 4c8b | 9424 b800 | 0000 4c89 | 5424 2044 
  0x0000027807c0b3ac: 8b5c 2430 | 4489 5c24 | 2889 5c24 | 2c66 6690 

  0x0000027807c0b3bc: ;   {runtime_call UncommonTrapBlob}
  0x0000027807c0b3bc: c5f8 77e8 

  0x0000027807c0b3c0: ; ImmutableOopMap {rbp=Oop [32]=Oop [80]=Oop }
                      ;*if_icmpne {reexecute=1 rethrow=0 return_oop=0}
                      ; - (reexecute) java.lang.ClassLoader::checkName@20
                      ; - java.lang.ClassLoader::findLoadedClass@1
                      ; - java.lang.ClassLoader::loadClass@10
  0x0000027807c0b3c0: bc8f 97ff 

  0x0000027807c0b3c4: ;   {other}
  0x0000027807c0b3c4: 0f1f 8400 | 345e 0067 | ba45 ffff | ff48 8b6c | 2448 4489 | 4c24 2844 | 895c 242c 

  0x0000027807c0b3e0: ;   {runtime_call UncommonTrapBlob}
  0x0000027807c0b3e0: c5f8 77e8 

  0x0000027807c0b3e4: ; ImmutableOopMap {rbp=Oop [44]=NarrowOop [184]=Oop }
                      ;*ifnull {reexecute=1 rethrow=0 return_oop=0}
                      ; - (reexecute) java.lang.ClassLoader::getClassLoadingLock@6
                      ; - java.lang.ClassLoader::loadClass@2
  0x0000027807c0b3e4: 988f 97ff 

  0x0000027807c0b3e8: ;   {other}
  0x0000027807c0b3e8: 0f1f 8400 | 585e 0068 | ba45 ffff | ff48 8b6c | 2448 4c8b | 9424 b800 | 0000 4c89 | 5424 2044 
  0x0000027807c0b408: 8b54 2430 | 4489 5424 | 2844 895c | 242c 6690 

  0x0000027807c0b418: ;   {runtime_call UncommonTrapBlob}
  0x0000027807c0b418: c5f8 77e8 

  0x0000027807c0b41c: ; ImmutableOopMap {rbp=Oop [32]=Oop [80]=Oop }
                      ;*if_icmpne {reexecute=1 rethrow=0 return_oop=0}
                      ; - (reexecute) java.lang.ClassLoader::checkName@30
                      ; - java.lang.ClassLoader::findLoadedClass@1
                      ; - java.lang.ClassLoader::loadClass@10
  0x0000027807c0b41c: 608f 97ff 

  0x0000027807c0b420: ;   {other}
  0x0000027807c0b420: 0f1f 8400 | 905e 0069 | ba76 ffff | ff48 8b6c | 2448 448b | 4424 3044 | 8944 2428 | 4c8b 5c24 
  0x0000027807c0b440: 404c 895c | 2438 4c8b | 5c24 504c | 895c 2440 | 4489 5424 | 644c 8b54 | 2478 4c89 | 5424 684c 
  0x0000027807c0b460: 8b94 2480 | 0000 004c | 8954 2478 

  0x0000027807c0b46c: ;   {runtime_call UncommonTrapBlob}
  0x0000027807c0b46c: c5f8 77e8 

  0x0000027807c0b470: ; ImmutableOopMap {rbp=Oop [32]=Oop [44]=NarrowOop [64]=Oop [104]=Oop [120]=Oop [128]=Oop }
                      ;*iflt {reexecute=1 rethrow=0 return_oop=0}
                      ; - (reexecute) java.lang.StringLatin1::lastIndexOf@19
                      ; - java.lang.String::lastIndexOf@13
                      ; - java.lang.String::lastIndexOf@8
                      ; - jdk.internal.loader.BuiltinClassLoader::findLoadedModule@3
                      ; - jdk.internal.loader.BuiltinClassLoader::loadClassOrNull@22
                      ; - jdk.internal.loader.BuiltinClassLoader::loadClass@3
                      ; - java.lang.ClassLoader::loadClass@38
  0x0000027807c0b470: 0c8f 97ff 

  0x0000027807c0b474: ;   {other}
  0x0000027807c0b474: 0f1f 8400 | e45e 006a | baf6 ffff | ff48 8b6c | 2448 448b | 5c24 3044 | 895c 2428 | 4c8b 5c24 
  0x0000027807c0b494: 404c 895c | 2438 4c8b | 5c24 504c | 895c 2440 | 4c8b 5c24 | 784c 895c | 2450 4c8b | 5c24 684c 
  0x0000027807c0b4b4: 895c 2458 | 4c8b 5c24 | 704c 895c | 2460 4c89 | 4424 704c | 894c 2478 | 4c8b 9c24 | 8800 0000 
  0x0000027807c0b4d4: 4c89 9c24 | 8000 0000 | 4c89 8424 | 8800 0000 

  0x0000027807c0b4e4: ;   {runtime_call UncommonTrapBlob}
  0x0000027807c0b4e4: c5f8 77e8 

  0x0000027807c0b4e8: ; ImmutableOopMap {rbp=Oop [64]=Oop [80]=Oop [112]=Oop [120]=Oop [128]=Oop [136]=Oop [192]=Oop }
                      ;*invokevirtual getResource {reexecute=0 rethrow=0 return_oop=0}
                      ; - java.net.URLClassLoader$1::run@26
                      ; - java.net.URLClassLoader$1::run@1
                      ; - java.security.AccessController::executePrivileged@29
                      ; - java.security.AccessController::doPrivileged@13
                      ; - java.net.URLClassLoader::findClass@13
                      ; - java.lang.ClassLoader::loadClass@69
                      ; - java.lang.ClassLoader::loadClass@38
  0x0000027807c0b4e8: 948e 97ff 

  0x0000027807c0b4ec: ;   {other}
  0x0000027807c0b4ec: 0f1f 8400 | 5c5f 006b | bac6 ffff | ff48 8b6c | 2448 4c8b | 9424 b800 | 0000 4c89 | 5424 2044 
  0x0000027807c0b50c: 8b54 2430 | 4489 5424 | 2848 8944 | 2438 4489 | 4424 2c90 

  0x0000027807c0b520: ;   {runtime_call UncommonTrapBlob}
  0x0000027807c0b520: c5f8 77e8 

  0x0000027807c0b524: ; ImmutableOopMap {rbp=Oop [32]=Oop [44]=NarrowOop [80]=Oop }
                      ;*invokevirtual loadClass {reexecute=0 rethrow=0 return_oop=0}
                      ; - java.lang.ClassLoader::loadClass@38
  0x0000027807c0b524: 588e 97ff 

  0x0000027807c0b528: ;   {other}
  0x0000027807c0b528: 0f1f 8400 | 985f 006c | 488b 6c24 | 2048 8b54 | 2420 4c8d | 8424 3801 | 0000 4c8b | 9424 b800 
  0x0000027807c0b548: 0000 4c89 | 5424 2890 

  0x0000027807c0b550: ;   {runtime_call _complete_monitor_locking_Java}
  0x0000027807c0b550: c5f8 77e8 

  0x0000027807c0b554: ; ImmutableOopMap {rbp=Oop [40]=Oop [72]=Oop [80]=Oop [120]=Oop [184]=Oop }
                      ;*monitorenter {reexecute=0 rethrow=0 return_oop=0}
                      ; - jdk.internal.loader.BuiltinClassLoader::loadClassOrNull@7
                      ; - jdk.internal.loader.BuiltinClassLoader::loadClass@3
                      ; - java.lang.ClassLoader::loadClass@38
  0x0000027807c0b554: 289f a3ff 

  0x0000027807c0b558: ;   {other}
  0x0000027807c0b558: 0f1f 8400 | c85f 006d | 4c8b cde9 | 69ae ffff | ba45 ffff | ff48 8b6c | 2448 448b | 5c24 3044 
  0x0000027807c0b578: 895c 2428 | 4c8b 5424 | 404c 8954 | 2438 4c8b | 5424 504c | 8954 2440 | 4889 7424 | 4848 8974 
  0x0000027807c0b598: 2450 4c89 | 4c24 7090 

  0x0000027807c0b5a0: ;   {runtime_call UncommonTrapBlob}
  0x0000027807c0b5a0: c5f8 77e8 

  0x0000027807c0b5a4: ; ImmutableOopMap {rbp=Oop [64]=Oop [72]=Oop [80]=Oop [112]=Oop [120]=Oop }
                      ;*ifeq {reexecute=1 rethrow=0 return_oop=0}
                      ; - (reexecute) java.lang.ClassLoader::checkName@8
                      ; - java.lang.ClassLoader::findLoadedClass@1
                      ; - jdk.internal.loader.BuiltinClassLoader::loadClassOrNull@10
                      ; - jdk.internal.loader.BuiltinClassLoader::loadClass@3
                      ; - java.lang.ClassLoader::loadClass@38
  0x0000027807c0b5a4: d88d 97ff 

  0x0000027807c0b5a8: ;   {other}
  0x0000027807c0b5a8: 0f1f 8400 | 1860 006e | 498b cb48 | 8d94 2438 | 0100 004d | 8bc7 c5f8 | 7749 ba40 | d956 30fb 
  0x0000027807c0b5c8: 7f00 0041 

  0x0000027807c0b5cc: ;   {other}
  0x0000027807c0b5cc: ffd2 0f1f | 8400 0000 | 0000 e9b5 | daff ffba | ceff ffff | 4c8b 5c24 | 484c 895c | 2420 4c8b 
  0x0000027807c0b5ec: 5c24 504c | 895c 2448 | 4889 7424 | 5048 8974 | 2458 4c89 | 8c24 8800 | 0000 4489 | 5424 3490 
  0x0000027807c0b60c: ;   {runtime_call UncommonTrapBlob}
  0x0000027807c0b60c: c5f8 77e8 

  0x0000027807c0b610: ; ImmutableOopMap {rbp=NarrowOop [32]=Oop [72]=Oop [80]=Oop [88]=Oop [120]=Oop [136]=Oop }
                      ;*invokestatic indexOfChar {reexecute=0 rethrow=0 return_oop=0}
                      ; - java.lang.StringLatin1::indexOf@33
                      ; - java.lang.String::indexOf@17
                      ; - java.lang.String::indexOf@3
                      ; - java.lang.ClassLoader::checkName@16
                      ; - java.lang.ClassLoader::findLoadedClass@1
                      ; - jdk.internal.loader.BuiltinClassLoader::loadClassOrNull@10
                      ; - jdk.internal.loader.BuiltinClassLoader::loadClass@3
                      ; - java.lang.ClassLoader::loadClass@38
  0x0000027807c0b610: 6c8d 97ff 

  0x0000027807c0b614: ;   {other}
  0x0000027807c0b614: 0f1f 8400 | 8460 006f | ba6e ffff | ff48 8b6c | 2448 448b | 5c24 3044 | 895c 2428 | 4c8b 5c24 
  0x0000027807c0b634: 404c 895c | 2438 4c8b | 5c24 504c | 895c 2440 | 4489 5424 | 644c 8b54 | 2478 4c89 | 5424 684c 
  0x0000027807c0b654: 8b94 2480 | 0000 004c | 8954 2478 

  0x0000027807c0b660: ;   {runtime_call UncommonTrapBlob}
  0x0000027807c0b660: c5f8 77e8 

  0x0000027807c0b664: ; ImmutableOopMap {rbp=Oop [32]=Oop [44]=NarrowOop [64]=Oop [104]=Oop [120]=Oop [128]=Oop }
                      ;*iflt {reexecute=1 rethrow=0 return_oop=0}
                      ; - (reexecute) java.lang.StringLatin1::lastIndexOf@19
                      ; - java.lang.String::lastIndexOf@13
                      ; - java.lang.String::lastIndexOf@8
                      ; - jdk.internal.loader.BuiltinClassLoader::findLoadedModule@3
                      ; - jdk.internal.loader.BuiltinClassLoader::loadClassOrNull@22
                      ; - jdk.internal.loader.BuiltinClassLoader::loadClass@3
                      ; - java.lang.ClassLoader::loadClass@38
  0x0000027807c0b664: 188d 97ff 

  0x0000027807c0b668: ;   {other}
  0x0000027807c0b668: 0f1f 8400 | d860 0070 | ba76 ffff | ff48 8b6c | 2448 8b5c | 2430 895c | 2428 488b | 4c24 4048 
  0x0000027807c0b688: 894c 2438 | 488b 4c24 | 5048 894c | 2440 488b | 4c24 7848 | 894c 2450 | 488b 4c24 | 6848 894c 
  0x0000027807c0b6a8: 2458 488b | 4c24 7048 | 894c 2460 | 4c89 4424 | 704c 894c | 2478 4c89 | 8424 8000 | 0000 4489 
  0x0000027807c0b6c8: 5c24 2c44 | 8994 248c | 0000 0090 

  0x0000027807c0b6d4: ;   {runtime_call UncommonTrapBlob}
  0x0000027807c0b6d4: c5f8 77e8 

  0x0000027807c0b6d8: ; ImmutableOopMap {rbp=Oop [44]=NarrowOop [64]=Oop [80]=Oop [112]=Oop [120]=Oop [128]=Oop [192]=Oop }
                      ;*if_icmpge {reexecute=1 rethrow=0 return_oop=0}
                      ; - (reexecute) java.lang.StringLatin1::replace@19
                      ; - java.lang.String::replace@18
                      ; - java.net.URLClassLoader$1::run@8
                      ; - java.net.URLClassLoader$1::run@1
                      ; - java.security.AccessController::executePrivileged@29
                      ; - java.security.AccessController::doPrivileged@13
                      ; - java.net.URLClassLoader::findClass@13
                      ; - java.lang.ClassLoader::loadClass@69
                      ; - java.lang.ClassLoader::loadClass@38
  0x0000027807c0b6d8: a48c 97ff 

  0x0000027807c0b6dc: ;   {other}
  0x0000027807c0b6dc: 0f1f 8400 | 4c61 0071 | ba45 ffff | ff48 8b6c | 2448 4889 | 5c24 2890 

  0x0000027807c0b6f4: ;   {runtime_call UncommonTrapBlob}
  0x0000027807c0b6f4: c5f8 77e8 

  0x0000027807c0b6f8: ; ImmutableOopMap {rbp=Oop [40]=Oop [80]=Oop }
                      ;*ifeq {reexecute=1 rethrow=0 return_oop=0}
                      ; - (reexecute) java.lang.ClassLoader::loadClass@100
  0x0000027807c0b6f8: 848c 97ff 

  0x0000027807c0b6fc: ;   {other}
  0x0000027807c0b6fc: 0f1f 8400 | 6c61 0072 | 4c63 c5e9 | a3cc ffff | bacc ffff | ff48 8b6c | 2448 4c8b | 9c24 b800 
  0x0000027807c0b71c: 0000 4c89 | 5c24 2044 | 8b44 2430 | 4489 4424 | 284c 8b5c | 2440 4c89 | 5c24 384c | 8b5c 2450 
  0x0000027807c0b73c: 4c89 5c24 | 404c 8b5c | 2478 4c89 | 5c24 504c | 8b5c 2468 | 4c89 5c24 | 584c 8b5c | 2470 4c89 
  0x0000027807c0b75c: 5c24 604c | 8b9c 2480 | 0000 004c | 895c 2478 | 4c89 9424 | b000 0000 

  0x0000027807c0b774: ;   {runtime_call UncommonTrapBlob}
  0x0000027807c0b774: c5f8 77e8 

  0x0000027807c0b778: ; ImmutableOopMap {rbp=Oop [32]=Oop [64]=Oop [80]=Oop [120]=Oop [152]=Oop [176]=Oop [192]=Oop }
                      ;*invokestatic arraycopy {reexecute=0 rethrow=0 return_oop=0}
                      ; - java.lang.String::getBytes@22
                      ; - java.lang.StringConcatHelper::prepend@21
                      ; - java.lang.StringConcatHelper::simpleConcat@71
                      ; - java.lang.String::concat@11
                      ; - java.net.URLClassLoader$1::run@13
                      ; - java.net.URLClassLoader$1::run@1
                      ; - java.security.AccessController::executePrivileged@29
                      ; - java.security.AccessController::doPrivileged@13
                      ; - java.net.URLClassLoader::findClass@13
                      ; - java.lang.ClassLoader::loadClass@69
                      ; - java.lang.ClassLoader::loadClass@38
  0x0000027807c0b778: 048c 97ff 

  0x0000027807c0b77c: ;   {other}
  0x0000027807c0b77c: 0f1f 8400 | ec61 0073 | bacc ffff | ff48 8b6c | 2448 4c8b | 9c24 b800 | 0000 4c89 | 5c24 2044 
  0x0000027807c0b79c: 8b44 2430 | 4489 4424 | 284c 8b5c | 2440 4c89 | 5c24 384c | 8b5c 2450 | 4c89 5c24 | 404c 8b5c 
  0x0000027807c0b7bc: 2478 4c89 | 5c24 504c | 8b5c 2468 | 4c89 5c24 | 584c 8b5c | 2470 4c89 | 5c24 604c | 8b9c 2480 
  0x0000027807c0b7dc: 0000 004c | 895c 2478 | 4c8b 9c24 | 8800 0000 | 4c89 9c24 | 8000 0000 | 4c89 9424 | a000 0000 
  0x0000027807c0b7fc: ;   {runtime_call UncommonTrapBlob}
  0x0000027807c0b7fc: c5f8 77e8 

  0x0000027807c0b800: ; ImmutableOopMap {rbp=Oop [32]=Oop [64]=Oop [80]=Oop [120]=Oop [128]=Oop [160]=Oop [192]=Oop }
                      ;*invokestatic arraycopy {reexecute=0 rethrow=0 return_oop=0}
                      ; - java.lang.String::getBytes@22
                      ; - java.lang.StringConcatHelper::prepend@21
                      ; - java.lang.StringConcatHelper::simpleConcat@81
                      ; - java.lang.String::concat@11
                      ; - java.net.URLClassLoader$1::run@13
                      ; - java.net.URLClassLoader$1::run@1
                      ; - java.security.AccessController::executePrivileged@29
                      ; - java.security.AccessController::doPrivileged@13
                      ; - java.net.URLClassLoader::findClass@13
                      ; - java.lang.ClassLoader::loadClass@69
                      ; - java.lang.ClassLoader::loadClass@38
  0x0000027807c0b800: 7c8b 97ff 

  0x0000027807c0b804: ;   {other}
  0x0000027807c0b804: 0f1f 8400 | 7462 0074 | 498b cb48 | 8d94 2438 | 0100 004d | 8bc7 c5f8 | 7749 ba40 | d956 30fb 
  0x0000027807c0b824: 7f00 0041 

  0x0000027807c0b828: ;   {other}
  0x0000027807c0b828: ffd2 0f1f | 8400 0000 | 0000 e915 | cfff ffba | 76ff ffff | 4c8b 5424 | 484c 8954 | 2420 4c8b 
  0x0000027807c0b848: 9424 b800 | 0000 4c89 | 5424 284c | 8b54 2450 | 4c89 5424 | 484c 8b54 | 2478 4c89 | 5424 584c 
  0x0000027807c0b868: 8b54 2468 | 4c89 5424 | 604c 8b54 | 2470 4c89 | 5424 684c | 899c 2498 | 0000 0090 

  0x0000027807c0b884: ;   {runtime_call UncommonTrapBlob}
  0x0000027807c0b884: c5f8 77e8 

  0x0000027807c0b888: ; ImmutableOopMap {[32]=Oop [40]=Oop [52]=NarrowOop [72]=Oop [88]=Oop [128]=Oop [152]=Oop [192]=Oop }
                      ;*if_icmpge {reexecute=1 rethrow=0 return_oop=0}
                      ; - (reexecute) java.lang.StringLatin1::replace@82
                      ; - java.lang.String::replace@18
                      ; - java.net.URLClassLoader$1::run@8
                      ; - java.net.URLClassLoader$1::run@1
                      ; - java.security.AccessController::executePrivileged@29
                      ; - java.security.AccessController::doPrivileged@13
                      ; - java.net.URLClassLoader::findClass@13
                      ; - java.lang.ClassLoader::loadClass@69
                      ; - java.lang.ClassLoader::loadClass@38
  0x0000027807c0b888: f48a 97ff 

  0x0000027807c0b88c: ;   {other}
  0x0000027807c0b88c: 0f1f 8400 | fc62 0075 | 33ed 85db | 400f 94c5 | ba45 ffff | ff4c 8b54 | 2448 4c89 | 5424 204c 
  0x0000027807c0b8ac: 8b54 2450 | 4c89 5424 | 484c 894c | 2458 4c89 | 5c24 684c | 894c 2478 

  0x0000027807c0b8c4: ;   {runtime_call UncommonTrapBlob}
  0x0000027807c0b8c4: c5f8 77e8 

  0x0000027807c0b8c8: ; ImmutableOopMap {[32]=Oop [72]=Oop [88]=Oop [104]=Oop [120]=Oop [192]=Oop }
                      ;*ifeq {reexecute=1 rethrow=0 return_oop=0}
                      ; - (reexecute) java.lang.String::indexOf@4
                      ; - java.lang.String::indexOf@3
                      ; - java.lang.ClassLoader::checkName@16
                      ; - java.lang.ClassLoader::findLoadedClass@1
                      ; - java.lang.ClassLoader::loadClass@10
                      ; - java.lang.ClassLoader::loadClass@38
  0x0000027807c0b8c8: b48a 97ff 

  0x0000027807c0b8cc: ;   {other}
  0x0000027807c0b8cc: 0f1f 8400 | 3c63 0076 | ba45 ffff | ff48 8b6c | 2448 448b | 5c24 3044 | 895c 2428 | 4c8b 5424 
  0x0000027807c0b8ec: 404c 8954 | 2438 4c8b | 5424 504c | 8954 2440 | 4c89 4c24 | 504c 8b54 | 2478 4c89 | 5424 604c 
  0x0000027807c0b90c: 894c 2470 | 895c 242c 

  0x0000027807c0b914: ;   {runtime_call UncommonTrapBlob}
  0x0000027807c0b914: c5f8 77e8 

  0x0000027807c0b918: ; ImmutableOopMap {rbp=Oop [64]=Oop [80]=Oop [96]=Oop [112]=Oop [120]=Oop [192]=Oop }
                      ;*if_icmpne {reexecute=1 rethrow=0 return_oop=0}
                      ; - (reexecute) java.lang.ClassLoader::checkName@20
                      ; - java.lang.ClassLoader::findLoadedClass@1
                      ; - java.lang.ClassLoader::loadClass@10
                      ; - java.lang.ClassLoader::loadClass@38
  0x0000027807c0b918: 648a 97ff 

  0x0000027807c0b91c: ;   {other}
  0x0000027807c0b91c: 0f1f 8400 | 8c63 0077 | bade ffff | ff4c 8b54 | 2448 4c89 | 5424 204c | 8b94 24b8 | 0000 004c 
  0x0000027807c0b93c: 8954 2428 | 4c8b 5424 | 504c 8954 | 2448 4c8b | 9424 8000 | 0000 4c89 | 5424 7090 

  0x0000027807c0b958: ;   {runtime_call UncommonTrapBlob}
  0x0000027807c0b958: c5f8 77e8 

  0x0000027807c0b95c: ; ImmutableOopMap {rbp=NarrowOop [32]=Oop [40]=Oop [72]=Oop [112]=Oop [120]=Oop [128]=Oop }
                      ;*invokevirtual loadClassOrNull {reexecute=0 rethrow=0 return_oop=0}
                      ; - jdk.internal.loader.BuiltinClassLoader::loadClassOrNull@3
                      ; - jdk.internal.loader.BuiltinClassLoader::loadClassOrNull@66
                      ; - jdk.internal.loader.BuiltinClassLoader::loadClass@3
                      ; - java.lang.ClassLoader::loadClass@38
  0x0000027807c0b95c: 208a 97ff 

  0x0000027807c0b960: ;   {other}
  0x0000027807c0b960: 0f1f 8400 | d063 0078 | ba45 ffff | ff48 8b6c | 2448 448b | 5424 3044 | 8954 2428 | 4c8b 5424 
  0x0000027807c0b980: 404c 8954 | 2438 4c8b | 5424 504c | 8954 2440 | 4889 7424 | 4848 8974 | 2450 4c8b | 9424 8000 
  0x0000027807c0b9a0: 0000 4c89 | 5424 6890 

  0x0000027807c0b9a8: ;   {runtime_call UncommonTrapBlob}
  0x0000027807c0b9a8: c5f8 77e8 

  0x0000027807c0b9ac: ; ImmutableOopMap {rbp=Oop [64]=Oop [72]=Oop [80]=Oop [104]=Oop [120]=Oop [128]=Oop }
                      ;*ifeq {reexecute=1 rethrow=0 return_oop=0}
                      ; - (reexecute) java.lang.ClassLoader::checkName@8
                      ; - java.lang.ClassLoader::findBootstrapClassOrNull@1
                      ; - java.lang.System$2::findBootstrapClassOrNull@1
                      ; - jdk.internal.loader.ClassLoaders$BootClassLoader::loadClassOrNull@4
                      ; - jdk.internal.loader.BuiltinClassLoader::loadClassOrNull@3
                      ; - jdk.internal.loader.BuiltinClassLoader::loadClassOrNull@66
                      ; - jdk.internal.loader.BuiltinClassLoader::loadClass@3
                      ; - java.lang.ClassLoader::loadClass@38
  0x0000027807c0b9ac: d089 97ff 

  0x0000027807c0b9b0: ;   {other}
  0x0000027807c0b9b0: 0f1f 8400 | 2064 0079 | bace ffff | ff4c 8b5c | 2448 4c89 | 5c24 204c | 8b5c 2450 | 4c89 5c24 
  0x0000027807c0b9d0: 4848 8974 | 2450 4889 | 7424 5848 | ff74 2478 | 488f 4424 | 684c 8b9c | 2480 0000 | 004c 895c 
  0x0000027807c0b9f0: 2478 4489 | 5424 3490 

  0x0000027807c0b9f8: ;   {runtime_call UncommonTrapBlob}
  0x0000027807c0b9f8: c5f8 77e8 

  0x0000027807c0b9fc: ; ImmutableOopMap {rbp=NarrowOop [32]=Oop [72]=Oop [80]=Oop [88]=Oop [104]=Oop [120]=Oop [128]=Oop }
                      ;*invokestatic indexOfChar {reexecute=0 rethrow=0 return_oop=0}
                      ; - java.lang.StringLatin1::indexOf@33
                      ; - java.lang.String::indexOf@17
                      ; - java.lang.String::indexOf@3
                      ; - java.lang.ClassLoader::checkName@16
                      ; - java.lang.ClassLoader::findBootstrapClassOrNull@1
                      ; - java.lang.System$2::findBootstrapClassOrNull@1
                      ; - jdk.internal.loader.ClassLoaders$BootClassLoader::loadClassOrNull@4
                      ; - jdk.internal.loader.BuiltinClassLoader::loadClassOrNull@3
                      ; - jdk.internal.loader.BuiltinClassLoader::loadClassOrNull@66
                      ; - jdk.internal.loader.BuiltinClassLoader::loadClass@3
                      ; - java.lang.ClassLoader::loadClass@38
  0x0000027807c0b9fc: 8089 97ff 

  0x0000027807c0ba00: ;   {other}
  0x0000027807c0ba00: 0f1f 8400 | 7064 007a | 4963 cbe9 | 68cf ffff | 4983 c0fe | 498b c848 | 8bfa 4833 | c048 83f9 
  0x0000027807c0ba20: 087f 1048 | ffc9 784f | 4889 04cf | 48ff c97d | f7eb 44c5 | fdef c0e9 | 0d00 0000 | c5fe 7f07 
  0x0000027807c0ba40: c5fe 7f47 | 2048 83c7 | 4048 83e9 | 087d ed48 | 83c1 047c | 0cc5 fe7f | 0748 83c7 | 2048 83e9 
  0x0000027807c0ba60: 0448 83c1 | 047e 1048 | ffc9 c5f9 | d607 4883 | c708 48ff | c97d f3e9 | fecf ffff | bacc ffff 
  0x0000027807c0ba80: ff48 8b6c | 2448 4c8b | 8c24 b800 | 0000 4c89 | 4c24 2044 | 8b4c 2430 | 4489 4c24 | 284c 8b4c 
  0x0000027807c0baa0: 2440 4c89 | 4c24 384c | 8b4c 2450 | 4c89 4c24 | 4044 895c | 245c 4c8b | 5424 784c | 8954 2460 
  0x0000027807c0bac0: 4c8b 9424 | 8000 0000 | 4c89 5424 | 704c 8984 | 2480 0000 | 0066 6690 

  0x0000027807c0bad8: ;   {runtime_call UncommonTrapBlob}
  0x0000027807c0bad8: c5f8 77e8 

  0x0000027807c0badc: ; ImmutableOopMap {rbp=Oop [32]=Oop [44]=NarrowOop [64]=Oop [96]=Oop [112]=Oop [128]=Oop }
                      ;*newarray {reexecute=1 rethrow=0 return_oop=0}
                      ; - (reexecute) java.util.Arrays::copyOfRangeByte@10
                      ; - java.util.Arrays::copyOfRange@13
                      ; - java.lang.StringLatin1::newString@16
                      ; - java.lang.String::substring@41
                      ; - jdk.internal.loader.BuiltinClassLoader::findLoadedModule@16
                      ; - jdk.internal.loader.BuiltinClassLoader::loadClassOrNull@22
                      ; - jdk.internal.loader.BuiltinClassLoader::loadClass@3
                      ; - java.lang.ClassLoader::loadClass@38
  0x0000027807c0badc: a088 97ff 

  0x0000027807c0bae0: ;   {other}
  0x0000027807c0bae0: 0f1f 8400 | 5065 007b | ba45 ffff | ff4c 8b5c | 2448 4c89 | 5c24 204c | 8b9c 24b8 | 0000 004c 
  0x0000027807c0bb00: 895c 2428 | 4c8b 5c24 | 504c 895c | 2448 4c89 | 5424 6090 

  0x0000027807c0bb14: ;   {runtime_call UncommonTrapBlob}
  0x0000027807c0bb14: c5f8 77e8 

  0x0000027807c0bb18: ; ImmutableOopMap {rbp=NarrowOop [32]=Oop [40]=Oop [72]=Oop [96]=Oop }
                      ;*ifnull {reexecute=1 rethrow=0 return_oop=0}
                      ; - (reexecute) java.lang.ClassLoader::getClassLoadingLock@6
                      ; - java.lang.ClassLoader::loadClass@2
                      ; - java.lang.ClassLoader::loadClass@38
  0x0000027807c0bb18: 6488 97ff 

  0x0000027807c0bb1c: ;   {other}
  0x0000027807c0bb1c: 0f1f 8400 | 8c65 007c | ba45 ffff | ff48 8b6c | 2448 448b | 5424 3044 | 8954 2428 | 4c8b 5424 
  0x0000027807c0bb3c: 404c 8954 | 2438 4c8b | 5424 504c | 8954 2440 | 4c89 4c24 | 504c 8b54 | 2478 4c89 | 5424 604c 
  0x0000027807c0bb5c: 894c 2470 | 4489 5c24 | 2c66 6690 

  0x0000027807c0bb68: ;   {runtime_call UncommonTrapBlob}
  0x0000027807c0bb68: c5f8 77e8 

  0x0000027807c0bb6c: ; ImmutableOopMap {rbp=Oop [64]=Oop [80]=Oop [96]=Oop [112]=Oop [120]=Oop [192]=Oop }
                      ;*if_icmpne {reexecute=1 rethrow=0 return_oop=0}
                      ; - (reexecute) java.lang.ClassLoader::checkName@30
                      ; - java.lang.ClassLoader::findLoadedClass@1
                      ; - java.lang.ClassLoader::loadClass@10
                      ; - java.lang.ClassLoader::loadClass@38
  0x0000027807c0bb6c: 1088 97ff 

  0x0000027807c0bb70: ;   {other}
  0x0000027807c0bb70: 0f1f 8400 | e065 007d | ba76 ffff | ff48 8b6c | 2448 4c8b | 5424 584c | 8954 2420 | 448b 4424 
  0x0000027807c0bb90: 3044 8944 | 2428 4c8b | 5424 404c | 8954 2438 | 4c8b 5424 | 504c 8954 | 2440 4c8b | 5424 784c 
  0x0000027807c0bbb0: 8954 2458 | 4c8b 5424 | 684c 8954 | 2460 4489 | 9c24 8c00 | 0000 4c8b | 9424 a000 | 0000 4c89 
  0x0000027807c0bbd0: 9424 9000 | 0000 4c8b | 9424 a800 | 0000 4c89 | 9424 a000 | 0000 6690 

  0x0000027807c0bbe8: ;   {runtime_call UncommonTrapBlob}
  0x0000027807c0bbe8: c5f8 77e8 

  0x0000027807c0bbec: ; ImmutableOopMap {rbp=Oop [32]=Oop [44]=NarrowOop [64]=Oop [88]=Oop [144]=Oop [160]=Oop [168]=Oop [192]=Oop }
                      ;*iflt {reexecute=1 rethrow=0 return_oop=0}
                      ; - (reexecute) java.lang.StringLatin1::lastIndexOf@19
                      ; - java.lang.String::lastIndexOf@13
                      ; - java.lang.String::lastIndexOf@8
                      ; - jdk.internal.loader.BuiltinClassLoader::findLoadedModule@3
                      ; - jdk.internal.loader.BuiltinClassLoader::loadClassOrNull@22
                      ; - jdk.internal.loader.BuiltinClassLoader::loadClass@3
                      ; - java.lang.ClassLoader::loadClass@38
                      ; - java.lang.ClassLoader::loadClass@38
  0x0000027807c0bbec: 9087 97ff 

  0x0000027807c0bbf0: ;   {other}
  0x0000027807c0bbf0: 0f1f 8400 | 6066 007e | bac6 ffff | ff48 8b6c | 2448 4c8b | 5c24 284c | 895c 2420 | 448b 4424 
  0x0000027807c0bc10: 3044 8944 | 2428 4c8b | 5c24 404c | 895c 2438 | 4c8b 5c24 | 504c 895c | 2440 4c8b | 5c24 784c 
  0x0000027807c0bc30: 895c 2458 | 4889 4424 | 6044 8954 | 242c 6690 

  0x0000027807c0bc40: ;   {runtime_call UncommonTrapBlob}
  0x0000027807c0bc40: c5f8 77e8 

  0x0000027807c0bc44: ; ImmutableOopMap {rbp=Oop [32]=Oop [44]=NarrowOop [64]=Oop [88]=Oop [192]=Oop }
                      ;*invokevirtual loadClass {reexecute=0 rethrow=0 return_oop=0}
                      ; - java.lang.ClassLoader::loadClass@38
                      ; - java.lang.ClassLoader::loadClass@38
  0x0000027807c0bc44: 3887 97ff 

  0x0000027807c0bc48: ;   {other}
  0x0000027807c0bc48: 0f1f 8400 | b866 007f | 488b 6c24 | 2848 8b54 | 2428 4c8d | 8424 4001 | 0000 4c8b | 9424 b800 
  0x0000027807c0bc68: 0000 4c89 | 5424 3890 

  0x0000027807c0bc70: ;   {runtime_call _complete_monitor_locking_Java}
  0x0000027807c0bc70: c5f8 77e8 

  0x0000027807c0bc74: ; ImmutableOopMap {rbp=Oop [32]=NarrowOop [56]=Oop [72]=Oop [80]=Oop [120]=Oop [160]=Oop [184]=Oop [192]=Oop }
                      ;*monitorenter {reexecute=0 rethrow=0 return_oop=0}
                      ; - jdk.internal.loader.BuiltinClassLoader::loadClassOrNull@7
                      ; - jdk.internal.loader.BuiltinClassLoader::loadClass@3
                      ; - java.lang.ClassLoader::loadClass@38
                      ; - java.lang.ClassLoader::loadClass@38
  0x0000027807c0bc74: 0898 a3ff 

  0x0000027807c0bc78: ;   {other}
  0x0000027807c0bc78: 0f1f 8400 | e866 0080 | 4c8b c5e9 | a5ad ffff | ba45 ffff | ff48 8b6c | 2448 448b | 5c24 3044 
  0x0000027807c0bc98: 895c 2428 | 4c8b 5424 | 404c 8954 | 2438 4c8b | 5424 504c | 8954 2440 | 4c89 4c24 | 504c 8b54 
  0x0000027807c0bcb8: 2478 4c89 | 5424 584c | 8b54 2468 | 4c89 5424 | 604c 894c | 2470 4c89 | 8424 9800 | 0000 6690 
  0x0000027807c0bcd8: ;   {runtime_call UncommonTrapBlob}
  0x0000027807c0bcd8: c5f8 77e8 

  0x0000027807c0bcdc: ; ImmutableOopMap {rbp=Oop [64]=Oop [80]=Oop [88]=Oop [112]=Oop [152]=Oop [160]=Oop [192]=Oop }
                      ;*ifeq {reexecute=1 rethrow=0 return_oop=0}
                      ; - (reexecute) java.lang.ClassLoader::checkName@8
                      ; - java.lang.ClassLoader::findLoadedClass@1
                      ; - jdk.internal.loader.BuiltinClassLoader::loadClassOrNull@10
                      ; - jdk.internal.loader.BuiltinClassLoader::loadClass@3
                      ; - java.lang.ClassLoader::loadClass@38
                      ; - java.lang.ClassLoader::loadClass@38
  0x0000027807c0bcdc: a086 97ff 

  0x0000027807c0bce0: ;   {other}
  0x0000027807c0bce0: 0f1f 8400 | 5067 0081 | 498b f849 | 8bcb 488d | 9424 4001 | 0000 4d8b | c7c5 f877 | 49ba 40d9 
  0x0000027807c0bd00: 5630 fb7f | 0000 41ff 

  0x0000027807c0bd08: ;   {other}
  0x0000027807c0bd08: d20f 1f84 | 0000 0000 | 004c 8bc7 | e902 b9ff | ffba ceff | ffff 4c8b | 5c24 484c | 895c 2420 
  0x0000027807c0bd28: 4c8b 5c24 | 504c 895c | 2448 4c89 | 4c24 584c | 8b5c 2478 | 4c89 5c24 | 704c 894c | 2478 4c89 
  0x0000027807c0bd48: 8424 b000 | 0000 4489 | 5424 3490 

  0x0000027807c0bd54: ;   {runtime_call UncommonTrapBlob}
  0x0000027807c0bd54: c5f8 77e8 

  0x0000027807c0bd58: ; ImmutableOopMap {rbp=NarrowOop [32]=Oop [72]=Oop [88]=Oop [112]=Oop [120]=Oop [160]=Oop [176]=Oop [192]=Oop }
                      ;*invokestatic indexOfChar {reexecute=0 rethrow=0 return_oop=0}
                      ; - java.lang.StringLatin1::indexOf@33
                      ; - java.lang.String::indexOf@17
                      ; - java.lang.String::indexOf@3
                      ; - java.lang.ClassLoader::checkName@16
                      ; - java.lang.ClassLoader::findLoadedClass@1
                      ; - jdk.internal.loader.BuiltinClassLoader::loadClassOrNull@10
                      ; - jdk.internal.loader.BuiltinClassLoader::loadClass@3
                      ; - java.lang.ClassLoader::loadClass@38
                      ; - java.lang.ClassLoader::loadClass@38
  0x0000027807c0bd58: 2486 97ff 

  0x0000027807c0bd5c: ;   {other}
  0x0000027807c0bd5c: 0f1f 8400 | cc67 0082 | ba6e ffff | ff48 8b6c | 2448 4c8b | 5424 584c | 8954 2420 | 448b 5424 
  0x0000027807c0bd7c: 3044 8954 | 2428 4c8b | 5424 404c | 8954 2438 | 4c8b 5424 | 504c 8954 | 2440 4c8b | 5424 784c 
  0x0000027807c0bd9c: 8954 2458 | 4c8b 5424 | 684c 8954 | 2460 4489 | 9c24 8c00 | 0000 4c8b | 9424 a000 | 0000 4c89 
  0x0000027807c0bdbc: 9424 9000 | 0000 4c8b | 9424 a800 | 0000 4c89 | 9424 a000 | 0000 6690 

  0x0000027807c0bdd4: ;   {runtime_call UncommonTrapBlob}
  0x0000027807c0bdd4: c5f8 77e8 

  0x0000027807c0bdd8: ; ImmutableOopMap {rbp=Oop [32]=Oop [44]=NarrowOop [64]=Oop [88]=Oop [144]=Oop [160]=Oop [168]=Oop [192]=Oop }
                      ;*iflt {reexecute=1 rethrow=0 return_oop=0}
                      ; - (reexecute) java.lang.StringLatin1::lastIndexOf@19
                      ; - java.lang.String::lastIndexOf@13
                      ; - java.lang.String::lastIndexOf@8
                      ; - jdk.internal.loader.BuiltinClassLoader::findLoadedModule@3
                      ; - jdk.internal.loader.BuiltinClassLoader::loadClassOrNull@22
                      ; - jdk.internal.loader.BuiltinClassLoader::loadClass@3
                      ; - java.lang.ClassLoader::loadClass@38
                      ; - java.lang.ClassLoader::loadClass@38
  0x0000027807c0bdd8: a485 97ff 

  0x0000027807c0bddc: ;   {other}
  0x0000027807c0bddc: 0f1f 8400 | 4c68 0083 | 33ed 4585 | db40 0f94 | c5ba 45ff | ffff 4c8b | 5424 484c | 8954 2420 
  0x0000027807c0bdfc: 4c8b 5424 | 504c 8954 | 2448 4889 | 7424 5048 | 8974 2458 | 4c89 8c24 | 8800 0000 

  0x0000027807c0be18: ;   {runtime_call UncommonTrapBlob}
  0x0000027807c0be18: c5f8 77e8 

  0x0000027807c0be1c: ; ImmutableOopMap {[32]=Oop [72]=Oop [80]=Oop [88]=Oop [120]=Oop [136]=Oop }
                      ;*ifeq {reexecute=1 rethrow=0 return_oop=0}
                      ; - (reexecute) java.lang.String::indexOf@4
                      ; - java.lang.String::indexOf@3
                      ; - java.lang.ClassLoader::checkName@16
                      ; - java.lang.ClassLoader::findLoadedClass@1
                      ; - jdk.internal.loader.BuiltinClassLoader::loadClassOrNull@10
                      ; - jdk.internal.loader.BuiltinClassLoader::loadClass@3
                      ; - java.lang.ClassLoader::loadClass@38
  0x0000027807c0be1c: 6085 97ff 

  0x0000027807c0be20: ;   {other}
  0x0000027807c0be20: 0f1f 8400 | 9068 0084 | 33ed 4585 | c940 0f94 | c5ba 45ff | ffff 4c8b | 5424 484c | 8954 2420 
  0x0000027807c0be40: 4c8b 9424 | b800 0000 | 4c89 5424 | 284c 8b54 | 2450 4c89 | 5424 484c | 8b54 2478 | 4c89 5424 
  0x0000027807c0be60: 7044 895c | 2434 6690 

  0x0000027807c0be68: ;   {runtime_call UncommonTrapBlob}
  0x0000027807c0be68: c5f8 77e8 

  0x0000027807c0be6c: ; ImmutableOopMap {[32]=Oop [40]=Oop [72]=Oop [112]=Oop [128]=Oop }
                      ;*ifeq {reexecute=1 rethrow=0 return_oop=0}
                      ; - (reexecute) java.lang.String::lastIndexOf@4
                      ; - java.lang.String::lastIndexOf@8
                      ; - jdk.internal.loader.BuiltinClassLoader::findLoadedModule@3
                      ; - jdk.internal.loader.BuiltinClassLoader::loadClassOrNull@22
                      ; - jdk.internal.loader.BuiltinClassLoader::loadClass@3
                      ; - java.lang.ClassLoader::loadClass@38
  0x0000027807c0be6c: 1085 97ff 

  0x0000027807c0be70: ;   {other}
  0x0000027807c0be70: 0f1f 8400 | e068 0085 | ba45 ffff | ff48 8b6c | 2448 448b | 5424 3044 | 8954 2428 | 4c8b 5424 
  0x0000027807c0be90: 404c 8954 | 2438 4c8b | 5424 504c | 8954 2440 | 4889 7424 | 4848 8974 | 2450 4c89 | 4c24 7089 
  0x0000027807c0beb0: 5c24 2c90 

  0x0000027807c0beb4: ;   {runtime_call UncommonTrapBlob}
  0x0000027807c0beb4: c5f8 77e8 

  0x0000027807c0beb8: ; ImmutableOopMap {rbp=Oop [64]=Oop [72]=Oop [80]=Oop [112]=Oop [120]=Oop }
                      ;*if_icmpne {reexecute=1 rethrow=0 return_oop=0}
                      ; - (reexecute) java.lang.ClassLoader::checkName@20
                      ; - java.lang.ClassLoader::findLoadedClass@1
                      ; - jdk.internal.loader.BuiltinClassLoader::loadClassOrNull@10
                      ; - jdk.internal.loader.BuiltinClassLoader::loadClass@3
                      ; - java.lang.ClassLoader::loadClass@38
  0x0000027807c0beb8: c484 97ff 

  0x0000027807c0bebc: ;   {other}
  0x0000027807c0bebc: 0f1f 8400 | 2c69 0086 | baf6 ffff | ff48 8b6c | 2448 4c8b | 9c24 b800 | 0000 4c89 | 5c24 2044 
  0x0000027807c0bedc: 8b44 2430 | 4489 4424 | 284c 8b5c | 2440 4c89 | 5c24 384c | 8b5c 2450 | 4c89 5c24 | 404c 8b5c 
  0x0000027807c0befc: 2478 4c89 | 5c24 504c | 8b5c 2468 | 4c89 5c24 | 584c 8b5c | 2470 4c89 | 5c24 604c | 8b9c 2480 
  0x0000027807c0bf1c: 0000 004c | 895c 2478 | 4c89 9424 | 9800 0000 

  0x0000027807c0bf2c: ;   {runtime_call UncommonTrapBlob}
  0x0000027807c0bf2c: c5f8 77e8 

  0x0000027807c0bf30: ; ImmutableOopMap {rbp=Oop [32]=Oop [64]=Oop [80]=Oop [120]=Oop [152]=Oop [192]=Oop [208]=NarrowOop [280]=Oop }
                      ;*invokevirtual ensureInitialization {reexecute=0 rethrow=0 return_oop=0}
                      ; - java.util.jar.JavaUtilJarAccessImpl::ensureInitialization@1
                      ; - jdk.internal.loader.URLClassPath$JarLoader$2::getManifest@10
                      ; - java.net.URLClassLoader::defineClass@34
                      ; - java.net.URLClassLoader$1::run@43
                      ; - java.net.URLClassLoader$1::run@1
                      ; - java.security.AccessController::executePrivileged@29
                      ; - java.security.AccessController::doPrivileged@13
                      ; - java.net.URLClassLoader::findClass@13
                      ; - java.lang.ClassLoader::loadClass@69
                      ; - java.lang.ClassLoader::loadClass@38
  0x0000027807c0bf30: 4c84 97ff 

  0x0000027807c0bf34: ;   {other}
  0x0000027807c0bf34: 0f1f 8400 | a469 0087 | ba76 ffff | ff48 8b6c | 2448 4c8b | 5c24 604c | 895c 2420 | 448b 5c24 
  0x0000027807c0bf54: 3044 895c | 2428 4c8b | 5c24 404c | 895c 2438 | 4c8b 5c24 | 504c 895c | 2440 4c8b | 5c24 584c 
  0x0000027807c0bf74: 895c 2450 | 4c8b 5c24 | 684c 895c | 2458 4c8b | 5c24 704c | 895c 2460 | 4c8b 9c24 | 8000 0000 
  0x0000027807c0bf94: 4c89 5c24 | 7848 899c | 2498 0000 | 0044 8994 | 24a4 0000 | 0066 6690 

  0x0000027807c0bfac: ;   {runtime_call UncommonTrapBlob}
  0x0000027807c0bfac: c5f8 77e8 

  0x0000027807c0bfb0: ; ImmutableOopMap {rbp=Oop [32]=Oop [44]=NarrowOop [64]=Oop [80]=Oop [120]=Oop [152]=Oop [192]=Oop }
                      ;*iflt {reexecute=1 rethrow=0 return_oop=0}
                      ; - (reexecute) java.lang.StringLatin1::lastIndexOf@19
                      ; - java.lang.String::lastIndexOf@13
                      ; - java.lang.String::lastIndexOf@8
                      ; - java.net.URLClassLoader::defineClass@7
                      ; - java.net.URLClassLoader$1::run@43
                      ; - java.net.URLClassLoader$1::run@1
                      ; - java.security.AccessController::executePrivileged@29
                      ; - java.security.AccessController::doPrivileged@13
                      ; - java.net.URLClassLoader::findClass@13
                      ; - java.lang.ClassLoader::loadClass@69
                      ; - java.lang.ClassLoader::loadClass@38
  0x0000027807c0bfb0: cc83 97ff 

  0x0000027807c0bfb4: ;   {other}
  0x0000027807c0bfb4: 0f1f 8400 | 246a 0088 | 33ed 4585 | db40 0f94 | c5ba 45ff | ffff 4c8b | 5424 484c | 8954 2420 
  0x0000027807c0bfd4: 4c8b 5424 | 504c 8954 | 2448 4c8b | 5424 784c | 8954 2458 | 4c8b 5424 | 684c 8954 | 2460 4c8b 
  0x0000027807c0bff4: 5424 704c | 8954 2468 | 4c89 4424 | 784c 898c | 2480 0000 | 004c 8984 | 2488 0000 | 0066 6690 
  0x0000027807c0c014: ;   {runtime_call UncommonTrapBlob}
  0x0000027807c0c014: c5f8 77e8 

  0x0000027807c0c018: ; ImmutableOopMap {[32]=Oop [72]=Oop [88]=Oop [120]=Oop [128]=Oop [136]=Oop [192]=Oop }
                      ;*ifeq {reexecute=1 rethrow=0 return_oop=0}
                      ; - (reexecute) java.lang.String::replace@9
                      ; - java.net.URLClassLoader$1::run@8
                      ; - java.net.URLClassLoader$1::run@1
                      ; - java.security.AccessController::executePrivileged@29
                      ; - java.security.AccessController::doPrivileged@13
                      ; - java.net.URLClassLoader::findClass@13
                      ; - java.lang.ClassLoader::loadClass@69
                      ; - java.lang.ClassLoader::loadClass@38
  0x0000027807c0c018: 6483 97ff 

  0x0000027807c0c01c: ;   {other}
  0x0000027807c0c01c: 0f1f 8400 | 8c6a 0089 | bade ffff | ff4c 8b44 | 2448 4c89 | 4424 204c | 8b84 24b8 | 0000 004c 
  0x0000027807c0c03c: 8944 2428 | 4c8b 4424 | 504c 8944 | 2448 4c8b | 4424 784c | 8944 2458 | 4c8b 4424 | 684c 8944 
  0x0000027807c0c05c: 2460 4c8b | 4424 704c | 8944 2468 | 4c8b 8424 | c000 0000 | 4c89 8424 | 9000 0000 | 4c8b 9424 
  0x0000027807c0c07c: c000 0000 | 4c89 9424 | b800 0000 | 4c8b 9424 | c800 0000 | 4c89 9424 | c000 0000 | 448b 9424 
  0x0000027807c0c09c: d000 0000 | 4489 5424 | 3444 899c | 24d0 0000 | 0066 6690 

  0x0000027807c0c0b0: ;   {runtime_call UncommonTrapBlob}
  0x0000027807c0c0b0: c5f8 77e8 

  0x0000027807c0c0b4: ; ImmutableOopMap {rbp=NarrowOop [32]=Oop [40]=Oop [52]=NarrowOop [72]=Oop [88]=Oop [128]=Oop [144]=Oop [160]=Oop [184]=Oop [208]=NarrowOop [280]=Oop }
                      ;*invokeinterface ensureInitialization {reexecute=0 rethrow=0 return_oop=0}
                      ; - jdk.internal.loader.URLClassPath$JarLoader$2::getManifest@10
                      ; - java.net.URLClassLoader::defineClass@34
                      ; - java.net.URLClassLoader$1::run@43
                      ; - java.net.URLClassLoader$1::run@1
                      ; - java.security.AccessController::executePrivileged@29
                      ; - java.security.AccessController::doPrivileged@13
                      ; - java.net.URLClassLoader::findClass@13
                      ; - java.lang.ClassLoader::loadClass@69
                      ; - java.lang.ClassLoader::loadClass@38
  0x0000027807c0c0b4: c882 97ff 

  0x0000027807c0c0b8: ;   {other}
  0x0000027807c0c0b8: 0f1f 8400 | 286b 008a | 4c89 4c24 | 384c 8954 | 2428 498b | d14c 8d84 | 2440 0100 | 004c 8b94 
  0x0000027807c0c0d8: 24b8 0000 | 004c 8954 | 2458 6690 

  0x0000027807c0c0e4: ;   {runtime_call _complete_monitor_locking_Java}
  0x0000027807c0c0e4: c5f8 77e8 

  0x0000027807c0c0e8: ; ImmutableOopMap {rbp=NarrowOop [32]=NarrowOop [40]=Oop [56]=Oop [72]=Oop [80]=Oop [88]=Oop [120]=Oop [128]=Oop [184]=Oop [192]=Oop [208]=NarrowOop [280]=Oop }
                      ;*synchronization entry
                      ; - java.util.jar.JarFile::ensureInitialization@-1
                      ; - java.util.jar.JavaUtilJarAccessImpl::ensureInitialization@1
                      ; - jdk.internal.loader.URLClassPath$JarLoader$2::getManifest@10
                      ; - java.net.URLClassLoader::defineClass@34
                      ; - java.net.URLClassLoader$1::run@43
                      ; - java.net.URLClassLoader$1::run@1
                      ; - java.security.AccessController::executePrivileged@29
                      ; - java.security.AccessController::doPrivileged@13
                      ; - java.net.URLClassLoader::findClass@13
                      ; - java.lang.ClassLoader::loadClass@69
                      ; - java.lang.ClassLoader::loadClass@38
  0x0000027807c0c0e8: 9493 a3ff 

  0x0000027807c0c0ec: ;   {other}
  0x0000027807c0c0ec: 0f1f 8400 | 5c6b 008b | 4c8b 5424 | 284c 8b4c | 2438 e9b1 | baff ff49 | 8bda 498b | c948 8d94 
  0x0000027807c0c10c: 2440 0100 | 004d 8bc7 | c5f8 7749 | ba40 d956 | 30fb 7f00 | 0041 ffd2 

  0x0000027807c0c124: ;   {other}
  0x0000027807c0c124: 0f1f 8400 | 0000 0000 | 4c8b d3e9 | 33bb ffff | bade ffff | ff4c 8b5c | 2448 4c89 | 5c24 204c 
  0x0000027807c0c144: 8b9c 24b8 | 0000 004c | 895c 2428 | 4c8b 5c24 | 504c 895c | 2448 4c8b | 5c24 784c | 895c 2458 
  0x0000027807c0c164: 4c8b 5c24 | 684c 895c | 2460 4c8b | 5c24 704c | 895c 2468 | 4c8b 9c24 | c000 0000 | 4c89 9c24 
  0x0000027807c0c184: 9000 0000 | 4c89 9424 | a000 0000 | 4c8b 9424 | c000 0000 | 4c89 9424 | b000 0000 

  0x0000027807c0c1a0: ;   {runtime_call UncommonTrapBlob}
  0x0000027807c0c1a0: c5f8 77e8 

  0x0000027807c0c1a4: ; ImmutableOopMap {rbp=NarrowOop [32]=Oop [40]=Oop [72]=Oop [88]=Oop [128]=Oop [144]=Oop [160]=Oop [176]=Oop [208]=NarrowOop [280]=Oop }
                      ;*invokevirtual getManifest {reexecute=0 rethrow=0 return_oop=0}
                      ; - jdk.internal.loader.URLClassPath$JarLoader$2::getManifest@22
                      ; - java.net.URLClassLoader::defineClass@34
                      ; - java.net.URLClassLoader$1::run@43
                      ; - java.net.URLClassLoader$1::run@1
                      ; - java.security.AccessController::executePrivileged@29
                      ; - java.security.AccessController::doPrivileged@13
                      ; - java.net.URLClassLoader::findClass@13
                      ; - java.lang.ClassLoader::loadClass@69
                      ; - java.lang.ClassLoader::loadClass@38
  0x0000027807c0c1a4: d881 97ff 

  0x0000027807c0c1a8: ;   {other}
  0x0000027807c0c1a8: 0f1f 8400 | 186c 008c | baec ffff | ff48 8b6c | 2448 4c8b | 5424 584c | 8954 2420 | 448b 5c24 
  0x0000027807c0c1c8: 3044 895c | 2428 4c8b | 5424 404c | 8954 2438 | 4c8b 5424 | 504c 8954 | 2440 4c8b | 5424 784c 
  0x0000027807c0c1e8: 8954 2450 | 4c8b 5424 | 684c 8954 | 2458 4c8b | 5424 704c | 8954 2460 | 4c8b 9424 | 8000 0000 
  0x0000027807c0c208: 4c89 5424 | 784c 8b94 | 24a0 0000 | 004c 8994 | 2480 0000 | 0048 8984 | 24b8 0000 | 0066 6690 
  0x0000027807c0c228: ;   {runtime_call UncommonTrapBlob}
  0x0000027807c0c228: c5f8 77e8 

  0x0000027807c0c22c: ; ImmutableOopMap {rbp=Oop [32]=Oop [64]=Oop [80]=Oop [120]=Oop [128]=Oop [168]=Oop [184]=Oop [192]=Oop [208]=NarrowOop }
                      ;*astore {reexecute=0 rethrow=0 return_oop=0}
                      ; - java.net.URLClassLoader::defineClass@188
                      ; - java.net.URLClassLoader$1::run@43
                      ; - java.net.URLClassLoader$1::run@1
                      ; - java.security.AccessController::executePrivileged@29
                      ; - java.security.AccessController::doPrivileged@13
                      ; - java.net.URLClassLoader::findClass@13
                      ; - java.lang.ClassLoader::loadClass@69
                      ; - java.lang.ClassLoader::loadClass@38
  0x0000027807c0c22c: 5081 97ff 

  0x0000027807c0c230: ;   {other}
  0x0000027807c0c230: 0f1f 8400 | a06c 008d | ba6e ffff | ff48 8b6c | 2448 4c8b | 5c24 604c | 895c 2420 | 448b 4424 
  0x0000027807c0c250: 3044 8944 | 2428 4c8b | 5c24 404c | 895c 2438 | 4c8b 5c24 | 504c 895c | 2440 4c8b | 5c24 584c 
  0x0000027807c0c270: 895c 2450 | 4c8b 5c24 | 684c 895c | 2458 4c8b | 5c24 704c | 895c 2460 | 4c8b 9c24 | 8000 0000 
  0x0000027807c0c290: 4c89 5c24 | 7848 899c | 2498 0000 | 0044 8994 | 24a4 0000 | 0066 6690 

  0x0000027807c0c2a8: ;   {runtime_call UncommonTrapBlob}
  0x0000027807c0c2a8: c5f8 77e8 

  0x0000027807c0c2ac: ; ImmutableOopMap {rbp=Oop [32]=Oop [44]=NarrowOop [64]=Oop [80]=Oop [120]=Oop [152]=Oop [192]=Oop }
                      ;*iflt {reexecute=1 rethrow=0 return_oop=0}
                      ; - (reexecute) java.lang.StringLatin1::lastIndexOf@19
                      ; - java.lang.String::lastIndexOf@13
                      ; - java.lang.String::lastIndexOf@8
                      ; - java.net.URLClassLoader::defineClass@7
                      ; - java.net.URLClassLoader$1::run@43
                      ; - java.net.URLClassLoader$1::run@1
                      ; - java.security.AccessController::executePrivileged@29
                      ; - java.security.AccessController::doPrivileged@13
                      ; - java.net.URLClassLoader::findClass@13
                      ; - java.lang.ClassLoader::loadClass@69
                      ; - java.lang.ClassLoader::loadClass@38
  0x0000027807c0c2ac: d080 97ff 

  0x0000027807c0c2b0: ;   {other}
  0x0000027807c0c2b0: 0f1f 8400 | 206d 008e | ba45 ffff | ff48 8b6c | 2448 4c8b | 9424 b800 | 0000 4c89 | 5424 2044 
  0x0000027807c0c2d0: 8b5c 2430 | 4489 5c24 | 284c 8b54 | 2440 4c89 | 5424 384c | 8b54 2450 | 4c89 5424 | 404c 8b94 
  0x0000027807c0c2f0: 2480 0000 | 004c 8954 | 2468 4489 | 4c24 2c90 

  0x0000027807c0c300: ;   {runtime_call UncommonTrapBlob}
  0x0000027807c0c300: c5f8 77e8 

  0x0000027807c0c304: ; ImmutableOopMap {rbp=Oop [32]=Oop [64]=Oop [104]=Oop [120]=Oop [128]=Oop }
                      ;*ifle {reexecute=1 rethrow=0 return_oop=0}
                      ; - (reexecute) java.util.concurrent.ConcurrentHashMap::get@23
                      ; - jdk.internal.loader.BuiltinClassLoader::findLoadedModule@24
                      ; - jdk.internal.loader.BuiltinClassLoader::loadClassOrNull@22
                      ; - jdk.internal.loader.BuiltinClassLoader::loadClass@3
                      ; - java.lang.ClassLoader::loadClass@38
  0x0000027807c0c304: 7880 97ff 

  0x0000027807c0c308: ;   {other}
  0x0000027807c0c308: 0f1f 8400 | 786d 008f | ba45 ffff | ff4c 8b5c | 2448 4c89 | 5c24 204c | 8b9c 24b8 | 0000 004c 
  0x0000027807c0c328: 895c 2428 | 4c8b 5c24 | 504c 895c | 2448 4c89 | 5424 6890 

  0x0000027807c0c33c: ;   {runtime_call UncommonTrapBlob}
  0x0000027807c0c33c: c5f8 77e8 

  0x0000027807c0c340: ; ImmutableOopMap {rbp=NarrowOop [32]=Oop [40]=Oop [72]=Oop [104]=Oop }
                      ;*ifnull {reexecute=1 rethrow=0 return_oop=0}
                      ; - (reexecute) java.lang.ClassLoader::getClassLoadingLock@6
                      ; - jdk.internal.loader.BuiltinClassLoader::loadClassOrNull@2
                      ; - jdk.internal.loader.BuiltinClassLoader::loadClass@3
                      ; - java.lang.ClassLoader::loadClass@38
  0x0000027807c0c340: 3c80 97ff 

  0x0000027807c0c344: ;   {other}
  0x0000027807c0c344: 0f1f 8400 | b46d 0090 | ba45 ffff | ff4c 8b54 | 2448 4c89 | 5424 204c | 8b54 2450 | 4c89 5424 
  0x0000027807c0c364: 4848 8974 | 2450 4889 | 7424 584c | 898c 2480 | 0000 0090 

  0x0000027807c0c378: ;   {runtime_call UncommonTrapBlob}
  0x0000027807c0c378: c5f8 77e8 

  0x0000027807c0c37c: ; ImmutableOopMap {[32]=Oop [72]=Oop [80]=Oop [88]=Oop [120]=Oop [128]=Oop }
                      ;*if_icmpne {reexecute=1 rethrow=0 return_oop=0}
                      ; - (reexecute) java.lang.ClassLoader::checkName@30
                      ; - java.lang.ClassLoader::findLoadedClass@1
                      ; - jdk.internal.loader.BuiltinClassLoader::loadClassOrNull@10
                      ; - jdk.internal.loader.BuiltinClassLoader::loadClass@3
                      ; - java.lang.ClassLoader::loadClass@38
  0x0000027807c0c37c: 0080 97ff 

  0x0000027807c0c380: ;   {other}
  0x0000027807c0c380: 0f1f 8400 | f06d 0091 | ba45 ffff | ff48 8b6c | 2448 4c8b | 9424 b800 | 0000 4c89 | 5424 2044 
  0x0000027807c0c3a0: 8b54 2430 | 4489 5424 | 284c 8b54 | 2440 4c89 | 5424 384c | 8b54 2450 | 4c89 5424 | 4044 895c 
  0x0000027807c0c3c0: 242c 4c8b | 9424 8000 | 0000 4c89 | 5424 6890 

  0x0000027807c0c3d0: ;   {runtime_call UncommonTrapBlob}
  0x0000027807c0c3d0: c5f8 77e8 

  0x0000027807c0c3d4: ; ImmutableOopMap {rbp=Oop [32]=Oop [64]=Oop [104]=Oop [120]=Oop [128]=Oop }
                      ;*ifge {reexecute=1 rethrow=0 return_oop=0}
                      ; - (reexecute) jdk.internal.loader.BuiltinClassLoader::findLoadedModule@8
                      ; - jdk.internal.loader.BuiltinClassLoader::loadClassOrNull@22
                      ; - jdk.internal.loader.BuiltinClassLoader::loadClass@3
                      ; - java.lang.ClassLoader::loadClass@38
  0x0000027807c0c3d4: a87f 97ff 

  0x0000027807c0c3d8: ;   {other}
  0x0000027807c0c3d8: 0f1f 8400 | 486e 0092 | ba45 ffff | ff48 8b6c | 2448 4c8b | 9424 b800 | 0000 4c89 | 5424 2044 
  0x0000027807c0c3f8: 8b4c 2430 | 4489 4c24 | 284c 8b54 | 2440 4c89 | 5424 384c | 8b54 2450 | 4c89 5424 | 4044 895c 
  0x0000027807c0c418: 2460 4489 | 5c24 644c | 8b54 2478 | 4c89 5424 | 684c 8b94 | 2480 0000 | 004c 8954 | 2478 4489 
  0x0000027807c0c438: 8424 8400 | 0000 4489 | 8424 8800 | 0000 6690 

  0x0000027807c0c448: ;   {runtime_call UncommonTrapBlob}
  0x0000027807c0c448: c5f8 77e8 

  0x0000027807c0c44c: ; ImmutableOopMap {rbp=Oop [32]=Oop [64]=Oop [104]=Oop [120]=Oop }
                      ;*if_icmple {reexecute=1 rethrow=0 return_oop=0}
                      ; - (reexecute) jdk.internal.util.Preconditions::checkFromToIndex@11
                      ; - java.lang.String::checkBoundsBeginEnd@6
                      ; - java.lang.String::substring@8
                      ; - jdk.internal.loader.BuiltinClassLoader::findLoadedModule@16
                      ; - jdk.internal.loader.BuiltinClassLoader::loadClassOrNull@22
                      ; - jdk.internal.loader.BuiltinClassLoader::loadClass@3
                      ; - java.lang.ClassLoader::loadClass@38
  0x0000027807c0c44c: 307f 97ff 

  0x0000027807c0c450: ;   {other}
  0x0000027807c0c450: 0f1f 8400 | c06e 0093 | ba76 ffff | ff4c 8b54 | 2448 4c89 | 5424 204c | 8b94 24b8 | 0000 004c 
  0x0000027807c0c470: 8954 2428 | 4c8b 5424 | 504c 8954 | 2448 4c8b | 5424 784c | 8954 2458 | 4c8b 5424 | 684c 8954 
  0x0000027807c0c490: 2460 4c8b | 5424 704c | 8954 2468 | 4c89 9c24 | 9800 0000 

  0x0000027807c0c4a4: ;   {runtime_call UncommonTrapBlob}
  0x0000027807c0c4a4: c5f8 77e8 

  0x0000027807c0c4a8: ; ImmutableOopMap {[32]=Oop [40]=Oop [52]=NarrowOop [72]=Oop [88]=Oop [128]=Oop [152]=Oop [192]=Oop }
                      ;*if_icmpge {reexecute=1 rethrow=0 return_oop=0}
                      ; - (reexecute) java.lang.StringLatin1::replace@61
                      ; - java.lang.String::replace@18
                      ; - java.net.URLClassLoader$1::run@8
                      ; - java.net.URLClassLoader$1::run@1
                      ; - java.security.AccessController::executePrivileged@29
                      ; - java.security.AccessController::doPrivileged@13
                      ; - java.net.URLClassLoader::findClass@13
                      ; - java.lang.ClassLoader::loadClass@69
                      ; - java.lang.ClassLoader::loadClass@38
  0x0000027807c0c4a8: d47e 97ff 

  0x0000027807c0c4ac: ;   {other}
  0x0000027807c0c4ac: 0f1f 8400 | 1c6f 0094 | b901 0000 | 00e9 55bc | ffff 498b | fa49 8bd7 | c5f8 7749 | ba20 a415 
  0x0000027807c0c4cc: 30fb 7f00 | 0041 ffd2 

  0x0000027807c0c4d4: ;   {other}
  0x0000027807c0c4d4: 0f1f 8400 | 0000 0000 | 4c8b d7e9 | a6c5 ffff | ba45 ffff | ff48 8b6c | 2448 448b | 5c24 3044 
  0x0000027807c0c4f4: 895c 2428 | 4c8b 5424 | 404c 8954 | 2438 4c8b | 5424 504c | 8954 2440 | 4c8b 5424 | 784c 8954 
  0x0000027807c0c514: 2450 4c8b | 5424 684c | 8954 2458 | 4c8b 5424 | 704c 8954 | 2460 4c89 | 4424 704c | 894c 2478 
  0x0000027807c0c534: 4c89 8424 | 8000 0000 | 4889 9c24 | 9000 0000 | 894c 242c 

  0x0000027807c0c548: ;   {runtime_call UncommonTrapBlob}
  0x0000027807c0c548: c5f8 77e8 

  0x0000027807c0c54c: ; ImmutableOopMap {rbp=Oop [64]=Oop [80]=Oop [112]=Oop [120]=Oop [128]=Oop [144]=Oop [192]=Oop }
                      ;*iflt {reexecute=1 rethrow=0 return_oop=0}
                      ; - (reexecute) java.lang.StringConcatHelper::checkOverflow@2
                      ; - java.lang.StringConcatHelper::mix@23
                      ; - java.lang.StringConcatHelper::simpleConcat@46
                      ; - java.lang.String::concat@11
                      ; - java.net.URLClassLoader$1::run@13
                      ; - java.net.URLClassLoader$1::run@1
                      ; - java.security.AccessController::executePrivileged@29
                      ; - java.security.AccessController::doPrivileged@13
                      ; - java.net.URLClassLoader::findClass@13
                      ; - java.lang.ClassLoader::loadClass@69
                      ; - java.lang.ClassLoader::loadClass@38
  0x0000027807c0c54c: 307e 97ff 

  0x0000027807c0c550: ;   {other}
  0x0000027807c0c550: 0f1f 8400 | c06f 0095 | ba45 ffff | ff4c 8b54 | 2448 4c89 | 5424 204c | 8b54 2450 | 4c89 5424 
  0x0000027807c0c570: 484c 8b54 | 2478 4c89 | 5424 584c | 8b54 2468 | 4c89 5424 | 604c 8b54 | 2470 4c89 | 5424 684c 
  0x0000027807c0c590: 8944 2478 | 4c89 8424 | 8800 0000 

  0x0000027807c0c59c: ;   {runtime_call UncommonTrapBlob}
  0x0000027807c0c59c: c5f8 77e8 

  0x0000027807c0c5a0: ; ImmutableOopMap {[32]=Oop [72]=Oop [88]=Oop [120]=Oop [128]=Oop [136]=Oop [152]=Oop [192]=Oop }
                      ;*iflt {reexecute=1 rethrow=0 return_oop=0}
                      ; - (reexecute) java.lang.StringConcatHelper::checkOverflow@2
                      ; - java.lang.StringConcatHelper::mix@23
                      ; - java.lang.StringConcatHelper::simpleConcat@54
                      ; - java.lang.String::concat@11
                      ; - java.net.URLClassLoader$1::run@13
                      ; - java.net.URLClassLoader$1::run@1
                      ; - java.security.AccessController::executePrivileged@29
                      ; - java.security.AccessController::doPrivileged@13
                      ; - java.net.URLClassLoader::findClass@13
                      ; - java.lang.ClassLoader::loadClass@69
                      ; - java.lang.ClassLoader::loadClass@38
  0x0000027807c0c5a0: dc7d 97ff 

  0x0000027807c0c5a4: ;   {other}
  0x0000027807c0c5a4: 0f1f 8400 | 1470 0096 | ba45 ffff | ff48 8b6c | 2448 4c8b | 9c24 b800 | 0000 4c89 | 5c24 2044 
  0x0000027807c0c5c4: 8b5c 2430 | 4489 5c24 | 284c 8b5c | 2440 4c89 | 5c24 384c | 8b5c 2450 | 4c89 5c24 | 404c 8b5c 
  0x0000027807c0c5e4: 2478 4c89 | 5c24 504c | 8b5c 2468 | 4c89 5c24 | 584c 8b5c | 2470 4c89 | 5c24 604c | 8b9c 2480 
  0x0000027807c0c604: 0000 004c | 895c 2478 | 4c89 9424 | a000 0000 | 4489 4424 | 2c66 6690 

  0x0000027807c0c61c: ;   {runtime_call UncommonTrapBlob}
  0x0000027807c0c61c: c5f8 77e8 

  0x0000027807c0c620: ; ImmutableOopMap {rbp=Oop [32]=Oop [64]=Oop [80]=Oop [120]=Oop [152]=Oop [160]=Oop [192]=Oop }
                      ;*if_icmpne {reexecute=1 rethrow=0 return_oop=0}
                      ; - (reexecute) java.lang.String::getBytes@5
                      ; - java.lang.StringConcatHelper::prepend@21
                      ; - java.lang.StringConcatHelper::simpleConcat@81
                      ; - java.lang.String::concat@11
                      ; - java.net.URLClassLoader$1::run@13
                      ; - java.net.URLClassLoader$1::run@1
                      ; - java.security.AccessController::executePrivileged@29
                      ; - java.security.AccessController::doPrivileged@13
                      ; - java.net.URLClassLoader::findClass@13
                      ; - java.lang.ClassLoader::loadClass@69
                      ; - java.lang.ClassLoader::loadClass@38
  0x0000027807c0c620: 5c7d 97ff 

  0x0000027807c0c624: ;   {other}
  0x0000027807c0c624: 0f1f 8400 | 9470 0097 | bade ffff | ff4c 8b54 | 2448 4c89 | 5424 204c | 8b94 24b8 | 0000 004c 
  0x0000027807c0c644: 8954 2428 | 4c8b 5424 | 504c 8954 | 2448 48ff | 7424 7848 | 8f44 2468 | 4c8b 9424 | 8000 0000 
  0x0000027807c0c664: 4c89 5424 | 7866 6690 

  0x0000027807c0c66c: ;   {runtime_call UncommonTrapBlob}
  0x0000027807c0c66c: c5f8 77e8 

  0x0000027807c0c670: ; ImmutableOopMap {rbp=NarrowOop [32]=Oop [40]=Oop [72]=Oop [104]=Oop [120]=Oop [128]=Oop }
                      ;*invokevirtual loadClassOrNull {reexecute=0 rethrow=0 return_oop=0}
                      ; - jdk.internal.loader.BuiltinClassLoader::loadClassOrNull@3
                      ; - jdk.internal.loader.BuiltinClassLoader::loadClassOrNull@86
                      ; - jdk.internal.loader.BuiltinClassLoader::loadClass@3
                      ; - java.lang.ClassLoader::loadClass@38
  0x0000027807c0c670: 0c7d 97ff 

  0x0000027807c0c674: ;   {other}
  0x0000027807c0c674: 0f1f 8400 | e470 0098 | ba45 ffff | ff48 8b6c | 2448 448b | 5c24 3044 | 895c 2428 | 4c8b 5424 
  0x0000027807c0c694: 404c 8954 | 2438 4c8b | 5424 504c | 8954 2440 | 4889 7424 | 4848 8974 | 2450 4c8b | 9424 8000 
  0x0000027807c0c6b4: 0000 4c89 | 5424 7090 

  0x0000027807c0c6bc: ;   {runtime_call UncommonTrapBlob}
  0x0000027807c0c6bc: c5f8 77e8 

  0x0000027807c0c6c0: ; ImmutableOopMap {rbp=Oop [64]=Oop [72]=Oop [80]=Oop [112]=Oop [120]=Oop [128]=Oop }
                      ;*ifeq {reexecute=1 rethrow=0 return_oop=0}
                      ; - (reexecute) java.lang.ClassLoader::checkName@8
                      ; - java.lang.ClassLoader::findBootstrapClassOrNull@1
                      ; - java.lang.System$2::findBootstrapClassOrNull@1
                      ; - jdk.internal.loader.ClassLoaders$BootClassLoader::loadClassOrNull@4
                      ; - jdk.internal.loader.BuiltinClassLoader::loadClassOrNull@3
                      ; - jdk.internal.loader.BuiltinClassLoader::loadClassOrNull@86
                      ; - jdk.internal.loader.BuiltinClassLoader::loadClass@3
                      ; - java.lang.ClassLoader::loadClass@38
  0x0000027807c0c6c0: bc7c 97ff 

  0x0000027807c0c6c4: ;   {other}
  0x0000027807c0c6c4: 0f1f 8400 | 3471 0099 | bace ffff | ff4c 8b5c | 2448 4c89 | 5c24 204c | 8b5c 2450 | 4c89 5c24 
  0x0000027807c0c6e4: 4848 8974 | 2450 4889 | 7424 5848 | ff74 2478 | 488f 4424 | 7044 8954 | 2434 6690 

  0x0000027807c0c700: ;   {runtime_call UncommonTrapBlob}
  0x0000027807c0c700: c5f8 77e8 

  0x0000027807c0c704: ; ImmutableOopMap {rbp=NarrowOop [32]=Oop [72]=Oop [80]=Oop [88]=Oop [112]=Oop [128]=Oop }
                      ;*invokestatic indexOfChar {reexecute=0 rethrow=0 return_oop=0}
                      ; - java.lang.StringLatin1::indexOf@33
                      ; - java.lang.String::indexOf@17
                      ; - java.lang.String::indexOf@3
                      ; - java.lang.ClassLoader::checkName@16
                      ; - java.lang.ClassLoader::findBootstrapClassOrNull@1
                      ; - java.lang.System$2::findBootstrapClassOrNull@1
                      ; - jdk.internal.loader.ClassLoaders$BootClassLoader::loadClassOrNull@4
                      ; - jdk.internal.loader.BuiltinClassLoader::loadClassOrNull@3
                      ; - jdk.internal.loader.BuiltinClassLoader::loadClassOrNull@86
                      ; - jdk.internal.loader.BuiltinClassLoader::loadClass@3
                      ; - java.lang.ClassLoader::loadClass@38
  0x0000027807c0c704: 787c 97ff 

  0x0000027807c0c708: ;   {other}
  0x0000027807c0c708: 0f1f 8400 | 7871 009a | ba45 ffff | ff48 8b6c | 2448 8b4c | 2430 894c | 2428 4c8b | 5424 404c 
  0x0000027807c0c728: 8954 2438 | 4c8b 5424 | 504c 8954 | 2440 4c8b | 5424 784c | 8954 2450 | 4c8b 5424 | 684c 8954 
  0x0000027807c0c748: 2458 4c8b | 5424 704c | 8954 2460 | 4c89 4424 | 704c 894c | 2478 4c89 | 8424 8000 | 0000 4889 
  0x0000027807c0c768: 9c24 9000 | 0000 4889 | bc24 9800 | 0000 4489 | 5c24 2c90 

  0x0000027807c0c77c: ;   {runtime_call UncommonTrapBlob}
  0x0000027807c0c77c: c5f8 77e8 

  0x0000027807c0c780: ; ImmutableOopMap {rbp=Oop [64]=Oop [80]=Oop [112]=Oop [120]=Oop [128]=Oop [144]=Oop [192]=Oop }
                      ;*if_icmpne {reexecute=1 rethrow=0 return_oop=0}
                      ; - (reexecute) java.lang.StringConcatHelper::mix@13
                      ; - java.lang.StringConcatHelper::simpleConcat@46
                      ; - java.lang.String::concat@11
                      ; - java.net.URLClassLoader$1::run@13
                      ; - java.net.URLClassLoader$1::run@1
                      ; - java.security.AccessController::executePrivileged@29
                      ; - java.security.AccessController::doPrivileged@13
                      ; - java.net.URLClassLoader::findClass@13
                      ; - java.lang.ClassLoader::loadClass@69
                      ; - java.lang.ClassLoader::loadClass@38
  0x0000027807c0c780: fc7b 97ff 

  0x0000027807c0c784: ;   {other}
  0x0000027807c0c784: 0f1f 8400 | f471 009b | ba45 ffff | ff48 8b6c | 2448 448b | 5424 3044 | 8954 2428 | 4c8b 5424 
  0x0000027807c0c7a4: 404c 8954 | 2438 4c8b | 5424 504c | 8954 2440 | 4c8b 5424 | 784c 8954 | 2450 4c8b | 5424 684c 
  0x0000027807c0c7c4: 8954 2458 | 4c8b 5424 | 704c 8954 | 2460 4c89 | 4424 704c | 894c 2478 | 4c89 8424 | 8000 0000 
  0x0000027807c0c7e4: 4c89 9c24 | a000 0000 

  0x0000027807c0c7ec: ;   {runtime_call UncommonTrapBlob}
  0x0000027807c0c7ec: c5f8 77e8 

  0x0000027807c0c7f0: ; ImmutableOopMap {rbp=Oop [64]=Oop [80]=Oop [112]=Oop [120]=Oop [128]=Oop [152]=Oop [192]=Oop }
                      ;*ifge {reexecute=1 rethrow=0 return_oop=0}
                      ; - (reexecute) java.lang.StringConcatHelper::newArray@13
                      ; - java.lang.StringConcatHelper::simpleConcat@61
                      ; - java.lang.String::concat@11
                      ; - java.net.URLClassLoader$1::run@13
                      ; - java.net.URLClassLoader$1::run@1
                      ; - java.security.AccessController::executePrivileged@29
                      ; - java.security.AccessController::doPrivileged@13
                      ; - java.net.URLClassLoader::findClass@13
                      ; - java.lang.ClassLoader::loadClass@69
                      ; - java.lang.ClassLoader::loadClass@38
  0x0000027807c0c7f0: 8c7b 97ff 

  0x0000027807c0c7f4: ;   {other}
  0x0000027807c0c7f4: 0f1f 8400 | 6472 009c | bade ffff | ff4c 8b54 | 2448 4c89 | 5424 204c | 8b94 24b8 | 0000 004c 
  0x0000027807c0c814: 8954 2428 | 4c8b 5424 | 504c 8954 | 2448 4c8b | 5424 784c | 8954 2470 | 4c8b 9424 | a800 0000 
  0x0000027807c0c834: 4c89 9424 | 9800 0000 

  0x0000027807c0c83c: ;   {runtime_call UncommonTrapBlob}
  0x0000027807c0c83c: c5f8 77e8 

  0x0000027807c0c840: ; ImmutableOopMap {rbp=NarrowOop [32]=Oop [40]=Oop [72]=Oop [112]=Oop [152]=Oop [160]=Oop [168]=Oop [192]=Oop }
                      ;*invokevirtual loadClassOrNull {reexecute=0 rethrow=0 return_oop=0}
                      ; - jdk.internal.loader.BuiltinClassLoader::loadClassOrNull@3
                      ; - jdk.internal.loader.BuiltinClassLoader::loadClassOrNull@66
                      ; - jdk.internal.loader.BuiltinClassLoader::loadClass@3
                      ; - java.lang.ClassLoader::loadClass@38
                      ; - java.lang.ClassLoader::loadClass@38
  0x0000027807c0c840: 3c7b 97ff 

  0x0000027807c0c844: ;   {other}
  0x0000027807c0c844: 0f1f 8400 | b472 009d | ba45 ffff | ff48 8b6c | 2448 448b | 5c24 3044 | 895c 2428 | 4c8b 5424 
  0x0000027807c0c864: 404c 8954 | 2438 4c8b | 5424 504c | 8954 2440 | 4c89 4c24 | 504c 8b54 | 2478 4c89 | 5424 584c 
  0x0000027807c0c884: 8b54 2468 | 4c89 5424 | 604c 894c | 2470 4c8b | 9424 a800 | 0000 4c89 | 9424 9000 | 0000 6690 
  0x0000027807c0c8a4: ;   {runtime_call UncommonTrapBlob}
  0x0000027807c0c8a4: c5f8 77e8 

  0x0000027807c0c8a8: ; ImmutableOopMap {rbp=Oop [64]=Oop [80]=Oop [88]=Oop [112]=Oop [144]=Oop [160]=Oop [168]=Oop [192]=Oop }
                      ;*ifeq {reexecute=1 rethrow=0 return_oop=0}
                      ; - (reexecute) java.lang.ClassLoader::checkName@8
                      ; - java.lang.ClassLoader::findBootstrapClassOrNull@1
                      ; - java.lang.System$2::findBootstrapClassOrNull@1
                      ; - jdk.internal.loader.ClassLoaders$BootClassLoader::loadClassOrNull@4
                      ; - jdk.internal.loader.BuiltinClassLoader::loadClassOrNull@3
                      ; - jdk.internal.loader.BuiltinClassLoader::loadClassOrNull@66
                      ; - jdk.internal.loader.BuiltinClassLoader::loadClass@3
                      ; - java.lang.ClassLoader::loadClass@38
                      ; - java.lang.ClassLoader::loadClass@38
  0x0000027807c0c8a8: d47a 97ff 

  0x0000027807c0c8ac: ;   {other}
  0x0000027807c0c8ac: 0f1f 8400 | 1c73 009e | bace ffff | ff4c 8b5c | 2448 4c89 | 5c24 204c | 8b5c 2450 | 4c89 5c24 
  0x0000027807c0c8cc: 484c 894c | 2458 4c8b | 5c24 784c | 895c 2470 | 4c89 4c24 | 7848 ffb4 | 24a0 0000 | 0048 8f84 
  0x0000027807c0c8ec: 2490 0000 | 004c 8b9c | 24a8 0000 | 004c 899c | 24a0 0000 | 0044 8954 | 2434 6690 

  0x0000027807c0c908: ;   {runtime_call UncommonTrapBlob}
  0x0000027807c0c908: c5f8 77e8 

  0x0000027807c0c90c: ; ImmutableOopMap {rbp=NarrowOop [32]=Oop [72]=Oop [88]=Oop [112]=Oop [120]=Oop [144]=Oop [160]=Oop [168]=Oop [192]=Oop }
                      ;*invokestatic indexOfChar {reexecute=0 rethrow=0 return_oop=0}
                      ; - java.lang.StringLatin1::indexOf@33
                      ; - java.lang.String::indexOf@17
                      ; - java.lang.String::indexOf@3
                      ; - java.lang.ClassLoader::checkName@16
                      ; - java.lang.ClassLoader::findBootstrapClassOrNull@1
                      ; - java.lang.System$2::findBootstrapClassOrNull@1
                      ; - jdk.internal.loader.ClassLoaders$BootClassLoader::loadClassOrNull@4
                      ; - jdk.internal.loader.BuiltinClassLoader::loadClassOrNull@3
                      ; - jdk.internal.loader.BuiltinClassLoader::loadClassOrNull@66
                      ; - jdk.internal.loader.BuiltinClassLoader::loadClass@3
                      ; - java.lang.ClassLoader::loadClass@38
                      ; - java.lang.ClassLoader::loadClass@38
  0x0000027807c0c90c: 707a 97ff 

  0x0000027807c0c910: ;   {other}
  0x0000027807c0c910: 0f1f 8400 | 8073 009f | 4c89 4424 | 284c 899c | 2488 0000 | 0044 8994 | 2480 0000 | 0044 8bcd 
  0x0000027807c0c930: 4d63 d24d | 8bc2 e983 | a5ff ff4d | 8d53 fe49 | 8bca 488b | fa48 33c0 | 4883 f908 | 7f10 48ff 
  0x0000027807c0c950: c978 4f48 | 8904 cf48 | ffc9 7df7 | eb44 c5fd | efc0 e90d | 0000 00c5 | fe7f 07c5 | fe7f 4720 
  0x0000027807c0c970: 4883 c740 | 4883 e908 | 7ded 4883 | c104 7c0c | c5fe 7f07 | 4883 c720 | 4883 e904 | 4883 c104 
  0x0000027807c0c990: 7e10 48ff | c9c5 f9d6 | 0748 83c7 | 0848 ffc9 | 7df3 e911 | a6ff ffba | ccff ffff | 488b 6c24 
  0x0000027807c0c9b0: 484c 8b94 | 24b8 0000 | 004c 8954 | 2420 448b | 5424 3044 | 8954 2428 | 4c8b 5424 | 404c 8954 
  0x0000027807c0c9d0: 2438 4c8b | 5424 504c | 8954 2440 | 4c8b 5424 | 784c 8954 | 2458 4c8b | 5424 684c | 8954 2460 
  0x0000027807c0c9f0: 4489 4c24 | 2c4c 8b94 | 24a0 0000 | 004c 8994 | 2490 0000 | 004c 8b94 | 24a8 0000 

  0x0000027807c0ca0c: ;   {no_reloc}
  0x0000027807c0ca0c: 004c 8994 | 24a0 0000 | 0066 6690 

  0x0000027807c0ca18: ;   {runtime_call UncommonTrapBlob}
  0x0000027807c0ca18: c5f8 77e8 

  0x0000027807c0ca1c: ; ImmutableOopMap {rbp=Oop [32]=Oop [44]=NarrowOop [64]=Oop [88]=Oop [136]=Oop [144]=Oop [160]=Oop [192]=Oop }
                      ;*newarray {reexecute=1 rethrow=0 return_oop=0}
                      ; - (reexecute) java.util.Arrays::copyOfRangeByte@10
                      ; - java.util.Arrays::copyOfRange@13
                      ; - java.lang.StringLatin1::newString@16
                      ; - java.lang.String::substring@41
                      ; - jdk.internal.loader.BuiltinClassLoader::findLoadedModule@16
                      ; - jdk.internal.loader.BuiltinClassLoader::loadClassOrNull@22
                      ; - jdk.internal.loader.BuiltinClassLoader::loadClass@3
                      ; - java.lang.ClassLoader::loadClass@38
                      ; - java.lang.ClassLoader::loadClass@38
  0x0000027807c0ca1c: 6079 97ff 

  0x0000027807c0ca20: ;   {other}
  0x0000027807c0ca20: 0f1f 8400 | 9074 00a0 | 33ed 4585 | db40 0f94 | c5ba 45ff | ffff 4c8b | 5424 484c | 8954 2420 
  0x0000027807c0ca40: 4c8b 5424 | 504c 8954 | 2448 4889 | 7424 5048 | 8974 2458 | 48ff 7424 | 7848 8f44 | 2470 6690 
  0x0000027807c0ca60: ;   {runtime_call UncommonTrapBlob}
  0x0000027807c0ca60: c5f8 77e8 

  0x0000027807c0ca64: ; ImmutableOopMap {[32]=Oop [72]=Oop [80]=Oop [88]=Oop [112]=Oop [128]=Oop }
                      ;*ifeq {reexecute=1 rethrow=0 return_oop=0}
                      ; - (reexecute) java.lang.String::indexOf@4
                      ; - java.lang.String::indexOf@3
                      ; - java.lang.ClassLoader::checkName@16
                      ; - java.lang.ClassLoader::findBootstrapClassOrNull@1
                      ; - java.lang.System$2::findBootstrapClassOrNull@1
                      ; - jdk.internal.loader.ClassLoaders$BootClassLoader::loadClassOrNull@4
                      ; - jdk.internal.loader.BuiltinClassLoader::loadClassOrNull@3
                      ; - jdk.internal.loader.BuiltinClassLoader::loadClassOrNull@66
                      ; - jdk.internal.loader.BuiltinClassLoader::loadClass@3
                      ; - java.lang.ClassLoader::loadClass@38
  0x0000027807c0ca64: 1879 97ff 

  0x0000027807c0ca68: ;   {other}
  0x0000027807c0ca68: 0f1f 8400 | d874 00a1 | ba45 ffff | ff48 8b6c | 2448 448b | 5c24 3044 | 895c 2428 | 4c8b 5424 
  0x0000027807c0ca88: 404c 8954 | 2438 4c8b | 5424 504c | 8954 2440 | 4889 7424 | 4848 8974 | 2450 4c8b | 9424 8000 
  0x0000027807c0caa8: 0000 4c89 | 5424 6889 | 5c24 2c90 

  0x0000027807c0cab4: ;   {runtime_call UncommonTrapBlob}
  0x0000027807c0cab4: c5f8 77e8 

  0x0000027807c0cab8: ; ImmutableOopMap {rbp=Oop [64]=Oop [72]=Oop [80]=Oop [104]=Oop [120]=Oop [128]=Oop }
                      ;*if_icmpne {reexecute=1 rethrow=0 return_oop=0}
                      ; - (reexecute) java.lang.ClassLoader::checkName@20
                      ; - java.lang.ClassLoader::findBootstrapClassOrNull@1
                      ; - java.lang.System$2::findBootstrapClassOrNull@1
                      ; - jdk.internal.loader.ClassLoaders$BootClassLoader::loadClassOrNull@4
                      ; - jdk.internal.loader.BuiltinClassLoader::loadClassOrNull@3
                      ; - jdk.internal.loader.BuiltinClassLoader::loadClassOrNull@66
                      ; - jdk.internal.loader.BuiltinClassLoader::loadClass@3
                      ; - java.lang.ClassLoader::loadClass@38
  0x0000027807c0cab8: c478 97ff 

  0x0000027807c0cabc: ;   {other}
  0x0000027807c0cabc: 0f1f 8400 | 2c75 00a2 | 4c89 4424 | 284c 899c | 24d8 0000 | 0089 ac24 | a800 0000 | 458b ca4c 
  0x0000027807c0cadc: 63d5 e9e9 | aeff ff49 | 83c2 fe49 | 8bca 488b | fa48 33c0 | 4883 f908 | 7f10 48ff | c978 4f48 
  0x0000027807c0cafc: 8904 cf48 | ffc9 7df7 | eb44 c5fd | efc0 e90d | 0000 00c5 | fe7f 07c5 | fe7f 4720 | 4883 c740 
  0x0000027807c0cb1c: 4883 e908 | 7ded 4883 | c104 7c0c | c5fe 7f07 | 4883 c720 | 4883 e904 | 4883 c104 | 7e10 48ff 
  0x0000027807c0cb3c: c9c5 f9d6 | 0748 83c7 | 0848 ffc9 | 7df3 e96c | afff ffba | ccff ffff | 488b 6c24 | 484c 8b94 
  0x0000027807c0cb5c: 24b8 0000 | 004c 8954 | 2420 448b | 5424 3044 | 8954 2428 | 4c8b 5424 | 404c 8954 | 2438 4c8b 
  0x0000027807c0cb7c: 5424 504c | 8954 2440 | 4c8b 5424 | 784c 8954 | 2450 4c8b | 5424 684c | 8954 2458 | 4c8b 5424 
  0x0000027807c0cb9c: 704c 8954 | 2460 4c8b | 9424 8000 | 0000 4c89 | 5424 784c | 8b94 24a0 | 0000 004c 

  0x0000027807c0cbb8: ;   {no_reloc}
  0x0000027807c0cbb8: 8994 2480 | 0000 004c | 8b94 24c0 | 0000 004c | 8994 2488 | 0000 0044 | 894c 242c | 4489 8424 
  0x0000027807c0cbd8: a400 0000 | 4c8b 9424 | c000 0000 | 4c89 9424 | b000 0000 | 4c8b 9424 | c800 0000 | 4c89 9424 
  0x0000027807c0cbf8: b800 0000 | 448b 9424 | d000 0000 | 4489 9424 | c000 0000 

  0x0000027807c0cc0c: ;   {runtime_call UncommonTrapBlob}
  0x0000027807c0cc0c: c5f8 77e8 

  0x0000027807c0cc10: ; ImmutableOopMap {rbp=Oop [32]=Oop [44]=NarrowOop [64]=Oop [80]=Oop [120]=Oop [128]=Oop [136]=Oop [176]=Oop [192]=NarrowOop [216]=Oop }
                      ;*newarray {reexecute=1 rethrow=0 return_oop=0}
                      ; - (reexecute) java.util.Arrays::copyOfRangeByte@10
                      ; - java.util.Arrays::copyOfRange@13
                      ; - java.lang.StringLatin1::newString@16
                      ; - java.lang.String::substring@41
                      ; - java.net.URLClassLoader::defineClass@28
                      ; - java.net.URLClassLoader$1::run@43
                      ; - java.net.URLClassLoader$1::run@1
                      ; - java.security.AccessController::executePrivileged@29
                      ; - java.security.AccessController::doPrivileged@13
                      ; - java.net.URLClassLoader::findClass@13
                      ; - java.lang.ClassLoader::loadClass@69
                      ; - java.lang.ClassLoader::loadClass@38
  0x0000027807c0cc10: 6c77 97ff 

  0x0000027807c0cc14: ;   {other}
  0x0000027807c0cc14: 0f1f 8400 | 8476 00a3 | ba45 ffff | ff4c 8b54 | 2448 4c89 | 5424 204c | 8b54 2450 | 4c89 5424 
  0x0000027807c0cc34: 4848 8974 | 2450 4889 | 7424 584c | 8b94 2480 | 0000 004c | 8954 2470 

  0x0000027807c0cc4c: ;   {runtime_call UncommonTrapBlob}
  0x0000027807c0cc4c: c5f8 77e8 

  0x0000027807c0cc50: ; ImmutableOopMap {[32]=Oop [72]=Oop [80]=Oop [88]=Oop [112]=Oop [120]=Oop [128]=Oop }
                      ;*if_icmpne {reexecute=1 rethrow=0 return_oop=0}
                      ; - (reexecute) java.lang.ClassLoader::checkName@30
                      ; - java.lang.ClassLoader::findBootstrapClassOrNull@1
                      ; - java.lang.System$2::findBootstrapClassOrNull@1
                      ; - jdk.internal.loader.ClassLoaders$BootClassLoader::loadClassOrNull@4
                      ; - jdk.internal.loader.BuiltinClassLoader::loadClassOrNull@3
                      ; - jdk.internal.loader.BuiltinClassLoader::loadClassOrNull@66
                      ; - jdk.internal.loader.BuiltinClassLoader::loadClass@3
                      ; - java.lang.ClassLoader::loadClass@38
  0x0000027807c0cc50: 2c77 97ff 

  0x0000027807c0cc54: ;   {other}
  0x0000027807c0cc54: 0f1f 8400 | c476 00a4 | 33ed 4585 | d240 0f94 | c5ba 45ff | ffff 4c8b | 5424 484c | 8954 2420 
  0x0000027807c0cc74: 4c8b 5424 | 504c 8954 | 2448 4c89 | 4c24 584c | 8b54 2478 | 4c89 5424 | 704c 894c | 2478 4c89 
  0x0000027807c0cc94: 8424 b000 | 0000 6690 

  0x0000027807c0cc9c: ;   {runtime_call UncommonTrapBlob}
  0x0000027807c0cc9c: c5f8 77e8 

  0x0000027807c0cca0: ; ImmutableOopMap {[32]=Oop [72]=Oop [88]=Oop [112]=Oop [120]=Oop [160]=Oop [176]=Oop [192]=Oop }
                      ;*ifeq {reexecute=1 rethrow=0 return_oop=0}
                      ; - (reexecute) java.lang.String::indexOf@4
                      ; - java.lang.String::indexOf@3
                      ; - java.lang.ClassLoader::checkName@16
                      ; - java.lang.ClassLoader::findLoadedClass@1
                      ; - jdk.internal.loader.BuiltinClassLoader::loadClassOrNull@10
                      ; - jdk.internal.loader.BuiltinClassLoader::loadClass@3
                      ; - java.lang.ClassLoader::loadClass@38
                      ; - java.lang.ClassLoader::loadClass@38
  0x0000027807c0cca0: dc76 97ff 

  0x0000027807c0cca4: ;   {other}
  0x0000027807c0cca4: 0f1f 8400 | 1477 00a5 | 33ed 4585 | d240 0f94 | c5ba 45ff | ffff 4c8b | 5424 484c | 8954 2420 
  0x0000027807c0ccc4: 4c8b 5424 | 584c 8954 | 2428 4c8b | 5424 504c | 8954 2448 | 4c8b 5424 | 784c 8954 | 2470 4c8b 
  0x0000027807c0cce4: 9424 a000 | 0000 4c89 | 9424 9800 | 0000 4489 | 4424 3490 

  0x0000027807c0ccf8: ;   {runtime_call UncommonTrapBlob}
  0x0000027807c0ccf8: c5f8 77e8 

  0x0000027807c0ccfc: ; ImmutableOopMap {[32]=Oop [40]=Oop [72]=Oop [112]=Oop [152]=Oop [168]=Oop [192]=Oop }
                      ;*ifeq {reexecute=1 rethrow=0 return_oop=0}
                      ; - (reexecute) java.lang.String::lastIndexOf@4
                      ; - java.lang.String::lastIndexOf@8
                      ; - jdk.internal.loader.BuiltinClassLoader::findLoadedModule@3
                      ; - jdk.internal.loader.BuiltinClassLoader::loadClassOrNull@22
                      ; - jdk.internal.loader.BuiltinClassLoader::loadClass@3
                      ; - java.lang.ClassLoader::loadClass@38
                      ; - java.lang.ClassLoader::loadClass@38
  0x0000027807c0ccfc: 8076 97ff 

  0x0000027807c0cd00: ;   {other}
  0x0000027807c0cd00: 0f1f 8400 | 7077 00a6 | ba45 ffff | ff48 8b6c | 2448 448b | 5424 3044 | 8954 2428 | 4c8b 5424 
  0x0000027807c0cd20: 404c 8954 | 2438 4c8b | 5424 504c | 8954 2440 | 4c89 4c24 | 504c 8b54 | 2478 4c89 | 5424 584c 
  0x0000027807c0cd40: 8b54 2468 | 4c89 5424 | 604c 894c | 2470 4c89 | 8424 9800 | 0000 895c | 242c 6690 

  0x0000027807c0cd5c: ;   {runtime_call UncommonTrapBlob}
  0x0000027807c0cd5c: c5f8 77e8 

  0x0000027807c0cd60: ; ImmutableOopMap {rbp=Oop [64]=Oop [80]=Oop [88]=Oop [112]=Oop [152]=Oop [160]=Oop [192]=Oop }
                      ;*if_icmpne {reexecute=1 rethrow=0 return_oop=0}
                      ; - (reexecute) java.lang.ClassLoader::checkName@20
                      ; - java.lang.ClassLoader::findLoadedClass@1
                      ; - jdk.internal.loader.BuiltinClassLoader::loadClassOrNull@10
                      ; - jdk.internal.loader.BuiltinClassLoader::loadClass@3
                      ; - java.lang.ClassLoader::loadClass@38
                      ; - java.lang.ClassLoader::loadClass@38
  0x0000027807c0cd60: 1c76 97ff 

  0x0000027807c0cd64: ;   {other}
  0x0000027807c0cd64: 0f1f 8400 | d477 00a7 | ba45 ffff | ff48 8b6c | 2448 4c8b | 9c24 b800 | 0000 4c89 | 5c24 2044 
  0x0000027807c0cd84: 8b5c 2430 | 4489 5c24 | 284c 8b5c | 2440 4c89 | 5c24 384c | 8b5c 2450 | 4c89 5c24 | 404c 8b5c 
  0x0000027807c0cda4: 2478 4c89 | 5c24 584c | 8b5c 2468 | 4c89 5c24 | 604c 8b9c | 24a8 0000 | 004c 899c | 2490 0000 
  0x0000027807c0cdc4: 0044 8954 | 242c 6690 

  0x0000027807c0cdcc: ;   {runtime_call UncommonTrapBlob}
  0x0000027807c0cdcc: c5f8 77e8 

  0x0000027807c0cdd0: ; ImmutableOopMap {rbp=Oop [32]=Oop [64]=Oop [88]=Oop [144]=Oop [160]=Oop [168]=Oop [192]=Oop }
                      ;*ifle {reexecute=1 rethrow=0 return_oop=0}
                      ; - (reexecute) java.util.concurrent.ConcurrentHashMap::get@23
                      ; - jdk.internal.loader.BuiltinClassLoader::findLoadedModule@24
                      ; - jdk.internal.loader.BuiltinClassLoader::loadClassOrNull@22
                      ; - jdk.internal.loader.BuiltinClassLoader::loadClass@3
                      ; - java.lang.ClassLoader::loadClass@38
                      ; - java.lang.ClassLoader::loadClass@38
  0x0000027807c0cdd0: ac75 97ff 

  0x0000027807c0cdd4: ;   {other}
  0x0000027807c0cdd4: 0f1f 8400 | 4478 00a8 | ba45 ffff | ff4c 8b54 | 2448 4c89 | 5424 204c | 8b54 2450 | 4c89 5424 
  0x0000027807c0cdf4: 484c 8b54 | 2478 4c89 | 5424 704c | 899c 2490 | 0000 0090 

  0x0000027807c0ce08: ;   {runtime_call UncommonTrapBlob}
  0x0000027807c0ce08: c5f8 77e8 

  0x0000027807c0ce0c: ; ImmutableOopMap {rbp=NarrowOop [32]=Oop [40]=Oop [72]=Oop [112]=Oop [144]=Oop [192]=Oop }
                      ;*ifnull {reexecute=1 rethrow=0 return_oop=0}
                      ; - (reexecute) java.lang.ClassLoader::getClassLoadingLock@6
                      ; - jdk.internal.loader.BuiltinClassLoader::loadClassOrNull@2
                      ; - jdk.internal.loader.BuiltinClassLoader::loadClass@3
                      ; - java.lang.ClassLoader::loadClass@38
                      ; - java.lang.ClassLoader::loadClass@38
  0x0000027807c0ce0c: 7075 97ff 

  0x0000027807c0ce10: ;   {other}
  0x0000027807c0ce10: 0f1f 8400 | 8078 00a9 | ba45 ffff | ff4c 8b54 | 2448 4c89 | 5424 204c | 8b54 2450 | 4c89 5424 
  0x0000027807c0ce30: 484c 894c | 2458 4c8b | 5424 784c | 8954 2470 | 4c89 4c24 | 784c 8984 | 24a8 0000 | 0066 6690 
  0x0000027807c0ce50: ;   {runtime_call UncommonTrapBlob}
  0x0000027807c0ce50: c5f8 77e8 

  0x0000027807c0ce54: ; ImmutableOopMap {[32]=Oop [72]=Oop [88]=Oop [112]=Oop [120]=Oop [160]=Oop [168]=Oop [192]=Oop }
                      ;*if_icmpne {reexecute=1 rethrow=0 return_oop=0}
                      ; - (reexecute) java.lang.ClassLoader::checkName@30
                      ; - java.lang.ClassLoader::findLoadedClass@1
                      ; - jdk.internal.loader.BuiltinClassLoader::loadClassOrNull@10
                      ; - jdk.internal.loader.BuiltinClassLoader::loadClass@3
                      ; - java.lang.ClassLoader::loadClass@38
                      ; - java.lang.ClassLoader::loadClass@38
  0x0000027807c0ce54: 2875 97ff 

  0x0000027807c0ce58: ;   {other}
  0x0000027807c0ce58: 0f1f 8400 | c878 00aa | ba45 ffff | ff48 8b6c | 2448 4c8b | 9c24 b800 | 0000 4c89 | 5c24 2044 
  0x0000027807c0ce78: 8b5c 2430 | 4489 5c24 | 284c 8b5c | 2440 4c89 | 5c24 384c | 8b5c 2450 | 4c89 5c24 | 404c 8b5c 
  0x0000027807c0ce98: 2478 4c89 | 5c24 584c | 8b5c 2468 | 4c89 5c24 | 6044 8954 | 242c 4c8b | 9424 a800 | 0000 4c89 
  0x0000027807c0ceb8: 9424 9000 | 0000 6690 

  0x0000027807c0cec0: ;   {runtime_call UncommonTrapBlob}
  0x0000027807c0cec0: c5f8 77e8 

  0x0000027807c0cec4: ; ImmutableOopMap {rbp=Oop [32]=Oop [64]=Oop [88]=Oop [144]=Oop [160]=Oop [168]=Oop [192]=Oop }
                      ;*ifge {reexecute=1 rethrow=0 return_oop=0}
                      ; - (reexecute) jdk.internal.loader.BuiltinClassLoader::findLoadedModule@8
                      ; - jdk.internal.loader.BuiltinClassLoader::loadClassOrNull@22
                      ; - jdk.internal.loader.BuiltinClassLoader::loadClass@3
                      ; - java.lang.ClassLoader::loadClass@38
                      ; - java.lang.ClassLoader::loadClass@38
  0x0000027807c0cec4: b874 97ff 

  0x0000027807c0cec8: ;   {other}
  0x0000027807c0cec8: 0f1f 8400 | 3879 00ab | ba45 ffff | ff48 8b6c | 2448 4c8b | 9c24 b800 | 0000 4c89 | 5c24 2044 
  0x0000027807c0cee8: 8b44 2430 | 4489 4424 | 284c 8b5c | 2440 4c89 | 5c24 384c | 8b5c 2450 | 4c89 5c24 | 404c 8b5c 
  0x0000027807c0cf08: 2478 4c89 | 5c24 584c | 8b5c 2468 | 4c89 5c24 | 6044 8994 | 2488 0000 | 0044 8994 | 248c 0000 
  0x0000027807c0cf28: 004c 8b94 | 24a0 0000 | 004c 8994 | 2490 0000 | 004c 8b94 | 24a8 0000 | 004c 8994 | 24a0 0000 
  0x0000027807c0cf48: 0044 898c | 24ac 0000 | 0044 898c | 24b0 0000 | 0066 6690 

  0x0000027807c0cf5c: ;   {runtime_call UncommonTrapBlob}
  0x0000027807c0cf5c: c5f8 77e8 

  0x0000027807c0cf60: ; ImmutableOopMap {rbp=Oop [32]=Oop [64]=Oop [88]=Oop [144]=Oop [160]=Oop [192]=Oop }
                      ;*if_icmple {reexecute=1 rethrow=0 return_oop=0}
                      ; - (reexecute) jdk.internal.util.Preconditions::checkFromToIndex@11
                      ; - java.lang.String::checkBoundsBeginEnd@6
                      ; - java.lang.String::substring@8
                      ; - jdk.internal.loader.BuiltinClassLoader::findLoadedModule@16
                      ; - jdk.internal.loader.BuiltinClassLoader::loadClassOrNull@22
                      ; - jdk.internal.loader.BuiltinClassLoader::loadClass@3
                      ; - java.lang.ClassLoader::loadClass@38
                      ; - java.lang.ClassLoader::loadClass@38
  0x0000027807c0cf60: 1c74 97ff 

  0x0000027807c0cf64: ;   {other}
  0x0000027807c0cf64: 0f1f 8400 | d479 00ac | 33ed 4585 | d240 0f94 | c5ba 45ff | ffff 4c8b | 5424 484c | 8954 2420 
  0x0000027807c0cf84: 4c8b 5424 | 604c 8954 | 2428 4c8b | 5424 504c | 8954 2448 | 4c8b 5424 | 684c 8954 | 2460 4c8b 
  0x0000027807c0cfa4: 5424 704c | 8954 2468 | 4c8b 9424 | c000 0000 | 4c89 9424 | 9000 0000 | 4889 9c24 | a000 0000 
  0x0000027807c0cfc4: 4c8b 9424 | c000 0000 | 4c89 9424 | b800 0000 | 4489 4424 | 3466 6690 

  0x0000027807c0cfdc: ;   {runtime_call UncommonTrapBlob}
  0x0000027807c0cfdc: c5f8 77e8 

  0x0000027807c0cfe0: ; ImmutableOopMap {[32]=Oop [40]=Oop [72]=Oop [88]=Oop [128]=Oop [144]=Oop [160]=Oop [184]=Oop }
                      ;*ifeq {reexecute=1 rethrow=0 return_oop=0}
                      ; - (reexecute) java.lang.String::lastIndexOf@4
                      ; - java.lang.String::lastIndexOf@8
                      ; - java.net.URLClassLoader::defineClass@7
                      ; - java.net.URLClassLoader$1::run@43
                      ; - java.net.URLClassLoader$1::run@1
                      ; - java.security.AccessController::executePrivileged@29
                      ; - java.security.AccessController::doPrivileged@13
                      ; - java.net.URLClassLoader::findClass@13
                      ; - java.lang.ClassLoader::loadClass@69
                      ; - java.lang.ClassLoader::loadClass@38
  0x0000027807c0cfe0: 9c73 97ff 

  0x0000027807c0cfe4: ;   {other}
  0x0000027807c0cfe4: 0f1f 8400 | 547a 00ad | ba45 ffff | ff4c 8b54 | 2448 4c89 | 5424 204c | 8b94 24b8 | 0000 004c 
  0x0000027807c0d004: 8954 2428 | 4c8b 5424 | 504c 8954 | 2448 4c8b | 5424 784c | 8954 2458 | 4c8b 5424 | 684c 8954 
  0x0000027807c0d024: 2460 4c8b | 5424 704c | 8954 2468 | 4889 9c24 | a000 0000 | 4489 9c24 | b400 0000 | 4489 8c24 
  0x0000027807c0d044: d400 0000 

  0x0000027807c0d048: ;   {runtime_call UncommonTrapBlob}
  0x0000027807c0d048: c5f8 77e8 

  0x0000027807c0d04c: ; ImmutableOopMap {[32]=Oop [40]=Oop [72]=Oop [88]=Oop [128]=Oop [160]=Oop [180]=NarrowOop [192]=Oop }
                      ;*if_icmpgt {reexecute=1 rethrow=0 return_oop=0}
                      ; - (reexecute) jdk.internal.util.Preconditions::checkFromToIndex@6
                      ; - java.lang.String::checkBoundsBeginEnd@6
                      ; - java.lang.String::substring@8
                      ; - java.net.URLClassLoader::defineClass@28
                      ; - java.net.URLClassLoader$1::run@43
                      ; - java.net.URLClassLoader$1::run@1
                      ; - java.security.AccessController::executePrivileged@29
                      ; - java.security.AccessController::doPrivileged@13
                      ; - java.net.URLClassLoader::findClass@13
                      ; - java.lang.ClassLoader::loadClass@69
                      ; - java.lang.ClassLoader::loadClass@38
  0x0000027807c0d04c: 3073 97ff 

  0x0000027807c0d050: ;   {other}
  0x0000027807c0d050: 0f1f 8400 | c07a 00ae | ba45 ffff | ff4c 8b54 | 2448 4c89 | 5424 204c | 8b94 24b8 | 0000 004c 
  0x0000027807c0d070: 8954 2428 | 4c8b 5424 | 504c 8954 | 2448 4c8b | 5424 784c | 8954 2458 | 4c8b 5424 | 684c 8954 
  0x0000027807c0d090: 2460 4c8b | 5424 704c | 8954 2468 | 4889 9c24 | a000 0000 | 4489 5c24 | 3466 6690 

  0x0000027807c0d0ac: ;   {runtime_call UncommonTrapBlob}
  0x0000027807c0d0ac: c5f8 77e8 

  0x0000027807c0d0b0: ; ImmutableOopMap {[32]=Oop [40]=Oop [52]=NarrowOop [72]=Oop [88]=Oop [128]=Oop [160]=Oop [192]=Oop }
                      ;*if_icmpeq {reexecute=1 rethrow=0 return_oop=0}
                      ; - (reexecute) java.net.URLClassLoader::defineClass@21
                      ; - java.net.URLClassLoader$1::run@43
                      ; - java.net.URLClassLoader$1::run@1
                      ; - java.security.AccessController::executePrivileged@29
                      ; - java.security.AccessController::doPrivileged@13
                      ; - java.net.URLClassLoader::findClass@13
                      ; - java.lang.ClassLoader::loadClass@69
                      ; - java.lang.ClassLoader::loadClass@38
  0x0000027807c0d0b0: cc72 97ff 

  0x0000027807c0d0b4: ;   {other}
  0x0000027807c0d0b4: 0f1f 8400 | 247b 00af | ba45 ffff | ff4c 8b54 | 2448 4c89 | 5424 204c | 8b94 24b8 | 0000 004c 
  0x0000027807c0d0d4: 8954 2428 | 4c8b 5424 | 504c 8954 | 2448 4c8b | 5424 784c | 8954 2458 | 4c8b 5424 | 684c 8954 
  0x0000027807c0d0f4: 2460 4c8b | 5424 704c | 8954 2468 | 4889 9c24 | a000 0000 | 4489 9c24 | b400 0000 | 4489 8c24 
  0x0000027807c0d114: d400 0000 | 4489 8c24 | d800 0000 

  0x0000027807c0d120: ;   {runtime_call UncommonTrapBlob}
  0x0000027807c0d120: c5f8 77e8 

  0x0000027807c0d124: ; ImmutableOopMap {[32]=Oop [40]=Oop [72]=Oop [88]=Oop [128]=Oop [160]=Oop [180]=NarrowOop [192]=Oop }
                      ;*if_icmple {reexecute=1 rethrow=0 return_oop=0}
                      ; - (reexecute) jdk.internal.util.Preconditions::checkFromToIndex@11
                      ; - java.lang.String::checkBoundsBeginEnd@6
                      ; - java.lang.String::substring@8
                      ; - java.net.URLClassLoader::defineClass@28
                      ; - java.net.URLClassLoader$1::run@43
                      ; - java.net.URLClassLoader$1::run@1
                      ; - java.security.AccessController::executePrivileged@29
                      ; - java.security.AccessController::doPrivileged@13
                      ; - java.net.URLClassLoader::findClass@13
                      ; - java.lang.ClassLoader::loadClass@69
                      ; - java.lang.ClassLoader::loadClass@38
  0x0000027807c0d124: 5872 97ff 

  0x0000027807c0d128: ;   {other}
  0x0000027807c0d128: 0f1f 8400 | 987b 00b0 | ba45 ffff | ff48 8b6c | 2448 4c8b | 5424 584c | 8954 2420 | 448b 5424 
  0x0000027807c0d148: 3044 8954 | 2428 4c8b | 5424 404c | 8954 2438 | 4c8b 5424 | 504c 8954 | 2440 4c8b | 5424 784c 
  0x0000027807c0d168: 8954 2450 | 4c8b 5424 | 684c 8954 | 2458 4c8b | 5424 704c | 8954 2460 | 4c8b 9424 | 8000 0000 
  0x0000027807c0d188: 4c89 5424 | 784c 8b94 | 24c0 0000 | 004c 8994 | 2488 0000 | 004c 8b94 | 24a0 0000 | 004c 8994 
  0x0000027807c0d1a8: 2498 0000 | 004c 8b94 | 24c0 0000 | 004c 8994 | 24a8 0000 | 0048 8984 | 24c0 0000 | 0066 6690 
  0x0000027807c0d1c8: ;   {runtime_call UncommonTrapBlob}
  0x0000027807c0d1c8: c5f8 77e8 

  0x0000027807c0d1cc: ; ImmutableOopMap {rbp=Oop [32]=Oop [64]=Oop [80]=Oop [120]=Oop [136]=Oop [152]=Oop [168]=Oop [192]=Oop [208]=NarrowOop }
                      ;*ifnull {reexecute=1 rethrow=0 return_oop=0}
                      ; - (reexecute) java.net.URLClassLoader::defineClass@139
                      ; - java.net.URLClassLoader$1::run@43
                      ; - java.net.URLClassLoader$1::run@1
                      ; - java.security.AccessController::executePrivileged@29
                      ; - java.security.AccessController::doPrivileged@13
                      ; - java.net.URLClassLoader::findClass@13
                      ; - java.lang.ClassLoader::loadClass@69
                      ; - java.lang.ClassLoader::loadClass@38
  0x0000027807c0d1cc: b071 97ff 

  0x0000027807c0d1d0: ;   {other}
  0x0000027807c0d1d0: 0f1f 8400 | 407c 00b1 | 498b f049 | 8bda 498b | d7c5 f877 | 49ba 20a4 | 1530 fb7f | 0000 41ff 
  0x0000027807c0d1f0: ;   {other}
  0x0000027807c0d1f0: d20f 1f84 | 0000 0000 | 00e9 9dcb | ffff 488b | bc24 8800 | 0000 498b | d7c5 f877 | 49ba 20a4 
  0x0000027807c0d210: 1530 fb7f | 0000 41ff 

  0x0000027807c0d218: ;   {other}
  0x0000027807c0d218: d20f 1f84 | 0000 0000 | 00e9 becb | ffff 488b | bc24 d800 | 0000 498b | d7c5 f877 | 49ba 20a4 
  0x0000027807c0d238: 1530 fb7f | 0000 41ff 

  0x0000027807c0d240: ;   {other}
  0x0000027807c0d240: d20f 1f84 | 0000 0000 | 00e9 33cc | ffff bade | ffff ff4c | 8b54 2448 | 4c89 5424 | 204c 8b94 
  0x0000027807c0d260: 24b8 0000 | 004c 8954 | 2428 4c8b | 5424 504c | 8954 2448 | 4c8b 5424 | 784c 8954 | 2470 48ff 
  0x0000027807c0d280: b424 a000 | 0000 488f | 8424 9000 | 0000 4c8b | 9424 a800 | 0000 4c89 | 9424 a000 | 0000 6690 
  0x0000027807c0d2a0: ;   {runtime_call UncommonTrapBlob}
  0x0000027807c0d2a0: c5f8 77e8 

  0x0000027807c0d2a4: ; ImmutableOopMap {rbp=NarrowOop [32]=Oop [40]=Oop [72]=Oop [112]=Oop [144]=Oop [160]=Oop [168]=Oop [192]=Oop }
                      ;*invokevirtual loadClassOrNull {reexecute=0 rethrow=0 return_oop=0}
                      ; - jdk.internal.loader.BuiltinClassLoader::loadClassOrNull@3
                      ; - jdk.internal.loader.BuiltinClassLoader::loadClassOrNull@86
                      ; - jdk.internal.loader.BuiltinClassLoader::loadClass@3
                      ; - java.lang.ClassLoader::loadClass@38
                      ; - java.lang.ClassLoader::loadClass@38
  0x0000027807c0d2a4: d870 97ff 

  0x0000027807c0d2a8: ;   {other}
  0x0000027807c0d2a8: 0f1f 8400 | 187d 00b2 | ba45 ffff | ff48 8b6c | 2448 448b | 5c24 3044 | 895c 2428 | 4c8b 5424 
  0x0000027807c0d2c8: 404c 8954 | 2438 4c8b | 5424 504c | 8954 2440 | 4c89 4c24 | 504c 8b54 | 2478 4c89 | 5424 584c 
  0x0000027807c0d2e8: 8b54 2468 | 4c89 5424 | 604c 894c | 2470 4c8b | 9424 a800 | 0000 4c89 | 9424 9800 | 0000 6690 
  0x0000027807c0d308: ;   {runtime_call UncommonTrapBlob}
  0x0000027807c0d308: c5f8 77e8 

  0x0000027807c0d30c: ; ImmutableOopMap {rbp=Oop [64]=Oop [80]=Oop [88]=Oop [112]=Oop [152]=Oop [160]=Oop [168]=Oop [192]=Oop }
                      ;*ifeq {reexecute=1 rethrow=0 return_oop=0}
                      ; - (reexecute) java.lang.ClassLoader::checkName@8
                      ; - java.lang.ClassLoader::findBootstrapClassOrNull@1
                      ; - java.lang.System$2::findBootstrapClassOrNull@1
                      ; - jdk.internal.loader.ClassLoaders$BootClassLoader::loadClassOrNull@4
                      ; - jdk.internal.loader.BuiltinClassLoader::loadClassOrNull@3
                      ; - jdk.internal.loader.BuiltinClassLoader::loadClassOrNull@86
                      ; - jdk.internal.loader.BuiltinClassLoader::loadClass@3
                      ; - java.lang.ClassLoader::loadClass@38
                      ; - java.lang.ClassLoader::loadClass@38
  0x0000027807c0d30c: 7070 97ff 

  0x0000027807c0d310: ;   {other}
  0x0000027807c0d310: 0f1f 8400 | 807d 00b3 | bace ffff | ff4c 8b5c | 2448 4c89 | 5c24 204c | 8b5c 2450 | 4c89 5c24 
  0x0000027807c0d330: 484c 894c | 2458 4c8b | 5c24 784c | 895c 2470 | 4c89 4c24 | 7848 ffb4 | 24a0 0000 | 0048 8f84 
  0x0000027807c0d350: 2498 0000 | 0044 8954 | 2434 6690 

  0x0000027807c0d35c: ;   {runtime_call UncommonTrapBlob}
  0x0000027807c0d35c: c5f8 77e8 

  0x0000027807c0d360: ; ImmutableOopMap {rbp=NarrowOop [32]=Oop [72]=Oop [88]=Oop [112]=Oop [120]=Oop [152]=Oop [168]=Oop [192]=Oop }
                      ;*invokestatic indexOfChar {reexecute=0 rethrow=0 return_oop=0}
                      ; - java.lang.StringLatin1::indexOf@33
                      ; - java.lang.String::indexOf@17
                      ; - java.lang.String::indexOf@3
                      ; - java.lang.ClassLoader::checkName@16
                      ; - java.lang.ClassLoader::findBootstrapClassOrNull@1
                      ; - java.lang.System$2::findBootstrapClassOrNull@1
                      ; - jdk.internal.loader.ClassLoaders$BootClassLoader::loadClassOrNull@4
                      ; - jdk.internal.loader.BuiltinClassLoader::loadClassOrNull@3
                      ; - jdk.internal.loader.BuiltinClassLoader::loadClassOrNull@86
                      ; - jdk.internal.loader.BuiltinClassLoader::loadClass@3
                      ; - java.lang.ClassLoader::loadClass@38
                      ; - java.lang.ClassLoader::loadClass@38
  0x0000027807c0d360: 1c70 97ff 

  0x0000027807c0d364: ;   {other}
  0x0000027807c0d364: 0f1f 8400 | d47d 00b4 | 33ed 4585 | db40 0f94 | c5ba 45ff | ffff 4c8b | 5424 484c | 8954 2420 
  0x0000027807c0d384: 4c8b 5424 | 504c 8954 | 2448 4889 | 7424 5048 | 8974 2458 

  0x0000027807c0d398: ;   {runtime_call UncommonTrapBlob}
  0x0000027807c0d398: c5f8 77e8 

  0x0000027807c0d39c: ; ImmutableOopMap {[32]=Oop [72]=Oop [80]=Oop [88]=Oop [120]=Oop [128]=Oop }
                      ;*ifeq {reexecute=1 rethrow=0 return_oop=0}
                      ; - (reexecute) java.lang.String::indexOf@4
                      ; - java.lang.String::indexOf@3
                      ; - java.lang.ClassLoader::checkName@16
                      ; - java.lang.ClassLoader::findBootstrapClassOrNull@1
                      ; - java.lang.System$2::findBootstrapClassOrNull@1
                      ; - jdk.internal.loader.ClassLoaders$BootClassLoader::loadClassOrNull@4
                      ; - jdk.internal.loader.BuiltinClassLoader::loadClassOrNull@3
                      ; - jdk.internal.loader.BuiltinClassLoader::loadClassOrNull@86
                      ; - jdk.internal.loader.BuiltinClassLoader::loadClass@3
                      ; - java.lang.ClassLoader::loadClass@38
  0x0000027807c0d39c: e06f 97ff 

  0x0000027807c0d3a0: ;   {other}
  0x0000027807c0d3a0: 0f1f 8400 | 107e 00b5 | ba45 ffff | ff48 8b6c | 2448 448b | 5c24 3044 | 895c 2428 | 4c8b 5424 
  0x0000027807c0d3c0: 404c 8954 | 2438 4c8b | 5424 504c | 8954 2440 | 4c8b 9424 | 8000 0000 | 4889 4424 | 684c 8954 
  0x0000027807c0d3e0: 2470 6690 

  0x0000027807c0d3e4: ;   {runtime_call UncommonTrapBlob}
  0x0000027807c0d3e4: c5f8 77e8 

  0x0000027807c0d3e8: ; ImmutableOopMap {rbp=Oop [32]=Oop [64]=Oop [104]=Oop [112]=Oop [120]=Oop [128]=Oop }
                      ;*ifnonnull {reexecute=1 rethrow=0 return_oop=0}
                      ; - (reexecute) jdk.internal.loader.BuiltinClassLoader::loadClassOrNull@93
                      ; - jdk.internal.loader.BuiltinClassLoader::loadClass@3
                      ; - java.lang.ClassLoader::loadClass@38
  0x0000027807c0d3e8: 946f 97ff 

  0x0000027807c0d3ec: ;   {other}
  0x0000027807c0d3ec: 0f1f 8400 | 5c7e 00b6 | ba45 ffff | ff48 8b6c | 2448 448b | 5424 3044 | 8954 2428 | 4c8b 5424 
  0x0000027807c0d40c: 404c 8954 | 2438 4c8b | 5424 504c | 8954 2440 | 4889 7424 | 4848 8974 | 2450 4c8b | 9424 8000 
  0x0000027807c0d42c: 0000 4c89 | 5424 7089 | 5c24 2c90 

  0x0000027807c0d438: ;   {runtime_call UncommonTrapBlob}
  0x0000027807c0d438: c5f8 77e8 

  0x0000027807c0d43c: ; ImmutableOopMap {rbp=Oop [64]=Oop [72]=Oop [80]=Oop [112]=Oop [120]=Oop [128]=Oop }
                      ;*if_icmpne {reexecute=1 rethrow=0 return_oop=0}
                      ; - (reexecute) java.lang.ClassLoader::checkName@20
                      ; - java.lang.ClassLoader::findBootstrapClassOrNull@1
                      ; - java.lang.System$2::findBootstrapClassOrNull@1
                      ; - jdk.internal.loader.ClassLoaders$BootClassLoader::loadClassOrNull@4
                      ; - jdk.internal.loader.BuiltinClassLoader::loadClassOrNull@3
                      ; - jdk.internal.loader.BuiltinClassLoader::loadClassOrNull@86
                      ; - jdk.internal.loader.BuiltinClassLoader::loadClass@3
                      ; - java.lang.ClassLoader::loadClass@38
  0x0000027807c0d43c: 406f 97ff 

  0x0000027807c0d440: ;   {other}
  0x0000027807c0d440: 0f1f 8400 | b07e 00b7 | ba45 ffff | ff4c 8b54 | 2448 4c89 | 5424 204c | 8b54 2450 | 4c89 5424 
  0x0000027807c0d460: 4848 8974 | 2450 4889 | 7424 5848 | ff74 2478 | 488f 4424 | 684c 8b94 | 2480 0000 | 004c 8954 
  0x0000027807c0d480: 2478 6690 

  0x0000027807c0d484: ;   {runtime_call UncommonTrapBlob}
  0x0000027807c0d484: c5f8 77e8 

  0x0000027807c0d488: ; ImmutableOopMap {[32]=Oop [72]=Oop [80]=Oop [88]=Oop [104]=Oop [120]=Oop [128]=Oop }
                      ;*if_icmpne {reexecute=1 rethrow=0 return_oop=0}
                      ; - (reexecute) java.lang.ClassLoader::checkName@30
                      ; - java.lang.ClassLoader::findBootstrapClassOrNull@1
                      ; - java.lang.System$2::findBootstrapClassOrNull@1
                      ; - jdk.internal.loader.ClassLoaders$BootClassLoader::loadClassOrNull@4
                      ; - jdk.internal.loader.BuiltinClassLoader::loadClassOrNull@3
                      ; - jdk.internal.loader.BuiltinClassLoader::loadClassOrNull@86
                      ; - jdk.internal.loader.BuiltinClassLoader::loadClass@3
                      ; - java.lang.ClassLoader::loadClass@38
  0x0000027807c0d488: f46e 97ff 

  0x0000027807c0d48c: ;   {other}
  0x0000027807c0d48c: 0f1f 8400 | fc7e 00b8 | 33ed 4585 | db40 0f95 | c5ba 45ff | ffff 4c8b | 5424 484c | 8954 2420 
  0x0000027807c0d4ac: 4c8b 5424 | 504c 8954 | 2448 4c8b | 9424 8000 | 0000 4c89 | 5424 7090 

  0x0000027807c0d4c4: ;   {runtime_call UncommonTrapBlob}
  0x0000027807c0d4c4: c5f8 77e8 

  0x0000027807c0d4c8: ; ImmutableOopMap {[32]=Oop [40]=Oop [72]=Oop [112]=Oop [120]=Oop [128]=Oop }
                      ;*ifeq {reexecute=1 rethrow=0 return_oop=0}
                      ; - (reexecute) jdk.internal.loader.BuiltinClassLoader::loadClassOrNull@100
                      ; - jdk.internal.loader.BuiltinClassLoader::loadClass@3
                      ; - java.lang.ClassLoader::loadClass@38
  0x0000027807c0d4c8: b46e 97ff 

  0x0000027807c0d4cc: ;   {other}
  0x0000027807c0d4cc: 0f1f 8400 | 3c7f 00b9 | ba45 ffff | ff4c 8b4c | 2448 4c89 | 4c24 204c | 8b8c 24b8 | 0000 004c 
  0x0000027807c0d4ec: 894c 2428 | 4c8b 4c24 | 504c 894c | 2448 4c8b | 4c24 784c | 894c 2460 | 4c8b 8c24 | 8000 0000 
  0x0000027807c0d50c: 4c89 4c24 | 704c 8944 | 2478 4489 | 5c24 3444 | 8994 2480 | 0000 0089 | 9c24 8400 | 0000 6690 
  0x0000027807c0d52c: ;   {runtime_call UncommonTrapBlob}
  0x0000027807c0d52c: c5f8 77e8 

  0x0000027807c0d530: ; ImmutableOopMap {[32]=Oop [40]=Oop [52]=NarrowOop [72]=Oop [96]=Oop [112]=Oop [120]=Oop }
                      ;*if_icmpne {reexecute=1 rethrow=0 return_oop=0}
                      ; - (reexecute) java.lang.String::equals@33
                      ; - java.util.concurrent.ConcurrentHashMap::get@73
                      ; - jdk.internal.loader.BuiltinClassLoader::findLoadedModule@24
                      ; - jdk.internal.loader.BuiltinClassLoader::loadClassOrNull@22
                      ; - jdk.internal.loader.BuiltinClassLoader::loadClass@3
                      ; - java.lang.ClassLoader::loadClass@38
  0x0000027807c0d530: 4c6e 97ff 

  0x0000027807c0d534: ;   {other}
  0x0000027807c0d534: 0f1f 8400 | a47f 00ba | 33ed 4585 | d240 0f94 | c5ba 45ff | ffff 4c8b | 5424 484c | 8954 2420 
  0x0000027807c0d554: 4c8b 5424 | 504c 8954 | 2448 4c89 | 4c24 584c | 8b54 2478 | 4c89 5424 | 704c 894c | 2478 48ff 
  0x0000027807c0d574: b424 a000 | 0000 488f | 8424 9800 | 0000 6690 

  0x0000027807c0d584: ;   {runtime_call UncommonTrapBlob}
  0x0000027807c0d584: c5f8 77e8 

  0x0000027807c0d588: ; ImmutableOopMap {[32]=Oop [72]=Oop [88]=Oop [112]=Oop [120]=Oop [152]=Oop [168]=Oop [192]=Oop }
                      ;*ifeq {reexecute=1 rethrow=0 return_oop=0}
                      ; - (reexecute) java.lang.String::indexOf@4
                      ; - java.lang.String::indexOf@3
                      ; - java.lang.ClassLoader::checkName@16
                      ; - java.lang.ClassLoader::findBootstrapClassOrNull@1
                      ; - java.lang.System$2::findBootstrapClassOrNull@1
                      ; - jdk.internal.loader.ClassLoaders$BootClassLoader::loadClassOrNull@4
                      ; - jdk.internal.loader.BuiltinClassLoader::loadClassOrNull@3
                      ; - jdk.internal.loader.BuiltinClassLoader::loadClassOrNull@66
                      ; - jdk.internal.loader.BuiltinClassLoader::loadClass@3
                      ; - java.lang.ClassLoader::loadClass@38
                      ; - java.lang.ClassLoader::loadClass@38
  0x0000027807c0d588: f46d 97ff 

  0x0000027807c0d58c: ;   {other}
  0x0000027807c0d58c: 0f1f 8400 | fc7f 00bb | ba45 ffff | ff48 8b6c | 2448 448b | 5424 3044 | 8954 2428 | 4c8b 5424 
  0x0000027807c0d5ac: 404c 8954 | 2438 4c8b | 5424 504c | 8954 2440 | 4c89 4c24 | 504c 8b54 | 2478 4c89 | 5424 584c 
  0x0000027807c0d5cc: 8b54 2468 | 4c89 5424 | 604c 894c | 2470 4c8b | 9424 a800 | 0000 4c89 | 9424 9000 | 0000 895c 
  0x0000027807c0d5ec: 242c 6690 

  0x0000027807c0d5f0: ;   {runtime_call UncommonTrapBlob}
  0x0000027807c0d5f0: c5f8 77e8 

  0x0000027807c0d5f4: ; ImmutableOopMap {rbp=Oop [64]=Oop [80]=Oop [88]=Oop [112]=Oop [144]=Oop [160]=Oop [168]=Oop [192]=Oop }
                      ;*if_icmpne {reexecute=1 rethrow=0 return_oop=0}
                      ; - (reexecute) java.lang.ClassLoader::checkName@20
                      ; - java.lang.ClassLoader::findBootstrapClassOrNull@1
                      ; - java.lang.System$2::findBootstrapClassOrNull@1
                      ; - jdk.internal.loader.ClassLoaders$BootClassLoader::loadClassOrNull@4
                      ; - jdk.internal.loader.BuiltinClassLoader::loadClassOrNull@3
                      ; - jdk.internal.loader.BuiltinClassLoader::loadClassOrNull@66
                      ; - jdk.internal.loader.BuiltinClassLoader::loadClass@3
                      ; - java.lang.ClassLoader::loadClass@38
                      ; - java.lang.ClassLoader::loadClass@38
  0x0000027807c0d5f4: 886d 97ff 

  0x0000027807c0d5f8: ;   {other}
  0x0000027807c0d5f8: 0f1f 8400 | 6880 00bc | ba45 ffff | ff4c 8b54 | 2448 4c89 | 5424 204c | 8b54 2450 | 4c89 5424 
  0x0000027807c0d618: 484c 894c | 2458 4c8b | 5424 784c | 8954 2470 | 4c89 4c24 | 784c 8b94 | 24a8 0000 | 004c 8994 
  0x0000027807c0d638: 2498 0000 | 0066 6690 

  0x0000027807c0d640: ;   {runtime_call UncommonTrapBlob}
  0x0000027807c0d640: c5f8 77e8 

  0x0000027807c0d644: ; ImmutableOopMap {[32]=Oop [72]=Oop [88]=Oop [112]=Oop [120]=Oop [152]=Oop [160]=Oop [168]=Oop [192]=Oop }
                      ;*if_icmpne {reexecute=1 rethrow=0 return_oop=0}
                      ; - (reexecute) java.lang.ClassLoader::checkName@30
                      ; - java.lang.ClassLoader::findBootstrapClassOrNull@1
                      ; - java.lang.System$2::findBootstrapClassOrNull@1
                      ; - jdk.internal.loader.ClassLoaders$BootClassLoader::loadClassOrNull@4
                      ; - jdk.internal.loader.BuiltinClassLoader::loadClassOrNull@3
                      ; - jdk.internal.loader.BuiltinClassLoader::loadClassOrNull@66
                      ; - jdk.internal.loader.BuiltinClassLoader::loadClass@3
                      ; - java.lang.ClassLoader::loadClass@38
                      ; - java.lang.ClassLoader::loadClass@38
  0x0000027807c0d644: 386d 97ff 

  0x0000027807c0d648: ;   {other}
  0x0000027807c0d648: 0f1f 8400 | b880 00bd | 488b 4c24 | 5048 8d94 | 2430 0100 | 004d 8bc7 | c5f8 7749 | ba40 d956 
  0x0000027807c0d668: 30fb 7f00 | 0041 ffd2 

  0x0000027807c0d670: ;   {other}
  0x0000027807c0d670: 0f1f 8400 | 0000 0000 | e997 b1ff | ff33 ed45 | 85d2 400f | 94c5 ba45 | ffff ff4c | 8b54 2448 
  0x0000027807c0d690: 4c89 5424 | 204c 8b54 | 2450 4c89 | 5424 484c | 894c 2458 | 4c8b 5424 | 784c 8954 | 2470 4c89 
  0x0000027807c0d6b0: 4c24 7890 

  0x0000027807c0d6b4: ;   {runtime_call UncommonTrapBlob}
  0x0000027807c0d6b4: c5f8 77e8 

  0x0000027807c0d6b8: ; ImmutableOopMap {[32]=Oop [72]=Oop [88]=Oop [112]=Oop [120]=Oop [160]=Oop [168]=Oop [192]=Oop }
                      ;*ifeq {reexecute=1 rethrow=0 return_oop=0}
                      ; - (reexecute) java.lang.String::indexOf@4
                      ; - java.lang.String::indexOf@3
                      ; - java.lang.ClassLoader::checkName@16
                      ; - java.lang.ClassLoader::findBootstrapClassOrNull@1
                      ; - java.lang.System$2::findBootstrapClassOrNull@1
                      ; - jdk.internal.loader.ClassLoaders$BootClassLoader::loadClassOrNull@4
                      ; - jdk.internal.loader.BuiltinClassLoader::loadClassOrNull@3
                      ; - jdk.internal.loader.BuiltinClassLoader::loadClassOrNull@86
                      ; - jdk.internal.loader.BuiltinClassLoader::loadClass@3
                      ; - java.lang.ClassLoader::loadClass@38
                      ; - java.lang.ClassLoader::loadClass@38
  0x0000027807c0d6b8: c46c 97ff 

  0x0000027807c0d6bc: ;   {other}
  0x0000027807c0d6bc: 0f1f 8400 | 2c81 00be | ba45 ffff | ff48 8b6c | 2448 4c8b | 5424 284c | 8954 2420 | 448b 5424 
  0x0000027807c0d6dc: 3044 8954 | 2428 4c8b | 5424 404c | 8954 2438 | 4c8b 5424 | 504c 8954 | 2440 4c8b | 5424 784c 
  0x0000027807c0d6fc: 8954 2458 | 4c8b 5424 | 684c 8954 | 2460 4c8b | 9424 a800 | 0000 4889 | 8424 9000 | 0000 4c89 
  0x0000027807c0d71c: 9424 9800 | 0000 6690 

  0x0000027807c0d724: ;   {runtime_call UncommonTrapBlob}
  0x0000027807c0d724: c5f8 77e8 

  0x0000027807c0d728: ; ImmutableOopMap {rbp=Oop [32]=Oop [64]=Oop [88]=Oop [144]=Oop [152]=Oop [160]=Oop [168]=Oop [192]=Oop }
                      ;*ifnonnull {reexecute=1 rethrow=0 return_oop=0}
                      ; - (reexecute) jdk.internal.loader.BuiltinClassLoader::loadClassOrNull@93
                      ; - jdk.internal.loader.BuiltinClassLoader::loadClass@3
                      ; - java.lang.ClassLoader::loadClass@38
                      ; - java.lang.ClassLoader::loadClass@38
  0x0000027807c0d728: 546c 97ff 

  0x0000027807c0d72c: ;   {other}
  0x0000027807c0d72c: 0f1f 8400 | 9c81 00bf | ba45 ffff | ff48 8b6c | 2448 448b | 5c24 3044 | 895c 2428 | 4c8b 5424 
  0x0000027807c0d74c: 404c 8954 | 2438 4c8b | 5424 504c | 8954 2440 | 4c89 4c24 | 504c 8b54 | 2478 4c89 | 5424 584c 
  0x0000027807c0d76c: 8b54 2468 | 4c89 5424 | 604c 894c | 2470 4c8b | 9424 a800 | 0000 4c89 | 9424 9800 | 0000 895c 
  0x0000027807c0d78c: 242c 6690 

  0x0000027807c0d790: ;   {runtime_call UncommonTrapBlob}
  0x0000027807c0d790: c5f8 77e8 

  0x0000027807c0d794: ; ImmutableOopMap {rbp=Oop [64]=Oop [80]=Oop [88]=Oop [112]=Oop [152]=Oop [160]=Oop [168]=Oop [192]=Oop }
                      ;*if_icmpne {reexecute=1 rethrow=0 return_oop=0}
                      ; - (reexecute) java.lang.ClassLoader::checkName@20
                      ; - java.lang.ClassLoader::findBootstrapClassOrNull@1
                      ; - java.lang.System$2::findBootstrapClassOrNull@1
                      ; - jdk.internal.loader.ClassLoaders$BootClassLoader::loadClassOrNull@4
                      ; - jdk.internal.loader.BuiltinClassLoader::loadClassOrNull@3
                      ; - jdk.internal.loader.BuiltinClassLoader::loadClassOrNull@86
                      ; - jdk.internal.loader.BuiltinClassLoader::loadClass@3
                      ; - java.lang.ClassLoader::loadClass@38
                      ; - java.lang.ClassLoader::loadClass@38
  0x0000027807c0d794: e86b 97ff 

  0x0000027807c0d798: ;   {other}
  0x0000027807c0d798: 0f1f 8400 | 0882 00c0 | ba45 ffff | ff4c 8b4c | 2448 4c89 | 4c24 204c | 8b8c 24b8 | 0000 004c 
  0x0000027807c0d7b8: 894c 2428 | 4c8b 4c24 | 504c 894c | 2448 4c8b | 4c24 784c | 894c 2460 | 4c8b 8c24 | 8000 0000 
  0x0000027807c0d7d8: 4c89 4c24 | 704c 8944 | 2478 4489 | 5c24 3444 | 8994 2480 | 0000 0090 

  0x0000027807c0d7f0: ;   {runtime_call UncommonTrapBlob}
  0x0000027807c0d7f0: c5f8 77e8 

  0x0000027807c0d7f4: ; ImmutableOopMap {[32]=Oop [40]=Oop [52]=NarrowOop [72]=Oop [96]=Oop [112]=Oop [120]=Oop }
                      ;*ifge {reexecute=1 rethrow=0 return_oop=0}
                      ; - (reexecute) java.util.concurrent.ConcurrentHashMap::get@86
                      ; - jdk.internal.loader.BuiltinClassLoader::findLoadedModule@24
                      ; - jdk.internal.loader.BuiltinClassLoader::loadClassOrNull@22
                      ; - jdk.internal.loader.BuiltinClassLoader::loadClass@3
                      ; - java.lang.ClassLoader::loadClass@38
  0x0000027807c0d7f4: 886b 97ff 

  0x0000027807c0d7f8: ;   {other}
  0x0000027807c0d7f8: 0f1f 8400 | 6882 00c1 | ba45 ffff | ff4c 8b54 | 2448 4c89 | 5424 204c | 8b54 2450 | 4c89 5424 
  0x0000027807c0d818: 484c 894c | 2458 4c8b | 5424 784c | 8954 2470 | 4c89 4c24 | 7848 ffb4 | 24a0 0000 | 0048 8f84 
  0x0000027807c0d838: 2490 0000 | 004c 8b94 | 24a8 0000 | 004c 8994 | 24a0 0000 | 0066 6690 

  0x0000027807c0d850: ;   {runtime_call UncommonTrapBlob}
  0x0000027807c0d850: c5f8 77e8 

  0x0000027807c0d854: ; ImmutableOopMap {[32]=Oop [72]=Oop [88]=Oop [112]=Oop [120]=Oop [144]=Oop [160]=Oop [168]=Oop [192]=Oop }
                      ;*if_icmpne {reexecute=1 rethrow=0 return_oop=0}
                      ; - (reexecute) java.lang.ClassLoader::checkName@30
                      ; - java.lang.ClassLoader::findBootstrapClassOrNull@1
                      ; - java.lang.System$2::findBootstrapClassOrNull@1
                      ; - jdk.internal.loader.ClassLoaders$BootClassLoader::loadClassOrNull@4
                      ; - jdk.internal.loader.BuiltinClassLoader::loadClassOrNull@3
                      ; - jdk.internal.loader.BuiltinClassLoader::loadClassOrNull@86
                      ; - jdk.internal.loader.BuiltinClassLoader::loadClass@3
                      ; - java.lang.ClassLoader::loadClass@38
                      ; - java.lang.ClassLoader::loadClass@38
  0x0000027807c0d854: 286b 97ff 

  0x0000027807c0d858: ;   {other}
  0x0000027807c0d858: 0f1f 8400 | c882 00c2 | 33ed 4585 | d240 0f95 | c5ba 45ff | ffff 4c8b | 5424 484c | 8954 2420 
  0x0000027807c0d878: 4c8b 5424 | 504c 8954 | 2448 4c8b | 5424 784c | 8954 2470 | 4c8b 9424 | a800 0000 | 4c89 9424 
  0x0000027807c0d898: 9800 0000 

  0x0000027807c0d89c: ;   {runtime_call UncommonTrapBlob}
  0x0000027807c0d89c: c5f8 77e8 

  0x0000027807c0d8a0: ; ImmutableOopMap {[32]=Oop [40]=Oop [72]=Oop [112]=Oop [152]=Oop [160]=Oop [168]=Oop [192]=Oop }
                      ;*ifeq {reexecute=1 rethrow=0 return_oop=0}
                      ; - (reexecute) jdk.internal.loader.BuiltinClassLoader::loadClassOrNull@100
                      ; - jdk.internal.loader.BuiltinClassLoader::loadClass@3
                      ; - java.lang.ClassLoader::loadClass@38
                      ; - java.lang.ClassLoader::loadClass@38
  0x0000027807c0d8a0: dc6a 97ff 

  0x0000027807c0d8a4: ;   {other}
  0x0000027807c0d8a4: 0f1f 8400 | 1483 00c3 | 33ed 4585 | d240 0f94 | c5ba 45ff | ffff 4c8b | 5424 484c | 8954 2420 
  0x0000027807c0d8c4: 4c8b 9424 | b800 0000 | 4c89 5424 | 284c 8b54 | 2450 4c89 | 5424 484c | 8b54 2478 | 4c89 5424 
  0x0000027807c0d8e4: 604c 8b94 | 2480 0000 | 004c 8954 | 2470 4889 | 9c24 8000 | 0000 6690 

  0x0000027807c0d8fc: ;   {runtime_call UncommonTrapBlob}
  0x0000027807c0d8fc: c5f8 77e8 

  0x0000027807c0d900: ; ImmutableOopMap {[32]=Oop [40]=Oop [72]=Oop [96]=Oop [112]=Oop [128]=Oop }
                      ;*ifeq {reexecute=1 rethrow=0 return_oop=0}
                      ; - (reexecute) java.lang.String::hashCode@20
                      ; - java.util.concurrent.ConcurrentHashMap::get@1
                      ; - jdk.internal.loader.BuiltinClassLoader::findLoadedModule@24
                      ; - jdk.internal.loader.BuiltinClassLoader::loadClassOrNull@22
                      ; - jdk.internal.loader.BuiltinClassLoader::loadClass@3
                      ; - java.lang.ClassLoader::loadClass@38
  0x0000027807c0d900: 7c6a 97ff 

  0x0000027807c0d904: ;   {other}
  0x0000027807c0d904: 0f1f 8400 | 7483 00c4 | ba45 ffff | ff4c 8b54 | 2448 4c89 | 5424 204c | 8b94 24b8 | 0000 004c 
  0x0000027807c0d924: 8954 2428 | 4c8b 5424 | 504c 8954 | 2448 4c8b | 5424 784c | 8954 2470 | 4c8b 9424 | a000 0000 
  0x0000027807c0d944: 4c89 9424 | 8800 0000 | 4c8b 9424 | a800 0000 | 4c89 9424 | 9800 0000 | 4c89 9c24 | a000 0000 
  0x0000027807c0d964: 4489 4c24 | 3444 89ac | 24a8 0000 | 0089 8c24 | ac00 0000 

  0x0000027807c0d978: ;   {runtime_call UncommonTrapBlob}
  0x0000027807c0d978: c5f8 77e8 

  0x0000027807c0d97c: ; ImmutableOopMap {[32]=Oop [40]=Oop [52]=NarrowOop [72]=Oop [112]=Oop [136]=Oop [152]=Oop [160]=Oop [192]=Oop }
                      ;*if_icmpne {reexecute=1 rethrow=0 return_oop=0}
                      ; - (reexecute) java.lang.String::equals@33
                      ; - java.util.concurrent.ConcurrentHashMap::get@73
                      ; - jdk.internal.loader.BuiltinClassLoader::findLoadedModule@24
                      ; - jdk.internal.loader.BuiltinClassLoader::loadClassOrNull@22
                      ; - jdk.internal.loader.BuiltinClassLoader::loadClass@3
                      ; - java.lang.ClassLoader::loadClass@38
                      ; - java.lang.ClassLoader::loadClass@38
  0x0000027807c0d97c: 006a 97ff 

  0x0000027807c0d980: ;   {other}
  0x0000027807c0d980: 0f1f 8400 | f083 00c5 

  0x0000027807c0d988: ;   {metadata('java/util/jar/Manifest')}
  0x0000027807c0d988: 498b e848 | baa0 e104 | 0f78 0200 | 004c 8b94 | 24b8 0000 | 004c 8954 | 2438 6690 

  0x0000027807c0d9a4: ;   {runtime_call _new_instance_Java}
  0x0000027807c0d9a4: c5f8 77e8 

  0x0000027807c0d9a8: ; ImmutableOopMap {rbp=Oop [32]=NarrowOop [56]=Oop [72]=Oop [80]=Oop [120]=Oop [128]=Oop [160]=Oop [184]=Oop [192]=Oop [208]=NarrowOop [216]=Oop [280]=Oop }
                      ;*new {reexecute=0 rethrow=0 return_oop=1}
                      ; - java.util.jar.JarFile::getManifestFromReference@101
                      ; - java.util.jar.JarFile::getManifest@1
                      ; - jdk.internal.loader.URLClassPath$JarLoader$2::getManifest@22
                      ; - java.net.URLClassLoader::defineClass@34
                      ; - java.net.URLClassLoader$1::run@43
                      ; - java.net.URLClassLoader$1::run@1
                      ; - java.security.AccessController::executePrivileged@29
                      ; - java.security.AccessController::doPrivileged@13
                      ; - java.net.URLClassLoader::findClass@13
                      ; - java.lang.ClassLoader::loadClass@69
                      ; - java.lang.ClassLoader::loadClass@38
  0x0000027807c0d9a8: d48b a3ff 

  0x0000027807c0d9ac: ;   {other}
  0x0000027807c0d9ac: 0f1f 8400 | 1c84 00c6 | 4c8b c5e9 | 31c2 ffff | 4c89 5c24 | 284c 8984 | 24b0 0000 

  0x0000027807c0d9c8: ;   {metadata('java/io/ByteArrayInputStream')}
  0x0000027807c0d9c8: 0048 baa0 | 2305 0f78 | 0200 004c | 8b94 24b8 | 0000 004c | 8954 2458 

  0x0000027807c0d9e0: ;   {runtime_call _new_instance_Java}
  0x0000027807c0d9e0: c5f8 77e8 

  0x0000027807c0d9e4: ; ImmutableOopMap {rbp=NarrowOop [32]=NarrowOop [40]=Oop [72]=Oop [80]=Oop [88]=Oop [120]=Oop [128]=Oop [160]=Oop [176]=Oop [184]=Oop [192]=Oop [208]=NarrowOop [216]=Oop [280]=Oop }
                      ;*new {reexecute=0 rethrow=0 return_oop=1}
                      ; - java.util.jar.JarFile::getManifestFromReference@109
                      ; - java.util.jar.JarFile::getManifest@1
                      ; - jdk.internal.loader.URLClassPath$JarLoader$2::getManifest@22
                      ; - java.net.URLClassLoader::defineClass@34
                      ; - java.net.URLClassLoader$1::run@43
                      ; - java.net.URLClassLoader$1::run@1
                      ; - java.security.AccessController::executePrivileged@29
                      ; - java.security.AccessController::doPrivileged@13
                      ; - java.net.URLClassLoader::findClass@13
                      ; - java.lang.ClassLoader::loadClass@69
                      ; - java.lang.ClassLoader::loadClass@38
  0x0000027807c0d9e4: 988b a3ff 

  0x0000027807c0d9e8: ;   {other}
  0x0000027807c0d9e8: 0f1f 8400 | 5884 00c7 | e950 c2ff | ffba 45ff | ffff 4c8b | 5424 484c | 8954 2420 | 4c8b 9424 
  0x0000027807c0da08: b800 0000 | 4c89 5424 | 284c 8b54 | 2450 4c89 | 5424 484c | 8b54 2478 | 4c89 5424 | 704c 8b94 
  0x0000027807c0da28: 24a0 0000 | 004c 8994 | 2488 0000 | 004c 8b94 | 24a8 0000 | 004c 8994 | 2498 0000 | 004c 8984 
  0x0000027807c0da48: 24a0 0000 | 0044 894c | 2434 4489 | 9c24 a800 | 0000 6690 

  0x0000027807c0da5c: ;   {runtime_call UncommonTrapBlob}
  0x0000027807c0da5c: c5f8 77e8 

  0x0000027807c0da60: ; ImmutableOopMap {[32]=Oop [40]=Oop [52]=NarrowOop [72]=Oop [112]=Oop [136]=Oop [152]=Oop [160]=Oop [192]=Oop }
                      ;*ifge {reexecute=1 rethrow=0 return_oop=0}
                      ; - (reexecute) java.util.concurrent.ConcurrentHashMap::get@86
                      ; - jdk.internal.loader.BuiltinClassLoader::findLoadedModule@24
                      ; - jdk.internal.loader.BuiltinClassLoader::loadClassOrNull@22
                      ; - jdk.internal.loader.BuiltinClassLoader::loadClass@3
                      ; - java.lang.ClassLoader::loadClass@38
                      ; - java.lang.ClassLoader::loadClass@38
  0x0000027807c0da60: 1c69 97ff 

  0x0000027807c0da64: ;   {other}
  0x0000027807c0da64: 0f1f 8400 | d484 00c8 | 33ed 4585 | d240 0f94 | c5ba 45ff | ffff 4c8b | 5424 484c | 8954 2420 
  0x0000027807c0da84: 4c8b 9424 | b800 0000 | 4c89 5424 | 284c 8b54 | 2450 4c89 | 5424 484c | 8b54 2478 | 4c89 5424 
  0x0000027807c0daa4: 704c 8b94 | 24a0 0000 | 004c 8994 | 2488 0000 | 004c 8b94 | 24a8 0000 | 004c 8994 | 2498 0000 
  0x0000027807c0dac4: 004c 898c | 24a8 0000 | 0066 6690 

  0x0000027807c0dad0: ;   {runtime_call UncommonTrapBlob}
  0x0000027807c0dad0: c5f8 77e8 

  0x0000027807c0dad4: ; ImmutableOopMap {[32]=Oop [40]=Oop [72]=Oop [112]=Oop [136]=Oop [152]=Oop [168]=Oop [192]=Oop }
                      ;*ifeq {reexecute=1 rethrow=0 return_oop=0}
                      ; - (reexecute) java.lang.String::hashCode@20
                      ; - java.util.concurrent.ConcurrentHashMap::get@1
                      ; - jdk.internal.loader.BuiltinClassLoader::findLoadedModule@24
                      ; - jdk.internal.loader.BuiltinClassLoader::loadClassOrNull@22
                      ; - jdk.internal.loader.BuiltinClassLoader::loadClass@3
                      ; - java.lang.ClassLoader::loadClass@38
                      ; - java.lang.ClassLoader::loadClass@38
  0x0000027807c0dad4: a868 97ff 

  0x0000027807c0dad8: ;   {other}
  0x0000027807c0dad8: 0f1f 8400 | 4885 00c9 | ba45 ffff | ff4c 8b5c | 2448 4c89 | 5c24 204c | 8b9c 24b8 | 0000 004c 
  0x0000027807c0daf8: 895c 2428 | 4c8b 5c24 | 504c 895c | 2448 4c8b | 5c24 784c | 895c 2460 | 4c8b 9c24 | 8000 0000 
  0x0000027807c0db18: 4c89 5c24 | 704c 8944 | 2478 4c89 | 8c24 8000 | 0000 4489 | 5424 3490 

  0x0000027807c0db30: ;   {runtime_call UncommonTrapBlob}
  0x0000027807c0db30: c5f8 77e8 

  0x0000027807c0db34: ; ImmutableOopMap {rbp=NarrowOop [32]=Oop [40]=Oop [72]=Oop [96]=Oop [112]=Oop [120]=Oop [128]=Oop }
                      ;*ifnull {reexecute=1 rethrow=0 return_oop=0}
                      ; - (reexecute) java.util.concurrent.ConcurrentHashMap::get@143
                      ; - jdk.internal.loader.BuiltinClassLoader::findLoadedModule@24
                      ; - jdk.internal.loader.BuiltinClassLoader::loadClassOrNull@22
                      ; - jdk.internal.loader.BuiltinClassLoader::loadClass@3
                      ; - java.lang.ClassLoader::loadClass@38
  0x0000027807c0db34: 4868 97ff 

  0x0000027807c0db38: ;   {other}
  0x0000027807c0db38: 0f1f 8400 | a885 00ca | ba45 ffff | ff44 8b54 | 2430 4489 | 5424 284c | 8b54 2440 | 4c89 5424 
  0x0000027807c0db58: 384c 8b54 | 2450 4c89 | 5424 404c | 8b54 2478 | 4c89 5424 | 684c 8b94 | 2480 0000 | 004c 8954 
  0x0000027807c0db78: 2478 8984 | 2480 0000 | 0066 6690 

  0x0000027807c0db84: ;   {runtime_call UncommonTrapBlob}
  0x0000027807c0db84: c5f8 77e8 

  0x0000027807c0db88: ; ImmutableOopMap {rbp=Oop [32]=Oop [64]=Oop [88]=Oop [96]=Oop [104]=Oop [120]=Oop }
                      ;*ifeq {reexecute=1 rethrow=0 return_oop=0}
                      ; - (reexecute) java.util.concurrent.ConcurrentHashMap::get@152
                      ; - jdk.internal.loader.BuiltinClassLoader::findLoadedModule@24
                      ; - jdk.internal.loader.BuiltinClassLoader::loadClassOrNull@22
                      ; - jdk.internal.loader.BuiltinClassLoader::loadClass@3
                      ; - java.lang.ClassLoader::loadClass@38
  0x0000027807c0db88: f467 97ff 

  0x0000027807c0db8c: ;   {other}
  0x0000027807c0db8c: 0f1f 8400 | fc85 00cb | bade ffff | ff48 8b6c | 2448 4c8b | 5424 384c | 8954 2420 | 448b 5424 
  0x0000027807c0dbac: 3044 8954 | 2428 4c8b | 5424 404c | 8954 2438 | 4c8b 5424 | 504c 8954 | 2440 4c8b | 5424 784c 
  0x0000027807c0dbcc: 8954 2450 | 4c8b 5424 | 684c 8954 | 2458 4c8b | 5424 704c | 8954 2460 | 4c8b 9424 | 8000 0000 
  0x0000027807c0dbec: 4c89 5424 | 784c 8b94 | 24a0 0000 | 004c 8994 | 2480 0000 | 004c 8b94 | 24c0 0000 | 004c 8994 
  0x0000027807c0dc0c: 2488 0000 | 004c 8b94 | 24c0 0000 | 004c 8994 | 24a8 0000 | 004c 8b94 | 24c8 0000 | 004c 8994 
  0x0000027807c0dc2c: 24b8 0000 | 0044 8b9c | 24d0 0000 | 0044 895c | 242c 4c89 | 8424 d000 | 0000 6690 

  0x0000027807c0dc48: ;   {runtime_call UncommonTrapBlob}
  0x0000027807c0dc48: c5f8 77e8 

  0x0000027807c0dc4c: ; ImmutableOopMap {rbp=Oop [32]=Oop [44]=NarrowOop [64]=Oop [80]=Oop [120]=Oop [128]=Oop [136]=Oop [168]=Oop [176]=Oop [208]=Oop [216]=Oop [280]=Oop }
                      ;*invokevirtual close {reexecute=0 rethrow=0 return_oop=0}
                      ; - java.util.jar.JarFile::getManifestFromReference@152
                      ; - java.util.jar.JarFile::getManifest@1
                      ; - jdk.internal.loader.URLClassPath$JarLoader$2::getManifest@22
                      ; - java.net.URLClassLoader::defineClass@34
                      ; - java.net.URLClassLoader$1::run@43
                      ; - java.net.URLClassLoader$1::run@1
                      ; - java.security.AccessController::executePrivileged@29
                      ; - java.security.AccessController::doPrivileged@13
                      ; - java.net.URLClassLoader::findClass@13
                      ; - java.lang.ClassLoader::loadClass@69
                      ; - java.lang.ClassLoader::loadClass@38
  0x0000027807c0dc4c: 3067 97ff 

  0x0000027807c0dc50: ;   {other}
  0x0000027807c0dc50: 0f1f 8400 | c086 00cc | ba45 ffff | ff4c 8b54 | 2448 4c89 | 5424 204c | 8b94 24b8 | 0000 004c 
  0x0000027807c0dc70: 8954 2428 | 4c8b 5424 | 504c 8954 | 2448 4c8b | 5424 784c | 8954 2470 | 4c8b 9424 | a000 0000 
  0x0000027807c0dc90: 4c89 9424 | 8800 0000 | 4c8b 9424 | a800 0000 | 4c89 9424 | 9800 0000 | 4c89 8424 | a000 0000 
  0x0000027807c0dcb0: 4c89 8c24 | a800 0000 | 4489 5c24 | 3466 6690 

  0x0000027807c0dcc0: ;   {runtime_call UncommonTrapBlob}
  0x0000027807c0dcc0: c5f8 77e8 

  0x0000027807c0dcc4: ; ImmutableOopMap {rbp=NarrowOop [32]=Oop [40]=Oop [72]=Oop [112]=Oop [136]=Oop [152]=Oop [160]=Oop [168]=Oop [192]=Oop }
                      ;*ifnull {reexecute=1 rethrow=0 return_oop=0}
                      ; - (reexecute) java.util.concurrent.ConcurrentHashMap::get@143
                      ; - jdk.internal.loader.BuiltinClassLoader::findLoadedModule@24
                      ; - jdk.internal.loader.BuiltinClassLoader::loadClassOrNull@22
                      ; - jdk.internal.loader.BuiltinClassLoader::loadClass@3
                      ; - java.lang.ClassLoader::loadClass@38
                      ; - java.lang.ClassLoader::loadClass@38
  0x0000027807c0dcc4: b866 97ff 

  0x0000027807c0dcc8: ;   {other}
  0x0000027807c0dcc8: 0f1f 8400 | 3887 00cd | ba45 ffff | ff4c 8b54 | 2438 4c89 | 5424 2044 | 8b44 2430 | 4489 4424 
  0x0000027807c0dce8: 284c 8b54 | 2440 4c89 | 5424 384c | 8b54 2450 | 4c89 5424 | 404c 8b54 | 2478 4c89 | 5424 584c 
  0x0000027807c0dd08: 8b54 2468 | 4c89 5424 | 604c 8b94 | 24a0 0000 | 004c 8994 | 2490 0000 | 004c 8b94 | 24a8 0000 
  0x0000027807c0dd28: 004c 8994 | 24a0 0000 | 0089 8424 | a800 0000 

  0x0000027807c0dd38: ;   {runtime_call UncommonTrapBlob}
  0x0000027807c0dd38: c5f8 77e8 

  0x0000027807c0dd3c: ; ImmutableOopMap {rbp=Oop [32]=Oop [64]=Oop [88]=Oop [128]=Oop [136]=Oop [144]=Oop [160]=Oop [192]=Oop }
                      ;*ifeq {reexecute=1 rethrow=0 return_oop=0}
                      ; - (reexecute) java.util.concurrent.ConcurrentHashMap::get@152
                      ; - jdk.internal.loader.BuiltinClassLoader::findLoadedModule@24
                      ; - jdk.internal.loader.BuiltinClassLoader::loadClassOrNull@22
                      ; - jdk.internal.loader.BuiltinClassLoader::loadClass@3
                      ; - java.lang.ClassLoader::loadClass@38
                      ; - java.lang.ClassLoader::loadClass@38
  0x0000027807c0dd3c: 4066 97ff 

  0x0000027807c0dd40: ;   {other}
  0x0000027807c0dd40: 0f1f 8400 | b087 00ce | 498b d7c5 | f877 49ba | 20a4 1530 | fb7f 0000 

  0x0000027807c0dd58: ;   {other}
  0x0000027807c0dd58: 41ff d20f | 1f84 0000 | 0000 004c | 8b8c 24b0 | 0000 00e9 | ebba ffff | ba45 ffff | ff4c 8b5c 
  0x0000027807c0dd78: 2448 4c89 | 5c24 204c | 8b5c 2458 | 4c89 5c24 | 284c 8b5c | 2450 4c89 | 5c24 484c | 8b5c 2478 
  0x0000027807c0dd98: 4c89 5c24 | 584c 8b5c | 2468 4c89 | 5c24 604c | 8b5c 2470 | 4c89 5c24 | 684c 8b9c | 24a0 0000 
  0x0000027807c0ddb8: 004c 899c | 2488 0000 | 004c 8b9c | 24c0 0000 | 004c 899c | 2490 0000 | 004c 8b9c | 24c0 0000 
  0x0000027807c0ddd8: 004c 899c | 24b8 0000 | 004c 8b9c | 24c8 0000 | 004c 899c | 24c0 0000 | 0044 8b9c | 24d0 0000 
  0x0000027807c0ddf8: 0044 895c | 2434 4889 | 8424 d000 | 0000 6690 

  0x0000027807c0de08: ;   {runtime_call UncommonTrapBlob}
  0x0000027807c0de08: c5f8 77e8 

  0x0000027807c0de0c: ; ImmutableOopMap {rbp=NarrowOop [32]=Oop [40]=Oop [52]=NarrowOop [72]=Oop [88]=Oop [128]=Oop [136]=Oop [144]=Oop [184]=Oop [208]=Oop [280]=Oop }
                      ;*ifnull {reexecute=1 rethrow=0 return_oop=0}
                      ; - (reexecute) java.util.jar.JarFile::maybeInstantiateVerifier@27
                      ; - java.util.jar.JarFile::ensureInitialization@1
                      ; - java.util.jar.JavaUtilJarAccessImpl::ensureInitialization@1
                      ; - jdk.internal.loader.URLClassPath$JarLoader$2::getManifest@10
                      ; - java.net.URLClassLoader::defineClass@34
                      ; - java.net.URLClassLoader$1::run@43
                      ; - java.net.URLClassLoader$1::run@1
                      ; - java.security.AccessController::executePrivileged@29
                      ; - java.security.AccessController::doPrivileged@13
                      ; - java.net.URLClassLoader::findClass@13
                      ; - java.lang.ClassLoader::loadClass@69
                      ; - java.lang.ClassLoader::loadClass@38
  0x0000027807c0de0c: 7065 97ff 

  0x0000027807c0de10: ;   {other}
  0x0000027807c0de10: 0f1f 8400 | 8088 00cf | 4c8b c745 | 8b58 2c45 | 85db 0f84 | 70ca ffff | 4d8b 5728 | 498b cb4d 
  0x0000027807c0de30: 85d2 0f84 | d40b 0000 | 4d8b 5f38 | 4b89 4c13 | f849 83c2 | f84d 8957 | 284c 8bc7 | e947 caff 
  0x0000027807c0de50: ff4c 8b94 | 24e8 0000 | 0045 8b5a | 1445 85db | 0f84 c5cb | ffff 4d8b | 5728 498b | cb4d 85d2 
  0x0000027807c0de70: 0f84 b60b | 0000 4d8b | 5f38 4b89 | 4c13 f849 | 83c2 f84d | 8957 28e9 | 9fcb ffff | 448b 551c 
  0x0000027807c0de90: 4585 d20f | 8451 cbff | ff4d 8b5f | 2849 8bca | 4d85 db0f | 84a3 0b00 | 004d 8b57 | 384b 894c 
  0x0000027807c0deb0: 1af8 4983 | c3f8 4d89 | 5f28 e92b | cbff ff4c | 8b94 24e8 | 0000 0045 | 8b52 1045 | 85d2 0f84 
  0x0000027807c0ded0: dfcc ffff | 4d8b 5f28 | 498b ca4d | 85db 0f84 | a80b 0000 | 4d8b 5738 | 4b89 4c1a | f849 83c3 
  0x0000027807c0def0: f84d 895f | 28e9 b9cc | ffff 448b | 5d1c 4585 | db0f 846b | ccff ff4d | 8b57 2849 

  0x0000027807c0df0c: ;   {no_reloc}
  0x0000027807c0df0c: 8bcb 4d85 | d20f 8455 | 0b00 004d | 8b5f 384b | 894c 13f8 | 4983 c2f8 | 4d89 5728 | e945 ccff 
  0x0000027807c0df2c: ff4c 8bc5 | 448b 5524 | 4585 d20f | 84bf cfff | ff4d 8b5f | 2849 8bca | 4d85 db0f | 847f 0b00 
  0x0000027807c0df4c: 004d 8b57 | 384b 894c | 1af8 4983 | c3f8 4d89 | 5f28 4c8b | c5e9 96cf | ffff 458b | 581c 4585 
  0x0000027807c0df6c: db0f 845b | ceff ff49 | 8bf9 498b | d84d 8b57 | 2849 8bcb | 4d85 d20f | 8423 0b00 | 004d 8b5f 
  0x0000027807c0df8c: 384b 894c | 13f8 4983 | c2f8 4d89 | 5728 4c8b | c34c 8bcf | e929 ceff | ff4c 8b94 | 24e8 0000 
  0x0000027807c0dfac: 0045 8b5a | 1845 85db | 0f84 81cd | ffff 4d8b | 5728 498b | cb4d 85d2 | 0f84 420b | 0000 4d8b 
  0x0000027807c0dfcc: 5f38 4b89 | 4c13 f849 | 83c2 f84d | 8957 28e9 | 5bcd ffff | 498b da44 | 8b55 1c45 | 85d2 0f84 
  0x0000027807c0dfec: 0acd ffff | 4d8b 5f28 | 498b ca4d | 85db 0f84 | ec0a 0000 | 4d8b 5738 | 4b89 4c1a | f849 83c3 
  0x0000027807c0e00c: ;   {no_reloc}
  0x0000027807c0e00c: f84d 895f | 28e9 e4cc | ffff 4c8b | c544 8b55 | 3445 85d2 | 0f84 84cf | ffff 4d8b | 5f28 498b 
  0x0000027807c0e02c: ca4d 85db | 0f84 f60a | 0000 488b | dd4d 8b57 | 384b 894c | 1af8 4983 | c3f8 4d89 | 5f28 4c8b 
  0x0000027807c0e04c: c3e9 58cf | ffff 4c8b | c545 8b50 | 3845 85d2 | 0f84 04d0 | ffff 4d8b | 5f28 498b | ca4d 85db 
  0x0000027807c0e06c: 0f84 fd0a | 0000 498b | d84d 8b57 | 384b 894c | 1af8 4983 | c3f8 4d89 | 5f28 4c8b | c3e9 d8cf 
  0x0000027807c0e08c: ffff 4c8b | 8424 e000 | 0000 458b | 5830 4585 | db0f 8413 | d0ff ff49 | 8bf0 4d8b | 5728 498b 
  0x0000027807c0e0ac: cb4d 85d2 | 0f84 990a | 0000 4d8b | 5f38 4b89 | 4c13 f849 | 83c2 f84d | 8957 284c | 8bc6 e9e7 
  0x0000027807c0e0cc: cfff ff4d | 8b57 484d | 8b5f 58f0 | 8344 24c0 | 0080 3900 | 0f84 89c9 | ffff 4488 | 214d 85d2 
  0x0000027807c0e0ec: 7520 498b | d7c5 f877 | 49ba 00a4 | 1530 fb7f | 0000 41ff 

  0x0000027807c0e100: ;   {other}
  0x0000027807c0e100: d20f 1f84 | 0000 0000 | 00e9 61c9 | ffff 4b89 | 4c13 f849 | 83c2 f84d | 8957 48e9 | 4fc9 ffff 
  0x0000027807c0e120: 4d8b 5758 | 4d8b 5f48 | f083 4424 | c000 8039 | 000f 84e9 | c8ff ff44 | 8821 4d85 | db75 2049 
  0x0000027807c0e140: 8bd7 c5f8 | 7749 ba00 | a415 30fb | 7f00 0041 

  0x0000027807c0e150: ;   {other}
  0x0000027807c0e150: ffd2 0f1f | 8400 0000 | 0000 e9c1 | c8ff ff4b | 894c 1af8 | 4983 c3f8 | 4d89 5f48 | e9af c8ff 
  0x0000027807c0e170: ff4d 8b57 | 584d 8b5f | 48f0 8344 | 24c0 0080 | 3900 0f84 | 6fca ffff | 4488 214d | 85db 7520 
  0x0000027807c0e190: 498b d7c5 | f877 49ba | 00a4 1530 | fb7f 0000 

  0x0000027807c0e1a0: ;   {other}
  0x0000027807c0e1a0: 41ff d20f | 1f84 0000 | 0000 00e9 | 47ca ffff | 4b89 4c1a | f849 83c3 | f84d 895f | 48e9 35ca 
  0x0000027807c0e1c0: ffff 4d8b | 5758 4d8b | 5f48 f083 | 4424 c000 | 8039 000f | 84cf c9ff | ff44 8821 | 4d85 db75 
  0x0000027807c0e1e0: 2049 8bd7 | c5f8 7749 | ba00 a415 | 30fb 7f00 | 0041 ffd2 

  0x0000027807c0e1f4: ;   {other}
  0x0000027807c0e1f4: 0f1f 8400 | 0000 0000 | e9a7 c9ff | ff4b 894c | 1af8 4983 | c3f8 4d89 | 5f48 e995 | c9ff ff4d 
  0x0000027807c0e214: 8b57 584d | 8b5f 48f0 | 8344 24c0 | 0080 3900 | 0f84 c4cc | ffff 4488 | 214d 85db | 7520 498b 
  0x0000027807c0e234: d7c5 f877 | 49ba 00a4 | 1530 fb7f | 0000 41ff 

  0x0000027807c0e244: ;   {other}
  0x0000027807c0e244: d20f 1f84 | 0000 0000 | 00e9 9ccc | ffff 4b89 | 4c1a f849 | 83c3 f84d | 895f 48e9 | 8acc ffff 
  0x0000027807c0e264: 4d8b 5748 | 4d8b 5f58 | f083 4424 | c000 8039 | 0074 3244 | 8821 4d85 | d274 0f4b | 894c 13f8 
  0x0000027807c0e284: 4983 c2f8 | 4d89 5748 | eb1b 498b | d7c5 f877 | 49ba 00a4 | 1530 fb7f | 0000 41ff 

  0x0000027807c0e2a0: ;   {other}
  0x0000027807c0e2a0: d20f 1f84 | 0000 0000 | 004c 8b84 | 24e8 0000 | 00e9 c4ca | ffff 4d8b | 5748 4d8b | 5f58 f083 
  0x0000027807c0e2c0: 4424 c000 | 8039 000f | 8463 caff | ff44 8821 | 4d85 d275 | 2049 8bd7 | c5f8 7749 | ba00 a415 
  0x0000027807c0e2e0: 30fb 7f00 | 0041 ffd2 

  0x0000027807c0e2e8: ;   {other}
  0x0000027807c0e2e8: 0f1f 8400 | 0000 0000 | e93b caff | ff4b 894c | 13f8 4983 | c2f8 4d89 | 5748 e929 | caff ff49 
  0x0000027807c0e308: 8bd8 4d8b | 5758 4d8b | 5f48 f083 | 4424 c000 | 8039 0074 | 3244 8821 | 4d85 db74 | 0f4b 894c 
  0x0000027807c0e328: 1af8 4983 | c3f8 4d89 | 5f48 eb1b | 498b d7c5 | f877 49ba | 00a4 1530 | fb7f 0000 

  0x0000027807c0e344: ;   {other}
  0x0000027807c0e344: 41ff d20f | 1f84 0000 | 0000 004c | 8bc3 e9aa | caff ff49 | 8bd8 4d8b | 5748 4d8b | 5f58 f083 
  0x0000027807c0e364: 4424 c000 | 8039 0074 | 3244 8821 | 4d85 d274 | 0f4b 894c | 13f8 4983 | c2f8 4d89 | 5748 eb1b 
  0x0000027807c0e384: 498b d7c5 | f877 49ba | 00a4 1530 | fb7f 0000 

  0x0000027807c0e394: ;   {other}
  0x0000027807c0e394: 41ff d20f | 1f84 0000 | 0000 004c | 8bc3 e987 | cbff ff4d | 8b57 484d | 8b5f 58f0 | 8344 24c0 
  0x0000027807c0e3b4: 0080 3900 | 0f84 26cc | ffff 4488 | 214d 85d2 | 7520 498b | d7c5 f877 | 49ba 00a4 | 1530 fb7f 
  0x0000027807c0e3d4: 0000 41ff 

  0x0000027807c0e3d8: ;   {other}
  0x0000027807c0e3d8: d20f 1f84 | 0000 0000 | 00e9 fecb | ffff 4b89 | 4c13 f849 | 83c2 f84d | 8957 48e9 | eccb ffff 
  0x0000027807c0e3f8: 4d8b 5748 | 4d8b 5f58 | f083 4424 | c000 8039 | 000f 8494 | ccff ff44 | 8821 4d85 | d275 2049 
  0x0000027807c0e418: 8bd7 c5f8 | 7749 ba00 | a415 30fb | 7f00 0041 

  0x0000027807c0e428: ;   {other}
  0x0000027807c0e428: ffd2 0f1f | 8400 0000 | 0000 e96c | ccff ff4b | 894c 13f8 | 4983 c2f8 | 4d89 5748 | e95a ccff 
  0x0000027807c0e448: ff4d 8b57 | 584d 8b5f | 48f0 8344 | 24c0 0080 | 3900 0f84 | 2ac4 ffff | 4488 214d | 85db 7520 
  0x0000027807c0e468: 498b d7c5 | f877 49ba | 00a4 1530 | fb7f 0000 

  0x0000027807c0e478: ;   {other}
  0x0000027807c0e478: 41ff d20f | 1f84 0000 | 0000 00e9 | 02c4 ffff | 4b89 4c1a | f849 83c3 | f84d 895f | 48e9 f0c3 
  0x0000027807c0e498: ffff 498b | f849 8bd9 | 4d8b 5758 | 4d8b 5f48 | f083 4424 | c000 8039 | 0074 3244 | 8821 4d85 
  0x0000027807c0e4b8: db74 0f4b | 894c 1af8 | 4983 c3f8 | 4d89 5f48 | eb1b 498b | d7c5 f877 | 49ba 00a4 | 1530 fb7f 
  0x0000027807c0e4d8: 0000 41ff 

  0x0000027807c0e4dc: ;   {other}
  0x0000027807c0e4dc: d20f 1f84 | 0000 0000 | 004c 8bcb | 4c8b c7e9 | e5c3 ffff 

  0x0000027807c0e4f0: ;   {metadata('java/util/jar/JarVerifier')}
  0x0000027807c0e4f0: 48ba 789e | 160f 7802 | 0000 6690 

  0x0000027807c0e4fc: ;   {runtime_call _new_instance_Java}
  0x0000027807c0e4fc: c5f8 77e8 

  0x0000027807c0e500: ; ImmutableOopMap {rbp=Oop [32]=NarrowOop [40]=Oop [56]=Oop [72]=Oop [80]=Oop [120]=Oop [128]=Oop [160]=Oop [184]=Oop [192]=Oop [208]=NarrowOop [216]=Oop [224]=Oop [280]=Oop }
                      ;*new {reexecute=0 rethrow=0 return_oop=1}
                      ; - java.util.jar.JarFile::getManifestFromReference@69
                      ; - java.util.jar.JarFile::getManifest@1
                      ; - jdk.internal.loader.URLClassPath$JarLoader$2::getManifest@22
                      ; - java.net.URLClassLoader::defineClass@34
                      ; - java.net.URLClassLoader$1::run@43
                      ; - java.net.URLClassLoader$1::run@1
                      ; - java.security.AccessController::executePrivileged@29
                      ; - java.security.AccessController::doPrivileged@13
                      ; - java.net.URLClassLoader::findClass@13
                      ; - java.lang.ClassLoader::loadClass@69
                      ; - java.lang.ClassLoader::loadClass@38
  0x0000027807c0e500: 7c80 a3ff 

  0x0000027807c0e504: ;   {other}
  0x0000027807c0e504: 0f1f 8400 | 748f 00d0 | e912 c3ff | ff4c 8984 | 24e8 0000 | 004c 898c | 24d8 0000 

  0x0000027807c0e520: ;   {metadata('java/util/Hashtable')}
  0x0000027807c0e520: 0048 bab8 | d300 0f78 | 0200 004c | 8b54 2438 | 4c89 5424 | 2866 6690 

  0x0000027807c0e538: ;   {runtime_call _new_instance_Java}
  0x0000027807c0e538: c5f8 77e8 

  0x0000027807c0e53c: ; ImmutableOopMap {rbp=Oop [32]=NarrowOop [40]=Oop [72]=Oop [80]=Oop [120]=Oop [128]=Oop [160]=Oop [184]=Oop [192]=Oop [208]=NarrowOop [216]=Oop [224]=Oop [232]=Oop [280]=Oop }
                      ;*new {reexecute=0 rethrow=0 return_oop=1}
                      ; - java.util.jar.JarVerifier::<init>@35
                      ; - java.util.jar.JarFile::getManifestFromReference@78
                      ; - java.util.jar.JarFile::getManifest@1
                      ; - jdk.internal.loader.URLClassPath$JarLoader$2::getManifest@22
                      ; - java.net.URLClassLoader::defineClass@34
                      ; - java.net.URLClassLoader$1::run@43
                      ; - java.net.URLClassLoader$1::run@1
                      ; - java.security.AccessController::executePrivileged@29
                      ; - java.security.AccessController::doPrivileged@13
                      ; - java.net.URLClassLoader::findClass@13
                      ; - java.lang.ClassLoader::loadClass@69
                      ; - java.lang.ClassLoader::loadClass@38
  0x0000027807c0e53c: 4080 a3ff 

  0x0000027807c0e540: ;   {other}
  0x0000027807c0e540: 0f1f 8400 | b08f 00d1 | e9e4 c3ff 

  0x0000027807c0e54c: ;   {metadata('java/util/Hashtable')}
  0x0000027807c0e54c: ff48 bab8 | d300 0f78 | 0200 0048 | 8b6c 2448 | 4c8b 5424 | 384c 8954 | 2428 6690 

  0x0000027807c0e568: ;   {runtime_call _new_instance_Java}
  0x0000027807c0e568: c5f8 77e8 

  0x0000027807c0e56c: ; ImmutableOopMap {rbp=Oop [32]=NarrowOop [40]=Oop [72]=Oop [80]=Oop [120]=Oop [128]=Oop [160]=Oop [184]=Oop [192]=Oop [208]=NarrowOop [216]=Oop [224]=Oop [232]=Oop [280]=Oop }
                      ;*new {reexecute=0 rethrow=0 return_oop=1}
                      ; - java.util.jar.JarVerifier::<init>@46
                      ; - java.util.jar.JarFile::getManifestFromReference@78
                      ; - java.util.jar.JarFile::getManifest@1
                      ; - jdk.internal.loader.URLClassPath$JarLoader$2::getManifest@22
                      ; - java.net.URLClassLoader::defineClass@34
                      ; - java.net.URLClassLoader$1::run@43
                      ; - java.net.URLClassLoader$1::run@1
                      ; - java.security.AccessController::executePrivileged@29
                      ; - java.security.AccessController::doPrivileged@13
                      ; - java.net.URLClassLoader::findClass@13
                      ; - java.lang.ClassLoader::loadClass@69
                      ; - java.lang.ClassLoader::loadClass@38
  0x0000027807c0e56c: 1080 a3ff 

  0x0000027807c0e570: ;   {other}
  0x0000027807c0e570: 0f1f 8400 | e08f 00d2 | e93e c5ff 

  0x0000027807c0e57c: ;   {metadata('java/util/Hashtable$Entry'[])}
  0x0000027807c0e57c: ff48 baa8 | 7f13 0f78 | 0200 0041 | b80b 0000 | 0066 6690 

  0x0000027807c0e590: ;   {runtime_call _new_array_Java}
  0x0000027807c0e590: c5f8 77e8 

  0x0000027807c0e594: ; ImmutableOopMap {rbp=Oop [32]=NarrowOop [56]=Oop [72]=Oop [80]=Oop [120]=Oop [128]=Oop [160]=Oop [184]=Oop [192]=Oop [208]=NarrowOop [216]=Oop [224]=Oop [232]=Oop [280]=Oop }
                      ;*anewarray {reexecute=0 rethrow=0 return_oop=1}
                      ; - java.util.Hashtable::<init>@93
                      ; - java.util.Hashtable::<init>@5
                      ; - java.util.jar.JarVerifier::<init>@39
                      ; - java.util.jar.JarFile::getManifestFromReference@78
                      ; - java.util.jar.JarFile::getManifest@1
                      ; - jdk.internal.loader.URLClassPath$JarLoader$2::getManifest@22
                      ; - java.net.URLClassLoader::defineClass@34
                      ; - java.net.URLClassLoader$1::run@43
                      ; - java.net.URLClassLoader$1::run@1
                      ; - java.security.AccessController::executePrivileged@29
                      ; - java.security.AccessController::doPrivileged@13
                      ; - java.net.URLClassLoader::findClass@13
                      ; - java.lang.ClassLoader::loadClass@69
                      ; - java.lang.ClassLoader::loadClass@38
  0x0000027807c0e594: e882 a3ff 

  0x0000027807c0e598: ;   {other}
  0x0000027807c0e598: 0f1f 8400 | 0890 00d3 | 4c8b d0e9 | 34c4 ffff 

  0x0000027807c0e5a8: ;   {metadata('java/util/Hashtable')}
  0x0000027807c0e5a8: 48ba b8d3 | 000f 7802 | 0000 488b | 6c24 484c | 8b54 2438 | 4c89 5424 | 2866 6690 

  0x0000027807c0e5c4: ;   {runtime_call _new_instance_Java}
  0x0000027807c0e5c4: c5f8 77e8 

  0x0000027807c0e5c8: ; ImmutableOopMap {rbp=Oop [32]=NarrowOop [40]=Oop [72]=Oop [80]=Oop [120]=Oop [128]=Oop [160]=Oop [184]=Oop [192]=Oop [208]=NarrowOop [216]=Oop [224]=Oop [232]=Oop [280]=Oop }
                      ;*new {reexecute=0 rethrow=0 return_oop=1}
                      ; - java.util.jar.JarVerifier::<init>@57
                      ; - java.util.jar.JarFile::getManifestFromReference@78
                      ; - java.util.jar.JarFile::getManifest@1
                      ; - jdk.internal.loader.URLClassPath$JarLoader$2::getManifest@22
                      ; - java.net.URLClassLoader::defineClass@34
                      ; - java.net.URLClassLoader$1::run@43
                      ; - java.net.URLClassLoader$1::run@1
                      ; - java.security.AccessController::executePrivileged@29
                      ; - java.security.AccessController::doPrivileged@13
                      ; - java.net.URLClassLoader::findClass@13
                      ; - java.lang.ClassLoader::loadClass@69
                      ; - java.lang.ClassLoader::loadClass@38
  0x0000027807c0e5c8: b47f a3ff 

  0x0000027807c0e5cc: ;   {other}
  0x0000027807c0e5cc: 0f1f 8400 | 3c90 00d4 | e96a c6ff 

  0x0000027807c0e5d8: ;   {metadata('java/util/Hashtable$Entry'[])}
  0x0000027807c0e5d8: ff48 baa8 | 7f13 0f78 | 0200 0041 | b80b 0000 | 0066 6690 

  0x0000027807c0e5ec: ;   {runtime_call _new_array_Java}
  0x0000027807c0e5ec: c5f8 77e8 

  0x0000027807c0e5f0: ; ImmutableOopMap {rbp=Oop [32]=NarrowOop [56]=Oop [72]=Oop [80]=Oop [120]=Oop [128]=Oop [160]=Oop [184]=Oop [192]=Oop [208]=NarrowOop [216]=Oop [224]=Oop [232]=Oop [280]=Oop }
                      ;*anewarray {reexecute=0 rethrow=0 return_oop=1}
                      ; - java.util.Hashtable::<init>@93
                      ; - java.util.Hashtable::<init>@5
                      ; - java.util.jar.JarVerifier::<init>@50
                      ; - java.util.jar.JarFile::getManifestFromReference@78
                      ; - java.util.jar.JarFile::getManifest@1
                      ; - jdk.internal.loader.URLClassPath$JarLoader$2::getManifest@22
                      ; - java.net.URLClassLoader::defineClass@34
                      ; - java.net.URLClassLoader$1::run@43
                      ; - java.net.URLClassLoader$1::run@1
                      ; - java.security.AccessController::executePrivileged@29
                      ; - java.security.AccessController::doPrivileged@13
                      ; - java.net.URLClassLoader::findClass@13
                      ; - java.lang.ClassLoader::loadClass@69
                      ; - java.lang.ClassLoader::loadClass@38
  0x0000027807c0e5f0: 8c82 a3ff 

  0x0000027807c0e5f4: ;   {other}
  0x0000027807c0e5f4: 0f1f 8400 | 6490 00d5 | 4c8b d0e9 | 60c5 ffff 

  0x0000027807c0e604: ;   {metadata('java/io/ByteArrayOutputStream')}
  0x0000027807c0e604: 498b e848 | baa0 0022 | 0f78 0200 | 0066 6690 

  0x0000027807c0e614: ;   {runtime_call _new_instance_Java}
  0x0000027807c0e614: c5f8 77e8 

  0x0000027807c0e618: ; ImmutableOopMap {rbp=Oop [32]=NarrowOop [56]=Oop [72]=Oop [80]=Oop [120]=Oop [128]=Oop [160]=Oop [184]=Oop [192]=Oop [208]=NarrowOop [216]=Oop [224]=Oop [280]=Oop }
                      ;*new {reexecute=0 rethrow=0 return_oop=1}
                      ; - java.util.jar.JarVerifier::<init>@81
                      ; - java.util.jar.JarFile::getManifestFromReference@78
                      ; - java.util.jar.JarFile::getManifest@1
                      ; - jdk.internal.loader.URLClassPath$JarLoader$2::getManifest@22
                      ; - java.net.URLClassLoader::defineClass@34
                      ; - java.net.URLClassLoader$1::run@43
                      ; - java.net.URLClassLoader$1::run@1
                      ; - java.security.AccessController::executePrivileged@29
                      ; - java.security.AccessController::doPrivileged@13
                      ; - java.net.URLClassLoader::findClass@13
                      ; - java.lang.ClassLoader::loadClass@69
                      ; - java.lang.ClassLoader::loadClass@38
  0x0000027807c0e618: 647f a3ff 

  0x0000027807c0e61c: ;   {other}
  0x0000027807c0e61c: 0f1f 8400 | 8c90 00d6 | 4c8b c54c | 8bd8 e913 | c8ff ff4c | 895c 2428 

  0x0000027807c0e634: ;   {metadata({type array byte})}
  0x0000027807c0e634: 498b e848 | ba18 2300 | 0f78 0200 | 0041 b820 | 0000 004c | 8b94 24b8 | 0000 004c | 8954 2458 
  0x0000027807c0e654: ;   {runtime_call _new_array_Java}
  0x0000027807c0e654: c5f8 77e8 

  0x0000027807c0e658: ; ImmutableOopMap {rbp=Oop [32]=NarrowOop [40]=Oop [72]=Oop [80]=Oop [88]=Oop [120]=Oop [128]=Oop [160]=Oop [184]=Oop [192]=Oop [208]=NarrowOop [216]=Oop [224]=Oop [280]=Oop }
                      ;*newarray {reexecute=0 rethrow=0 return_oop=1}
                      ; - java.io.ByteArrayOutputStream::<init>@37
                      ; - java.io.ByteArrayOutputStream::<init>@3
                      ; - java.util.jar.JarVerifier::<init>@85
                      ; - java.util.jar.JarFile::getManifestFromReference@78
                      ; - java.util.jar.JarFile::getManifest@1
                      ; - jdk.internal.loader.URLClassPath$JarLoader$2::getManifest@22
                      ; - java.net.URLClassLoader::defineClass@34
                      ; - java.net.URLClassLoader$1::run@43
                      ; - java.net.URLClassLoader$1::run@1
                      ; - java.security.AccessController::executePrivileged@29
                      ; - java.security.AccessController::doPrivileged@13
                      ; - java.net.URLClassLoader::findClass@13
                      ; - java.lang.ClassLoader::loadClass@69
                      ; - java.lang.ClassLoader::loadClass@38
  0x0000027807c0e658: 2482 a3ff 

  0x0000027807c0e65c: ;   {other}
  0x0000027807c0e65c: 0f1f 8400 | cc90 00d7 | e948 c8ff | ff49 8be8 

  0x0000027807c0e66c: ;   {metadata('java/util/ArrayList')}
  0x0000027807c0e66c: 48ba d089 | 0b0f 7802 | 0000 4c8b | 9424 b800 | 0000 4c89 | 5424 3890 

  0x0000027807c0e684: ;   {runtime_call _new_instance_Java}
  0x0000027807c0e684: c5f8 77e8 

  0x0000027807c0e688: ; ImmutableOopMap {rbp=Oop [32]=NarrowOop [56]=Oop [72]=Oop [80]=Oop [120]=Oop [128]=Oop [160]=Oop [184]=Oop [192]=Oop [208]=NarrowOop [216]=Oop [224]=Oop [280]=Oop }
                      ;*new {reexecute=0 rethrow=0 return_oop=1}
                      ; - java.util.jar.JarVerifier::<init>@92
                      ; - java.util.jar.JarFile::getManifestFromReference@78
                      ; - java.util.jar.JarFile::getManifest@1
                      ; - jdk.internal.loader.URLClassPath$JarLoader$2::getManifest@22
                      ; - java.net.URLClassLoader::defineClass@34
                      ; - java.net.URLClassLoader$1::run@43
                      ; - java.net.URLClassLoader$1::run@1
                      ; - java.security.AccessController::executePrivileged@29
                      ; - java.security.AccessController::doPrivileged@13
                      ; - java.net.URLClassLoader::findClass@13
                      ; - java.lang.ClassLoader::loadClass@69
                      ; - java.lang.ClassLoader::loadClass@38
  0x0000027807c0e688: f47e a3ff 

  0x0000027807c0e68c: ;   {other}
  0x0000027807c0e68c: 0f1f 8400 | fc90 00d8 | e9d8 c8ff | ff49 8be8 

  0x0000027807c0e69c: ;   {metadata('java/util/ArrayList')}
  0x0000027807c0e69c: 48ba d089 | 0b0f 7802 | 0000 6690 

  0x0000027807c0e6a8: ;   {runtime_call _new_instance_Java}
  0x0000027807c0e6a8: c5f8 77e8 

  0x0000027807c0e6ac: ; ImmutableOopMap {rbp=Oop [32]=NarrowOop [56]=Oop [72]=Oop [80]=Oop [120]=Oop [128]=Oop [160]=Oop [184]=Oop [192]=Oop [208]=NarrowOop [216]=Oop [224]=Oop [280]=Oop }
                      ;*new {reexecute=0 rethrow=0 return_oop=1}
                      ; - java.util.jar.JarVerifier::<init>@70
                      ; - java.util.jar.JarFile::getManifestFromReference@78
                      ; - java.util.jar.JarFile::getManifest@1
                      ; - jdk.internal.loader.URLClassPath$JarLoader$2::getManifest@22
                      ; - java.net.URLClassLoader::defineClass@34
                      ; - java.net.URLClassLoader$1::run@43
                      ; - java.net.URLClassLoader$1::run@1
                      ; - java.security.AccessController::executePrivileged@29
                      ; - java.security.AccessController::doPrivileged@13
                      ; - java.net.URLClassLoader::findClass@13
                      ; - java.lang.ClassLoader::loadClass@69
                      ; - java.lang.ClassLoader::loadClass@38
  0x0000027807c0e6ac: d07e a3ff 

  0x0000027807c0e6b0: ;   {other}
  0x0000027807c0e6b0: 0f1f 8400 | 2091 00d9 | 4c8b c54c | 8bc8 e9f8 

  0x0000027807c0e6c0: ;   {metadata('java/util/Hashtable$Entry'[])}
  0x0000027807c0e6c0: c6ff ff48 | baa8 7f13 | 0f78 0200 | 0041 b80b | 0000 0090 

  0x0000027807c0e6d4: ;   {runtime_call _new_array_Java}
  0x0000027807c0e6d4: c5f8 77e8 

  0x0000027807c0e6d8: ; ImmutableOopMap {rbp=Oop [32]=NarrowOop [56]=Oop [72]=Oop [80]=Oop [120]=Oop [128]=Oop [160]=Oop [184]=Oop [192]=Oop [208]=NarrowOop [216]=Oop [224]=Oop [232]=Oop [280]=Oop }
                      ;*anewarray {reexecute=0 rethrow=0 return_oop=1}
                      ; - java.util.Hashtable::<init>@93
                      ; - java.util.Hashtable::<init>@4
                      ; - java.util.jar.JarVerifier::<init>@63
                      ; - java.util.jar.JarFile::getManifestFromReference@78
                      ; - java.util.jar.JarFile::getManifest@1
                      ; - jdk.internal.loader.URLClassPath$JarLoader$2::getManifest@22
                      ; - java.net.URLClassLoader::defineClass@34
                      ; - java.net.URLClassLoader$1::run@43
                      ; - java.net.URLClassLoader$1::run@1
                      ; - java.security.AccessController::executePrivileged@29
                      ; - java.security.AccessController::doPrivileged@13
                      ; - java.net.URLClassLoader::findClass@13
                      ; - java.lang.ClassLoader::loadClass@69
                      ; - java.lang.ClassLoader::loadClass@38
  0x0000027807c0e6d8: a481 a3ff 

  0x0000027807c0e6dc: ;   {other}
  0x0000027807c0e6dc: 0f1f 8400 | 4c91 00da | 4c8b d0e9 | 00c6 ffff 

  0x0000027807c0e6ec: ;   {metadata('java/util/HashMap')}
  0x0000027807c0e6ec: 48ba 68a9 | 080f 7802 | 0000 4c8b | 5424 584c | 8954 2438 

  0x0000027807c0e700: ;   {runtime_call _new_instance_Java}
  0x0000027807c0e700: c5f8 77e8 

  0x0000027807c0e704: ; ImmutableOopMap {rbp=Oop [32]=NarrowOop [56]=Oop [72]=Oop [80]=Oop [120]=Oop [128]=Oop [160]=Oop [184]=Oop [192]=Oop [208]=NarrowOop [216]=Oop [224]=Oop [280]=Oop }
                      ;*new {reexecute=0 rethrow=0 return_oop=1}
                      ; - java.util.jar.JarVerifier::<init>@103
                      ; - java.util.jar.JarFile::getManifestFromReference@78
                      ; - java.util.jar.JarFile::getManifest@1
                      ; - jdk.internal.loader.URLClassPath$JarLoader$2::getManifest@22
                      ; - java.net.URLClassLoader::defineClass@34
                      ; - java.net.URLClassLoader$1::run@43
                      ; - java.net.URLClassLoader$1::run@1
                      ; - java.security.AccessController::executePrivileged@29
                      ; - java.security.AccessController::doPrivileged@13
                      ; - java.net.URLClassLoader::findClass@13
                      ; - java.lang.ClassLoader::loadClass@69
                      ; - java.lang.ClassLoader::loadClass@38
  0x0000027807c0e704: 787e a3ff 

  0x0000027807c0e708: ;   {other}
  0x0000027807c0e708: 0f1f 8400 | 7891 00db | e91b c9ff | ffba deff | ffff 4c8b | 5c24 384c | 895c 2420 | 448b 4c24 
  0x0000027807c0e728: 3044 894c | 2428 4c8b | 5c24 404c | 895c 2438 | 4c8b 5c24 | 504c 895c | 2440 4c8b | 5c24 784c 
  0x0000027807c0e748: 895c 2450 | 4c8b 5c24 | 684c 895c | 2458 4c8b | 5c24 704c | 895c 2460 | 4c8b 9c24 | 8000 0000 
  0x0000027807c0e768: 4c89 5c24 | 784c 8b9c | 24a0 0000 | 004c 899c | 2480 0000 | 004c 8b9c | 24c0 0000 | 004c 899c 
  0x0000027807c0e788: 2488 0000 | 004c 8b9c | 24c0 0000 | 004c 899c | 24a8 0000 | 004c 8b9c | 24c8 0000 | 004c 899c 
  0x0000027807c0e7a8: 24b0 0000 | 0044 8b9c | 24d0 0000 | 0044 895c | 242c 4c8b | 9c24 e000 | 0000 4c89 | 9c24 c000 
  0x0000027807c0e7c8: 0000 4c8b | 9c24 d800 | 0000 4c89 | 9c24 c800 | 0000 4c89 | 8424 e000 | 0000 4c89 | 9424 e800 
  0x0000027807c0e7e8: 0000 6690 

  0x0000027807c0e7ec: ;   {runtime_call UncommonTrapBlob}
  0x0000027807c0e7ec: c5f8 77e8 

  0x0000027807c0e7f0: ; ImmutableOopMap {rbp=Oop [32]=Oop [44]=NarrowOop [64]=Oop [80]=Oop [120]=Oop [128]=Oop [136]=Oop [168]=Oop [192]=Oop [200]=Oop [224]=Oop [232]=Oop [280]=Oop }
                      ;*invokevirtual getName {reexecute=0 rethrow=0 return_oop=0}
                      ; - java.util.jar.JarFile::getManifestFromReference@74
                      ; - java.util.jar.JarFile::getManifest@1
                      ; - jdk.internal.loader.URLClassPath$JarLoader$2::getManifest@22
                      ; - java.net.URLClassLoader::defineClass@34
                      ; - java.net.URLClassLoader$1::run@43
                      ; - java.net.URLClassLoader$1::run@1
                      ; - java.security.AccessController::executePrivileged@29
                      ; - java.security.AccessController::doPrivileged@13
                      ; - java.net.URLClassLoader::findClass@13
                      ; - java.lang.ClassLoader::loadClass@69
                      ; - java.lang.ClassLoader::loadClass@38
  0x0000027807c0e7f0: 8c5b 97ff 

  0x0000027807c0e7f4: ;   {other}
  0x0000027807c0e7f4: 0f1f 8400 | 6492 00dc | ba0f 0000 | 004c 8b54 | 2448 4c89 | 5424 204c | 8b54 2438 | 4c89 5424 
  0x0000027807c0e814: 284c 8b54 | 2450 4c89 | 5424 484c | 8b54 2478 | 4c89 5424 | 584c 8b54 | 2468 4c89 | 5424 604c 
  0x0000027807c0e834: 8b54 2470 | 4c89 5424 | 684c 8b94 | 24c0 0000 | 004c 8994 | 2490 0000 | 004c 8b94 | 24c0 0000 
  0x0000027807c0e854: 004c 8994 | 24b0 0000 | 004c 8b94 | 24c8 0000 | 004c 8994 | 24b8 0000 | 0044 8b94 | 24d0 0000 
  0x0000027807c0e874: 0044 8954 | 2434 4c8b | 9424 e000 | 0000 4c89 | 9424 c800 | 0000 4c8b | 9424 d800 | 0000 4c89 
  0x0000027807c0e894: 9424 d000 | 0000 6690 

  0x0000027807c0e89c: ;   {runtime_call UncommonTrapBlob}
  0x0000027807c0e89c: c5f8 77e8 

  0x0000027807c0e8a0: ; ImmutableOopMap {rbp=Oop [32]=Oop [40]=Oop [52]=NarrowOop [72]=Oop [88]=Oop [128]=Oop [144]=Oop [160]=Oop [176]=Oop [200]=Oop [208]=Oop [232]=Oop [280]=Oop }
                      ;*new {reexecute=0 rethrow=0 return_oop=0}
                      ; - java.util.Hashtable::<init>@53
                      ; - java.util.Hashtable::<init>@5
                      ; - java.util.jar.JarVerifier::<init>@39
                      ; - java.util.jar.JarFile::getManifestFromReference@78
                      ; - java.util.jar.JarFile::getManifest@1
                      ; - jdk.internal.loader.URLClassPath$JarLoader$2::getManifest@22
                      ; - java.net.URLClassLoader::defineClass@34
                      ; - java.net.URLClassLoader$1::run@43
                      ; - java.net.URLClassLoader$1::run@1
                      ; - java.security.AccessController::executePrivileged@29
                      ; - java.security.AccessController::doPrivileged@13
                      ; - java.net.URLClassLoader::findClass@13
                      ; - java.lang.ClassLoader::loadClass@69
                      ; - java.lang.ClassLoader::loadClass@38
  0x0000027807c0e8a0: dc5a 97ff 

  0x0000027807c0e8a4: ;   {other}
  0x0000027807c0e8a4: 0f1f 8400 | 1493 00dd | ba0f 0000 | 004c 8b54 | 2448 4c89 | 5424 204c | 8b54 2438 | 4c89 5424 
  0x0000027807c0e8c4: 284c 8b54 | 2450 4c89 | 5424 484c | 8b54 2478 | 4c89 5424 | 584c 8b54 | 2468 4c89 | 5424 604c 
  0x0000027807c0e8e4: 8b54 2470 | 4c89 5424 | 684c 8b94 | 24c0 0000 | 004c 8994 | 2490 0000 | 004c 8b94 | 24c0 0000 
  0x0000027807c0e904: 004c 8994 | 24b0 0000 | 004c 8b94 | 24c8 0000 | 004c 8994 | 24b8 0000 | 0044 8b9c | 24d0 0000 
  0x0000027807c0e924: 0044 895c | 2434 4c8b | 9424 e000 | 0000 4c89 | 9424 c800 | 0000 4c8b | 9424 d800 | 0000 4c89 
  0x0000027807c0e944: 9424 d000 | 0000 6690 

  0x0000027807c0e94c: ;   {runtime_call UncommonTrapBlob}
  0x0000027807c0e94c: c5f8 77e8 

  0x0000027807c0e950: ; ImmutableOopMap {rbp=Oop [32]=Oop [40]=Oop [52]=NarrowOop [72]=Oop [88]=Oop [128]=Oop [144]=Oop [160]=Oop [176]=Oop [200]=Oop [208]=Oop [232]=Oop [280]=Oop }
                      ;*new {reexecute=0 rethrow=0 return_oop=0}
                      ; - java.util.Hashtable::<init>@53
                      ; - java.util.Hashtable::<init>@5
                      ; - java.util.jar.JarVerifier::<init>@50
                      ; - java.util.jar.JarFile::getManifestFromReference@78
                      ; - java.util.jar.JarFile::getManifest@1
                      ; - jdk.internal.loader.URLClassPath$JarLoader$2::getManifest@22
                      ; - java.net.URLClassLoader::defineClass@34
                      ; - java.net.URLClassLoader$1::run@43
                      ; - java.net.URLClassLoader$1::run@1
                      ; - java.security.AccessController::executePrivileged@29
                      ; - java.security.AccessController::doPrivileged@13
                      ; - java.net.URLClassLoader::findClass@13
                      ; - java.lang.ClassLoader::loadClass@69
                      ; - java.lang.ClassLoader::loadClass@38
  0x0000027807c0e950: 2c5a 97ff 

  0x0000027807c0e954: ;   {other}
  0x0000027807c0e954: 0f1f 8400 | c493 00de | ba0f 0000 | 004c 8b54 | 2448 4c89 | 5424 204c | 8b54 2438 | 4c89 5424 
  0x0000027807c0e974: 284c 8b54 | 2450 4c89 | 5424 484c | 8b54 2478 | 4c89 5424 | 584c 8b54 | 2468 4c89 | 5424 604c 
  0x0000027807c0e994: 8b54 2470 | 4c89 5424 | 684c 8b94 | 24c0 0000 | 004c 8994 | 2490 0000 | 004c 8b94 | 24c0 0000 
  0x0000027807c0e9b4: 004c 8994 | 24b0 0000 | 004c 8b94 | 24c8 0000 | 004c 8994 | 24b8 0000 | 0044 8b94 | 24d0 0000 
  0x0000027807c0e9d4: 0044 8954 | 2434 4c8b | 9424 e000 | 0000 4c89 | 9424 c800 | 0000 4c8b | 9424 d800 | 0000 4c89 
  0x0000027807c0e9f4: 9424 d000 | 0000 6690 

  0x0000027807c0e9fc: ;   {runtime_call UncommonTrapBlob}
  0x0000027807c0e9fc: c5f8 77e8 

  0x0000027807c0ea00: ; ImmutableOopMap {rbp=Oop [32]=Oop [40]=Oop [52]=NarrowOop [72]=Oop [88]=Oop [128]=Oop [144]=Oop [160]=Oop [176]=Oop [200]=Oop [208]=Oop [232]=Oop [280]=Oop }
                      ;*new {reexecute=0 rethrow=0 return_oop=0}
                      ; - java.util.Hashtable::<init>@53
                      ; - java.util.Hashtable::<init>@4
                      ; - java.util.jar.JarVerifier::<init>@63
                      ; - java.util.jar.JarFile::getManifestFromReference@78
                      ; - java.util.jar.JarFile::getManifest@1
                      ; - jdk.internal.loader.URLClassPath$JarLoader$2::getManifest@22
                      ; - java.net.URLClassLoader::defineClass@34
                      ; - java.net.URLClassLoader$1::run@43
                      ; - java.net.URLClassLoader$1::run@1
                      ; - java.security.AccessController::executePrivileged@29
                      ; - java.security.AccessController::doPrivileged@13
                      ; - java.net.URLClassLoader::findClass@13
                      ; - java.lang.ClassLoader::loadClass@69
                      ; - java.lang.ClassLoader::loadClass@38
  0x0000027807c0ea00: 7c59 97ff 

  0x0000027807c0ea04: ;   {other}
  0x0000027807c0ea04: 0f1f 8400 | 7494 00df | 498b d7c5 | f877 49ba | 20a4 1530 | fb7f 0000 

  0x0000027807c0ea1c: ;   {other}
  0x0000027807c0ea1c: 41ff d20f | 1f84 0000 | 0000 00e9 | 1df4 ffff | 498b d7c5 | f877 49ba | 20a4 1530 | fb7f 0000 
  0x0000027807c0ea3c: ;   {other}
  0x0000027807c0ea3c: 41ff d20f | 1f84 0000 | 0000 00e9 | dfbf ffff | 498b d7c5 | f877 49ba | 20a4 1530 | fb7f 0000 
  0x0000027807c0ea5c: ;   {other}
  0x0000027807c0ea5c: 41ff d20f | 1f84 0000 | 0000 00e9 | 7ebf ffff | 498b d7c5 | f877 49ba | 20a4 1530 | fb7f 0000 
  0x0000027807c0ea7c: ;   {other}
  0x0000027807c0ea7c: 41ff d20f | 1f84 0000 | 0000 00e9 | e6c0 ffff | 498b d7c5 | f877 49ba | 20a4 1530 | fb7f 0000 
  0x0000027807c0ea9c: ;   {other}
  0x0000027807c0ea9c: 41ff d20f | 1f84 0000 | 0000 00e9 | 07c1 ffff | 498b d7c5 | f877 49ba | 20a4 1530 | fb7f 0000 
  0x0000027807c0eabc: ;   {other}
  0x0000027807c0eabc: 41ff d20f | 1f84 0000 | 0000 00e9 | cef4 ffff | 498b d7c5 | f877 49ba | 20a4 1530 | fb7f 0000 
  0x0000027807c0eadc: ;   {other}
  0x0000027807c0eadc: 41ff d20f | 1f84 0000 | 0000 00e9 | 72f4 ffff | 498b d7c5 | f877 49ba | 20a4 1530 | fb7f 0000 
  0x0000027807c0eafc: ;   {other}
  0x0000027807c0eafc: 41ff d20f | 1f84 0000 | 0000 00e9 | eec1 ffff | 498b d7c5 | f877 49ba | 20a4 1530 | fb7f 0000 
  0x0000027807c0eb1c: ;   {other}
  0x0000027807c0eb1c: 41ff d20f | 1f84 0000 | 0000 00e9 | 0fc2 ffff | 488b dd49 | 8bd7 c5f8 | 7749 ba20 | a415 30fb 
  0x0000027807c0eb3c: 7f00 0041 

  0x0000027807c0eb40: ;   {other}
  0x0000027807c0eb40: ffd2 0f1f | 8400 0000 | 0000 e9fb | f4ff ff49 | 8bd7 c5f8 | 7749 ba20 | a415 30fb | 7f00 0041 
  0x0000027807c0eb60: ;   {other}
  0x0000027807c0eb60: ffd2 0f1f | 8400 0000 | 0000 e958 | f5ff ff49 | 8bd8 498b | d7c5 f877 | 49ba 20a4 | 1530 fb7f 
  0x0000027807c0eb80: 0000 41ff 

  0x0000027807c0eb84: ;   {other}
  0x0000027807c0eb84: d20f 1f84 | 0000 0000 | 00e9 f4f4 | ffff bade | ffff ff4c | 8b54 2448 | 4c89 5424 | 204c 8b94 
  0x0000027807c0eba4: 24b8 0000 | 004c 8954 | 2428 4c8b | 5424 504c | 8954 2448 | 4c8b 9424 | 8000 0000 | 4c89 5424 
  0x0000027807c0ebc4: 7066 6690 

  0x0000027807c0ebc8: ;   {runtime_call UncommonTrapBlob}
  0x0000027807c0ebc8: c5f8 77e8 

  0x0000027807c0ebcc: ; ImmutableOopMap {rbp=NarrowOop [32]=Oop [40]=Oop [72]=Oop [112]=Oop [120]=Oop [128]=Oop }
                      ;*checkcast {reexecute=0 rethrow=0 return_oop=0}
                      ; - jdk.internal.loader.BuiltinClassLoader::findLoadedModule@29
                      ; - jdk.internal.loader.BuiltinClassLoader::loadClassOrNull@22
                      ; - jdk.internal.loader.BuiltinClassLoader::loadClass@3
                      ; - java.lang.ClassLoader::loadClass@38
  0x0000027807c0ebcc: b057 97ff 

  0x0000027807c0ebd0: ;   {other}
  0x0000027807c0ebd0: 0f1f 8400 | 4096 00e0 | bade ffff | ff4c 8b54 | 2448 4c89 | 5424 204c | 8b94 24b8 | 0000 004c 
  0x0000027807c0ebf0: 8954 2428 | 4c8b 5424 | 504c 8954 | 2448 4c8b | 5424 784c | 8954 2470 | 4c8b 9424 | a800 0000 
  0x0000027807c0ec10: 4c89 9424 | 9800 0000 

  0x0000027807c0ec18: ;   {runtime_call UncommonTrapBlob}
  0x0000027807c0ec18: c5f8 77e8 

  0x0000027807c0ec1c: ; ImmutableOopMap {rbp=NarrowOop [32]=Oop [40]=Oop [72]=Oop [112]=Oop [152]=Oop [160]=Oop [168]=Oop [192]=Oop }
                      ;*checkcast {reexecute=0 rethrow=0 return_oop=0}
                      ; - jdk.internal.loader.BuiltinClassLoader::findLoadedModule@29
                      ; - jdk.internal.loader.BuiltinClassLoader::loadClassOrNull@22
                      ; - jdk.internal.loader.BuiltinClassLoader::loadClass@3
                      ; - java.lang.ClassLoader::loadClass@38
                      ; - java.lang.ClassLoader::loadClass@38
  0x0000027807c0ec1c: 6057 97ff 

  0x0000027807c0ec20: ;   {other}
  0x0000027807c0ec20: 0f1f 8400 | 9096 00e1 | bade ffff | ff4c 8b54 | 2448 4c89 | 5424 204c | 8b94 24b8 | 0000 004c 
  0x0000027807c0ec40: 8954 2428 | 4c8b 5424 | 504c 8954 | 2448 4c8b | 5424 784c | 8954 2470 | 4c8b 9424 | a000 0000 
  0x0000027807c0ec60: 4c89 9424 | 8800 0000 | 4c8b 9424 | a800 0000 | 4c89 9424 | 9800 0000 | 4489 4c24 | 3444 89ac 
  0x0000027807c0ec80: 24a8 0000 | 004c 899c | 24b0 0000 | 0066 6690 

  0x0000027807c0ec90: ;   {runtime_call UncommonTrapBlob}
  0x0000027807c0ec90: c5f8 77e8 

  0x0000027807c0ec94: ; ImmutableOopMap {rbp=NarrowOop [32]=Oop [40]=Oop [52]=NarrowOop [72]=Oop [112]=Oop [136]=Oop [152]=Oop [176]=Oop [192]=Oop }
                      ;*instanceof {reexecute=0 rethrow=0 return_oop=0}
                      ; - java.lang.String::equals@8
                      ; - java.util.concurrent.ConcurrentHashMap::get@73
                      ; - jdk.internal.loader.BuiltinClassLoader::findLoadedModule@24
                      ; - jdk.internal.loader.BuiltinClassLoader::loadClassOrNull@22
                      ; - jdk.internal.loader.BuiltinClassLoader::loadClass@3
                      ; - java.lang.ClassLoader::loadClass@38
                      ; - java.lang.ClassLoader::loadClass@38
  0x0000027807c0ec94: e856 97ff 

  0x0000027807c0ec98: ;   {other}
  0x0000027807c0ec98: 0f1f 8400 | 0897 00e2 | bade ffff | ff4c 8b4c | 2448 4c89 | 4c24 204c | 8b8c 24b8 | 0000 004c 
  0x0000027807c0ecb8: 894c 2428 | 4c8b 4c24 | 504c 894c | 2448 4c8b | 4c24 784c | 894c 2460 | 4c8b 8c24 | 8000 0000 
  0x0000027807c0ecd8: 4c89 4c24 | 7044 895c | 2434 4489 | 9424 8000 | 0000 4c89 | 8424 8800 | 0000 6690 

  0x0000027807c0ecf4: ;   {runtime_call UncommonTrapBlob}
  0x0000027807c0ecf4: c5f8 77e8 

  0x0000027807c0ecf8: ; ImmutableOopMap {rbp=NarrowOop [32]=Oop [40]=Oop [52]=NarrowOop [72]=Oop [96]=Oop [112]=Oop [136]=Oop }
                      ;*instanceof {reexecute=0 rethrow=0 return_oop=0}
                      ; - java.lang.String::equals@8
                      ; - java.util.concurrent.ConcurrentHashMap::get@73
                      ; - jdk.internal.loader.BuiltinClassLoader::findLoadedModule@24
                      ; - jdk.internal.loader.BuiltinClassLoader::loadClassOrNull@22
                      ; - jdk.internal.loader.BuiltinClassLoader::loadClass@3
                      ; - java.lang.ClassLoader::loadClass@38
  0x0000027807c0ecf8: 8456 97ff 

  0x0000027807c0ecfc: ;   {other}
  0x0000027807c0ecfc: 0f1f 8400 | 6c97 00e3 | bade ffff | ff4c 8b54 | 2448 4c89 | 5424 204c | 8b94 24b8 | 0000 004c 
  0x0000027807c0ed1c: 8954 2428 | 4c8b 5424 | 504c 8954 | 2448 4c8b | 5424 784c | 8954 2458 | 4c8b 5424 | 684c 8954 
  0x0000027807c0ed3c: 2460 4c8b | 5424 704c | 8954 2468 | 4c8b 9424 | c000 0000 | 4c89 9424 | 9000 0000 | 4c8b 9424 
  0x0000027807c0ed5c: c000 0000 | 4c89 9424 | b000 0000 | 4c8b 9424 | c800 0000 | 4c89 9424 | b800 0000 | 4c89 8424 
  0x0000027807c0ed7c: c800 0000 

  0x0000027807c0ed80: ;   {runtime_call UncommonTrapBlob}
  0x0000027807c0ed80: c5f8 77e8 

  0x0000027807c0ed84: ; ImmutableOopMap {rbp=NarrowOop [32]=Oop [40]=Oop [72]=Oop [88]=Oop [128]=Oop [144]=Oop [160]=Oop [176]=Oop [200]=Oop [208]=NarrowOop [280]=Oop }
                      ;*checkcast {reexecute=0 rethrow=0 return_oop=0}
                      ; - java.util.jar.JarFile::getManifestFromReference@14
                      ; - java.util.jar.JarFile::getManifest@1
                      ; - jdk.internal.loader.URLClassPath$JarLoader$2::getManifest@22
                      ; - java.net.URLClassLoader::defineClass@34
                      ; - java.net.URLClassLoader$1::run@43
                      ; - java.net.URLClassLoader$1::run@1
                      ; - java.security.AccessController::executePrivileged@29
                      ; - java.security.AccessController::doPrivileged@13
                      ; - java.net.URLClassLoader::findClass@13
                      ; - java.lang.ClassLoader::loadClass@69
                      ; - java.lang.ClassLoader::loadClass@38
  0x0000027807c0ed84: f855 97ff 

  0x0000027807c0ed88: ;   {other}
  0x0000027807c0ed88: 0f1f 8400 | f897 00e4 | 488b e8e9 | dc99 ffff | 488b e8e9 | d499 ffff | 488b e8e9 | cc99 ffff 
  0x0000027807c0eda8: 488b e8e9 | c499 ffff | 488b e8e9 | f498 ffff | 488b e8e9 | ec98 ffff | 488b e8e9 | e498 ffff 
  0x0000027807c0edc8: 488b e8e9 | dc98 ffff | baf6 ffff | ff48 8b6c | 2448 448b | 5424 3044 | 8954 2428 

  0x0000027807c0ede4: ;   {runtime_call UncommonTrapBlob}
  0x0000027807c0ede4: c5f8 77e8 

  0x0000027807c0ede8: ; ImmutableOopMap {rbp=Oop [80]=Oop [184]=Oop }
                      ;*arraylength {reexecute=0 rethrow=0 return_oop=0}
                      ; - java.lang.String::isEmpty@4
                      ; - java.lang.ClassLoader::checkName@5
                      ; - java.lang.ClassLoader::findLoadedClass@1
                      ; - java.lang.ClassLoader::loadClass@10
  0x0000027807c0ede8: 9455 97ff 

  0x0000027807c0edec: ;   {other}
  0x0000027807c0edec: 0f1f 8400 | 5c98 00e5 | baf6 ffff | ff48 8b6c | 2448 448b | 5424 3044 | 8954 2428 | 4c8b 5424 
  0x0000027807c0ee0c: 404c 8954 | 2438 4c8b | 5424 504c | 8954 2440 | 4c89 4c24 | 504c 895c | 2460 6690 

  0x0000027807c0ee28: ;   {runtime_call UncommonTrapBlob}
  0x0000027807c0ee28: c5f8 77e8 

  0x0000027807c0ee2c: ; ImmutableOopMap {rbp=Oop [64]=Oop [80]=Oop [96]=Oop [184]=Oop [192]=Oop }
                      ;*arraylength {reexecute=0 rethrow=0 return_oop=0}
                      ; - java.lang.String::isEmpty@4
                      ; - java.lang.ClassLoader::checkName@5
                      ; - java.lang.ClassLoader::findLoadedClass@1
                      ; - java.lang.ClassLoader::loadClass@10
                      ; - java.lang.ClassLoader::loadClass@38
  0x0000027807c0ee2c: 5055 97ff 

  0x0000027807c0ee30: ;   {other}
  0x0000027807c0ee30: 0f1f 8400 | a098 00e6 | ba45 ffff | ff48 8b6c | 2448 4c8b | 9424 b800 | 0000 4c89 | 5424 2044 
  0x0000027807c0ee50: 8b54 2430 | 4489 5424 | 284c 8b54 | 2450 4c89 | 5424 3890 

  0x0000027807c0ee64: ;   {runtime_call UncommonTrapBlob}
  0x0000027807c0ee64: c5f8 77e8 

  0x0000027807c0ee68: ; ImmutableOopMap {rbp=Oop [32]=Oop [56]=Oop }
                      ;*ifnull {reexecute=1 rethrow=0 return_oop=0}
                      ; - (reexecute) java.lang.ClassLoader::checkName@1
                      ; - java.lang.ClassLoader::findLoadedClass@1
                      ; - java.lang.ClassLoader::loadClass@10
  0x0000027807c0ee68: 1455 97ff 

  0x0000027807c0ee6c: ;   {other}
  0x0000027807c0ee6c: 0f1f 8400 | dc98 00e7 | ba45 ffff | ff49 8bea | 448b 5c24 | 3044 895c | 2428 4889 | 4424 3844 
  0x0000027807c0ee8c: 8944 242c 

  0x0000027807c0ee90: ;   {runtime_call UncommonTrapBlob}
  0x0000027807c0ee90: c5f8 77e8 

  0x0000027807c0ee94: ; ImmutableOopMap {rbp=Oop [44]=NarrowOop [80]=Oop [184]=Oop }
                      ;*ifnull {reexecute=1 rethrow=0 return_oop=0}
                      ; - (reexecute) java.lang.ClassLoader::loadClass@29
  0x0000027807c0ee94: e854 97ff 

  0x0000027807c0ee98: ;   {other}
  0x0000027807c0ee98: 0f1f 8400 | 0899 00e8 | baf6 ffff | ff48 8b6c | 2448 448b | 5c24 3044 | 895c 2428 | 4c8b 5424 
  0x0000027807c0eeb8: 404c 8954 | 2438 4c8b | 5424 504c | 8954 2440 | 4889 7424 | 4848 8974 | 2450 4c89 | 4c24 6890 
  0x0000027807c0eed8: ;   {runtime_call UncommonTrapBlob}
  0x0000027807c0eed8: c5f8 77e8 

  0x0000027807c0eedc: ; ImmutableOopMap {rbp=Oop [64]=Oop [72]=Oop [80]=Oop [104]=Oop [120]=Oop }
                      ;*arraylength {reexecute=0 rethrow=0 return_oop=0}
                      ; - java.lang.String::isEmpty@4
                      ; - java.lang.ClassLoader::checkName@5
                      ; - java.lang.ClassLoader::findLoadedClass@1
                      ; - jdk.internal.loader.BuiltinClassLoader::loadClassOrNull@10
                      ; - jdk.internal.loader.BuiltinClassLoader::loadClass@3
                      ; - java.lang.ClassLoader::loadClass@38
  0x0000027807c0eedc: a054 97ff 

  0x0000027807c0eee0: ;   {other}
  0x0000027807c0eee0: 0f1f 8400 | 5099 00e9 | baf6 ffff | ff48 8b6c | 2448 448b | 5424 3044 | 8954 2428 | 4c8b 5424 
  0x0000027807c0ef00: 404c 8954 | 2438 4c8b | 5424 504c | 8954 2440 | 4c8b 9424 | 8000 0000 | 4c89 5424 | 6866 6690 
  0x0000027807c0ef20: ;   {runtime_call UncommonTrapBlob}
  0x0000027807c0ef20: c5f8 77e8 

  0x0000027807c0ef24: ; ImmutableOopMap {rbp=Oop [32]=Oop [64]=Oop [104]=Oop [120]=Oop [128]=Oop }
                      ;*arraylength {reexecute=0 rethrow=0 return_oop=0}
                      ; - java.lang.String::length@4
                      ; - java.lang.String::lastIndexOf@3
                      ; - jdk.internal.loader.BuiltinClassLoader::findLoadedModule@3
                      ; - jdk.internal.loader.BuiltinClassLoader::loadClassOrNull@22
                      ; - jdk.internal.loader.BuiltinClassLoader::loadClass@3
                      ; - java.lang.ClassLoader::loadClass@38
  0x0000027807c0ef24: 5854 97ff 

  0x0000027807c0ef28: ;   {other}
  0x0000027807c0ef28: 0f1f 8400 | 9899 00ea | baf6 ffff | ff48 8b6c | 2448 448b | 5424 3044 | 8954 2428 | 4c8b 5424 
  0x0000027807c0ef48: 404c 8954 | 2438 4c8b | 5424 504c | 8954 2440 | 4c8b 5424 | 784c 8954 | 2450 4c8b | 5424 684c 
  0x0000027807c0ef68: 8954 2458 | 4c8b 5424 | 704c 8954 | 2460 4c89 | 4424 704c | 894c 2478 | 4c89 8424 | 8000 0000 
  0x0000027807c0ef88: ;   {runtime_call UncommonTrapBlob}
  0x0000027807c0ef88: c5f8 77e8 

  0x0000027807c0ef8c: ; ImmutableOopMap {rbp=Oop [64]=Oop [80]=Oop [112]=Oop [120]=Oop [128]=Oop [192]=Oop }
                      ;*arraylength {reexecute=0 rethrow=0 return_oop=0}
                      ; - java.lang.StringLatin1::replace@8
                      ; - java.lang.String::replace@18
                      ; - java.net.URLClassLoader$1::run@8
                      ; - java.net.URLClassLoader$1::run@1
                      ; - java.security.AccessController::executePrivileged@29
                      ; - java.security.AccessController::doPrivileged@13
                      ; - java.net.URLClassLoader::findClass@13
                      ; - java.lang.ClassLoader::loadClass@69
                      ; - java.lang.ClassLoader::loadClass@38
  0x0000027807c0ef8c: f053 97ff 

  0x0000027807c0ef90: ;   {other}
  0x0000027807c0ef90: 0f1f 8400 | 009a 00eb | eb00 488b | e8e9 d297 | ffff baf6 | ffff ff48 | 8b6c 2448 | 4c8b 9424 
  0x0000027807c0efb0: b800 0000 | 4c89 5424 | 2044 8b5c | 2430 4489 | 5c24 284c | 8b54 2440 | 4c89 5424 | 384c 8b54 
  0x0000027807c0efd0: 2450 4c89 | 5424 404c | 8b94 2480 | 0000 004c | 8954 2468 

  0x0000027807c0efe4: ;   {runtime_call UncommonTrapBlob}
  0x0000027807c0efe4: c5f8 77e8 

  0x0000027807c0efe8: ; ImmutableOopMap {rbp=Oop [32]=Oop [64]=Oop [104]=Oop [120]=Oop [128]=Oop }
                      ;*invokevirtual loadClassOrNull {reexecute=0 rethrow=0 return_oop=0}
                      ; - jdk.internal.loader.BuiltinClassLoader::loadClassOrNull@66
                      ; - jdk.internal.loader.BuiltinClassLoader::loadClass@3
                      ; - java.lang.ClassLoader::loadClass@38
  0x0000027807c0efe8: 9453 97ff 

  0x0000027807c0efec: ;   {other}
  0x0000027807c0efec: 0f1f 8400 | 5c9a 00ec | baf6 ffff | ff48 8b6c | 2448 448b | 5424 3044 | 8954 2428 | 4c8b 5424 
  0x0000027807c0f00c: 404c 8954 | 2438 4c8b | 5424 504c | 8954 2440 | 4889 7424 | 484c 8b94 | 2480 0000 | 004c 8954 
  0x0000027807c0f02c: 2460 6690 

  0x0000027807c0f030: ;   {runtime_call UncommonTrapBlob}
  0x0000027807c0f030: c5f8 77e8 

  0x0000027807c0f034: ; ImmutableOopMap {rbp=Oop [64]=Oop [72]=Oop [96]=Oop [120]=Oop [128]=Oop [184]=Oop }
                      ;*arraylength {reexecute=0 rethrow=0 return_oop=0}
                      ; - java.lang.String::isEmpty@4
                      ; - java.lang.ClassLoader::checkName@5
                      ; - java.lang.ClassLoader::findBootstrapClassOrNull@1
                      ; - java.lang.System$2::findBootstrapClassOrNull@1
                      ; - jdk.internal.loader.ClassLoaders$BootClassLoader::loadClassOrNull@4
                      ; - jdk.internal.loader.BuiltinClassLoader::loadClassOrNull@3
                      ; - jdk.internal.loader.BuiltinClassLoader::loadClassOrNull@66
                      ; - jdk.internal.loader.BuiltinClassLoader::loadClass@3
                      ; - java.lang.ClassLoader::loadClass@38
  0x0000027807c0f034: 4853 97ff 

  0x0000027807c0f038: ;   {other}
  0x0000027807c0f038: 0f1f 8400 | a89a 00ed | ba45 ffff | ff48 8b6c | 2448 4c8b | 5c24 284c | 895c 2420 | 448b 4424 
  0x0000027807c0f058: 3044 8944 | 2428 4c8b | 5c24 404c | 895c 2438 | 4c8b 5c24 | 504c 895c | 2440 4c8b | 5c24 784c 
  0x0000027807c0f078: 895c 2458 | 4889 4424 | 6044 8954 | 242c 6690 

  0x0000027807c0f088: ;   {runtime_call UncommonTrapBlob}
  0x0000027807c0f088: c5f8 77e8 

  0x0000027807c0f08c: ; ImmutableOopMap {rbp=Oop [32]=Oop [44]=NarrowOop [64]=Oop [88]=Oop [192]=Oop }
                      ;*ifnull {reexecute=1 rethrow=0 return_oop=0}
                      ; - (reexecute) java.lang.ClassLoader::loadClass@29
                      ; - java.lang.ClassLoader::loadClass@38
  0x0000027807c0f08c: f052 97ff 

  0x0000027807c0f090: ;   {other}
  0x0000027807c0f090: 0f1f 8400 | 009b 00ee | baf6 ffff | ff48 8b6c | 2448 448b | 5424 3044 | 8954 2428 | 4c8b 5424 
  0x0000027807c0f0b0: 404c 8954 | 2438 4c8b | 5424 504c | 8954 2440 | 4c89 4c24 | 504c 8b54 | 2478 4c89 | 5424 584c 
  0x0000027807c0f0d0: 8b54 2468 | 4c89 5424 | 604c 894c | 2470 4c89 | 8424 9000 | 0000 6690 

  0x0000027807c0f0e8: ;   {runtime_call UncommonTrapBlob}
  0x0000027807c0f0e8: c5f8 77e8 

  0x0000027807c0f0ec: ; ImmutableOopMap {rbp=Oop [64]=Oop [80]=Oop [88]=Oop [112]=Oop [144]=Oop [160]=Oop [192]=Oop }
                      ;*arraylength {reexecute=0 rethrow=0 return_oop=0}
                      ; - java.lang.String::isEmpty@4
                      ; - java.lang.ClassLoader::checkName@5
                      ; - java.lang.ClassLoader::findLoadedClass@1
                      ; - jdk.internal.loader.BuiltinClassLoader::loadClassOrNull@10
                      ; - jdk.internal.loader.BuiltinClassLoader::loadClass@3
                      ; - java.lang.ClassLoader::loadClass@38
                      ; - java.lang.ClassLoader::loadClass@38
  0x0000027807c0f0ec: 9052 97ff 

  0x0000027807c0f0f0: ;   {other}
  0x0000027807c0f0f0: 0f1f 8400 | 609b 00ef | baf6 ffff | ff48 8b6c | 2448 448b | 4424 3044 | 8944 2428 | 4c8b 5c24 
  0x0000027807c0f110: 404c 895c | 2438 4c8b | 5c24 504c | 895c 2440 | 4c89 5424 | 504c 8b5c | 2478 4c89 | 5c24 584c 
  0x0000027807c0f130: 8b5c 2468 | 4c89 5c24 | 604c 8954 | 2470 4c8b | 9424 a800 | 0000 4c89 | 9424 9000 | 0000 6690 
  0x0000027807c0f150: ;   {runtime_call UncommonTrapBlob}
  0x0000027807c0f150: c5f8 77e8 

  0x0000027807c0f154: ; ImmutableOopMap {rbp=Oop [64]=Oop [80]=Oop [88]=Oop [112]=Oop [144]=Oop [160]=Oop [168]=Oop [192]=Oop }
                      ;*arraylength {reexecute=0 rethrow=0 return_oop=0}
                      ; - java.lang.String::length@4
                      ; - java.lang.String::lastIndexOf@3
                      ; - jdk.internal.loader.BuiltinClassLoader::findLoadedModule@3
                      ; - jdk.internal.loader.BuiltinClassLoader::loadClassOrNull@22
                      ; - jdk.internal.loader.BuiltinClassLoader::loadClass@3
                      ; - java.lang.ClassLoader::loadClass@38
                      ; - java.lang.ClassLoader::loadClass@38
  0x0000027807c0f154: 2852 97ff 

  0x0000027807c0f158: ;   {other}
  0x0000027807c0f158: 0f1f 8400 | c89b 00f0 | baf6 ffff | ff48 8b6c | 2448 4c8b | 5424 604c | 8954 2420 | 448b 5424 
  0x0000027807c0f178: 3044 8954 | 2428 4c8b | 5424 404c | 8954 2438 | 4c8b 5424 | 504c 8954 | 2440 4c8b | 5424 584c 
  0x0000027807c0f198: 8954 2450 | 4c8b 5424 | 684c 8954 | 2458 4c8b | 5424 704c | 8954 2460 | 4c8b 9424 | 8000 0000 
  0x0000027807c0f1b8: 4c89 5424 | 7848 899c | 2498 0000 | 0066 6690 

  0x0000027807c0f1c8: ;   {runtime_call UncommonTrapBlob}
  0x0000027807c0f1c8: c5f8 77e8 

  0x0000027807c0f1cc: ; ImmutableOopMap {rbp=Oop [32]=Oop [64]=Oop [80]=Oop [120]=Oop [152]=Oop [192]=Oop }
                      ;*arraylength {reexecute=0 rethrow=0 return_oop=0}
                      ; - java.lang.String::length@4
                      ; - java.lang.String::lastIndexOf@3
                      ; - java.net.URLClassLoader::defineClass@7
                      ; - java.net.URLClassLoader$1::run@43
                      ; - java.net.URLClassLoader$1::run@1
                      ; - java.security.AccessController::executePrivileged@29
                      ; - java.security.AccessController::doPrivileged@13
                      ; - java.net.URLClassLoader::findClass@13
                      ; - java.lang.ClassLoader::loadClass@69
                      ; - java.lang.ClassLoader::loadClass@38
  0x0000027807c0f1cc: b051 97ff 

  0x0000027807c0f1d0: ;   {other}
  0x0000027807c0f1d0: 0f1f 8400 | 409c 00f1 | baf6 ffff | ff4c 8b54 | 2448 4c89 | 5424 204c | 8b94 24b8 | 0000 004c 
  0x0000027807c0f1f0: 8954 2428 | 4c8b 5424 | 504c 8954 | 2448 4c8b | 5424 784c | 8954 2458 | 4c8b 5424 | 684c 8954 
  0x0000027807c0f210: 2460 4c8b | 5424 704c | 8954 2468 | 4889 9c24 | a000 0000 

  0x0000027807c0f224: ;   {runtime_call UncommonTrapBlob}
  0x0000027807c0f224: c5f8 77e8 

  0x0000027807c0f228: ; ImmutableOopMap {[32]=Oop [40]=Oop [72]=Oop [88]=Oop [128]=Oop [160]=Oop [192]=Oop }
                      ;*getfield csu {reexecute=1 rethrow=0 return_oop=0}
                      ; - (reexecute) jdk.internal.loader.URLClassPath$JarLoader$2::getCodeSourceURL@4
                      ; - java.net.URLClassLoader::defineClass@13
                      ; - java.net.URLClassLoader$1::run@43
                      ; - java.net.URLClassLoader$1::run@1
                      ; - java.security.AccessController::executePrivileged@29
                      ; - java.security.AccessController::doPrivileged@13
                      ; - java.net.URLClassLoader::findClass@13
                      ; - java.lang.ClassLoader::loadClass@69
                      ; - java.lang.ClassLoader::loadClass@38
  0x0000027807c0f228: 5451 97ff 

  0x0000027807c0f22c: ;   {other}
  0x0000027807c0f22c: 0f1f 8400 | 9c9c 00f2 | baf6 ffff | ff48 8b6c | 2448 4c8b | 9c24 b800 | 0000 4c89 | 5c24 2044 
  0x0000027807c0f24c: 8b5c 2430 | 4489 5c24 | 284c 8b5c | 2440 4c89 | 5c24 384c | 8b5c 2450 | 4c89 5c24 | 404c 8b5c 
  0x0000027807c0f26c: 2478 4c89 | 5c24 504c | 8b5c 2468 | 4c89 5c24 | 584c 8b5c | 2470 4c89 | 5c24 604c | 8b9c 2480 
  0x0000027807c0f28c: 0000 004c | 895c 2478 | 4c89 9424 | 9800 0000 

  0x0000027807c0f29c: ;   {runtime_call UncommonTrapBlob}
  0x0000027807c0f29c: c5f8 77e8 

  0x0000027807c0f2a0: ; ImmutableOopMap {rbp=Oop [32]=Oop [64]=Oop [80]=Oop [120]=Oop [152]=Oop [192]=Oop [208]=NarrowOop [280]=Oop }
                      ;*getfield jar {reexecute=1 rethrow=0 return_oop=0}
                      ; - (reexecute) jdk.internal.loader.URLClassPath$JarLoader$2::getManifest@7
                      ; - java.net.URLClassLoader::defineClass@34
                      ; - java.net.URLClassLoader$1::run@43
                      ; - java.net.URLClassLoader$1::run@1
                      ; - java.security.AccessController::executePrivileged@29
                      ; - java.security.AccessController::doPrivileged@13
                      ; - java.net.URLClassLoader::findClass@13
                      ; - java.lang.ClassLoader::loadClass@69
                      ; - java.lang.ClassLoader::loadClass@38
  0x0000027807c0f2a0: dc50 97ff 

  0x0000027807c0f2a4: ;   {other}
  0x0000027807c0f2a4: 0f1f 8400 | 149d 00f3 | baf6 ffff | ff48 8b6c | 2448 4c8b | 9c24 b800 | 0000 4c89 | 5c24 2044 
  0x0000027807c0f2c4: 8b44 2430 | 4489 4424 | 284c 8b5c | 2440 4c89 | 5c24 384c | 8b5c 2450 | 4c89 5c24 | 404c 8b5c 
  0x0000027807c0f2e4: 2478 4c89 | 5c24 504c | 8b5c 2468 | 4c89 5c24 | 584c 8b5c | 2470 4c89 | 5c24 604c | 8b9c 2480 
  0x0000027807c0f304: 0000 004c | 895c 2478 | 4c89 9424 | 9800 0000 

  0x0000027807c0f314: ;   {runtime_call UncommonTrapBlob}
  0x0000027807c0f314: c5f8 77e8 

  0x0000027807c0f318: ; ImmutableOopMap {rbp=Oop [32]=Oop [64]=Oop [80]=Oop [120]=Oop [152]=Oop [192]=Oop [208]=NarrowOop [280]=Oop }
                      ;*getfield jar {reexecute=1 rethrow=0 return_oop=0}
                      ; - (reexecute) jdk.internal.loader.URLClassPath$JarLoader$2::getManifest@19
                      ; - java.net.URLClassLoader::defineClass@34
                      ; - java.net.URLClassLoader$1::run@43
                      ; - java.net.URLClassLoader$1::run@1
                      ; - java.security.AccessController::executePrivileged@29
                      ; - java.security.AccessController::doPrivileged@13
                      ; - java.net.URLClassLoader::findClass@13
                      ; - java.lang.ClassLoader::loadClass@69
                      ; - java.lang.ClassLoader::loadClass@38
  0x0000027807c0f318: 6450 97ff 

  0x0000027807c0f31c: ;   {other}
  0x0000027807c0f31c: 0f1f 8400 | 8c9d 00f4 | baf6 ffff | ff48 8b6c | 2448 4c8b | 9c24 b800 | 0000 4c89 | 5c24 2044 
  0x0000027807c0f33c: 8b5c 2430 | 4489 5c24 | 284c 8b5c | 2440 4c89 | 5c24 384c | 8b5c 2450 | 4c89 5c24 | 404c 8b5c 
  0x0000027807c0f35c: 2478 4c89 | 5c24 504c | 8b5c 2468 | 4c89 5c24 | 584c 8b5c | 2470 4c89 | 5c24 604c | 8b9c 2480 
  0x0000027807c0f37c: 0000 004c | 895c 2478 | 4c89 9424 | 9800 0000 

  0x0000027807c0f38c: ;   {runtime_call UncommonTrapBlob}
  0x0000027807c0f38c: c5f8 77e8 

  0x0000027807c0f390: ; ImmutableOopMap {rbp=Oop [32]=Oop [64]=Oop [80]=Oop [120]=Oop [152]=Oop [192]=Oop [208]=NarrowOop [280]=Oop }
                      ;*invokevirtual getManifest {reexecute=0 rethrow=0 return_oop=0}
                      ; - jdk.internal.loader.URLClassPath$JarLoader$2::getManifest@22
                      ; - java.net.URLClassLoader::defineClass@34
                      ; - java.net.URLClassLoader$1::run@43
                      ; - java.net.URLClassLoader$1::run@1
                      ; - java.security.AccessController::executePrivileged@29
                      ; - java.security.AccessController::doPrivileged@13
                      ; - java.net.URLClassLoader::findClass@13
                      ; - java.lang.ClassLoader::loadClass@69
                      ; - java.lang.ClassLoader::loadClass@38
  0x0000027807c0f390: ec4f 97ff 

  0x0000027807c0f394: ;   {other}
  0x0000027807c0f394: 0f1f 8400 | 049e 00f5 | baf6 ffff | ff48 8b6c | 2448 4c8b | 5424 384c | 8954 2420 | 448b 5424 
  0x0000027807c0f3b4: 3044 8954 | 2428 4c8b | 5424 404c | 8954 2438 | 4c8b 5424 | 504c 8954 | 2440 4c8b | 5424 784c 
  0x0000027807c0f3d4: 8954 2450 | 4c8b 5424 | 684c 8954 | 2458 4c8b | 5424 704c | 8954 2460 | 4c8b 9424 | 8000 0000 
  0x0000027807c0f3f4: 4c89 5424 | 784c 8b94 | 24a0 0000 | 004c 8994 | 2480 0000 | 0066 6690 

  0x0000027807c0f40c: ;   {runtime_call UncommonTrapBlob}
  0x0000027807c0f40c: c5f8 77e8 

  0x0000027807c0f410: ; ImmutableOopMap {rbp=Oop [32]=Oop [64]=Oop [80]=Oop [120]=Oop [128]=Oop [176]=Oop [192]=Oop }
                      ;*arraylength {reexecute=0 rethrow=0 return_oop=0}
                      ; - java.net.URLClassLoader::defineClass@217
                      ; - java.net.URLClassLoader$1::run@43
                      ; - java.net.URLClassLoader$1::run@1
                      ; - java.security.AccessController::executePrivileged@29
                      ; - java.security.AccessController::doPrivileged@13
                      ; - java.net.URLClassLoader::findClass@13
                      ; - java.lang.ClassLoader::loadClass@69
                      ; - java.lang.ClassLoader::loadClass@38
  0x0000027807c0f410: 6c4f 97ff 

  0x0000027807c0f414: ;   {other}
  0x0000027807c0f414: 0f1f 8400 | 849e 00f6 | baf4 ffff | ff48 8b6c | 2448 4c8b | 9c24 b800 | 0000 4c89 | 5c24 2044 
  0x0000027807c0f434: 8b4c 2430 | 4489 4c24 | 284c 8b5c | 2440 4c89 | 5c24 384c | 8b5c 2450 | 4c89 5c24 | 404c 8b5c 
  0x0000027807c0f454: 2478 4c89 | 5c24 504c | 8b5c 2468 | 4c89 5c24 | 584c 8b5c | 2470 4c89 | 5c24 604c | 8b9c 2480 
  0x0000027807c0f474: 0000 004c | 895c 2478 | 4c8b 9c24 | c000 0000 | 4c89 9c24 | 8800 0000 | 4c89 9424 | 9800 0000 
  0x0000027807c0f494: 4c8b 9424 | c000 0000 | 4c89 9424 | a800 0000 | 4c89 8424 | c000 0000 

  0x0000027807c0f4ac: ;   {runtime_call UncommonTrapBlob}
  0x0000027807c0f4ac: c5f8 77e8 

  0x0000027807c0f4b0: ; ImmutableOopMap {rbp=Oop [32]=Oop [64]=Oop [80]=Oop [120]=Oop [136]=Oop [152]=Oop [168]=Oop [192]=Oop [208]=NarrowOop [280]=Oop }
                      ;*checkcast {reexecute=0 rethrow=0 return_oop=0}
                      ; - java.util.jar.JarFile::getManifestFromReference@14
                      ; - java.util.jar.JarFile::getManifest@1
                      ; - jdk.internal.loader.URLClassPath$JarLoader$2::getManifest@22
                      ; - java.net.URLClassLoader::defineClass@34
                      ; - java.net.URLClassLoader$1::run@43
                      ; - java.net.URLClassLoader$1::run@1
                      ; - java.security.AccessController::executePrivileged@29
                      ; - java.security.AccessController::doPrivileged@13
                      ; - java.net.URLClassLoader::findClass@13
                      ; - java.lang.ClassLoader::loadClass@69
                      ; - java.lang.ClassLoader::loadClass@38
  0x0000027807c0f4b0: cc4e 97ff 

  0x0000027807c0f4b4: ;   {other}
  0x0000027807c0f4b4: 0f1f 8400 | 249f 00f7 | baf6 ffff | ff48 8b6c | 2448 448b | 5c24 3044 | 895c 2428 | 4c8b 5424 
  0x0000027807c0f4d4: 404c 8954 | 2438 4c8b | 5424 504c | 8954 2440 | 4889 7424 | 4848 8974 | 2450 4c8b | 9424 8000 
  0x0000027807c0f4f4: 0000 4c89 | 5424 6890 

  0x0000027807c0f4fc: ;   {runtime_call UncommonTrapBlob}
  0x0000027807c0f4fc: c5f8 77e8 

  0x0000027807c0f500: ; ImmutableOopMap {rbp=Oop [64]=Oop [72]=Oop [80]=Oop [104]=Oop [120]=Oop [128]=Oop }
                      ;*arraylength {reexecute=0 rethrow=0 return_oop=0}
                      ; - java.lang.String::isEmpty@4
                      ; - java.lang.ClassLoader::checkName@5
                      ; - java.lang.ClassLoader::findBootstrapClassOrNull@1
                      ; - java.lang.System$2::findBootstrapClassOrNull@1
                      ; - jdk.internal.loader.ClassLoaders$BootClassLoader::loadClassOrNull@4
                      ; - jdk.internal.loader.BuiltinClassLoader::loadClassOrNull@3
                      ; - jdk.internal.loader.BuiltinClassLoader::loadClassOrNull@86
                      ; - jdk.internal.loader.BuiltinClassLoader::loadClass@3
                      ; - java.lang.ClassLoader::loadClass@38
  0x0000027807c0f500: 7c4e 97ff 

  0x0000027807c0f504: ;   {other}
  0x0000027807c0f504: 0f1f 8400 | 749f 00f8 | baf6 ffff | ff48 8b6c | 2448 4c8b | 9424 b800 | 0000 4c89 | 5424 2044 
  0x0000027807c0f524: 8b5c 2430 | 4489 5c24 | 284c 8b54 | 2440 4c89 | 5424 384c | 8b54 2450 | 4c89 5424 | 404c 8b54 
  0x0000027807c0f544: 2478 4c89 | 5424 584c | 8b54 2468 | 4c89 5424 | 604c 8b94 | 24a8 0000 | 004c 8994 | 2490 0000 
  0x0000027807c0f564: 0066 6690 

  0x0000027807c0f568: ;   {runtime_call UncommonTrapBlob}
  0x0000027807c0f568: c5f8 77e8 

  0x0000027807c0f56c: ; ImmutableOopMap {rbp=Oop [32]=Oop [64]=Oop [88]=Oop [144]=Oop [160]=Oop [168]=Oop [192]=Oop }
                      ;*invokevirtual loadClassOrNull {reexecute=0 rethrow=0 return_oop=0}
                      ; - jdk.internal.loader.BuiltinClassLoader::loadClassOrNull@66
                      ; - jdk.internal.loader.BuiltinClassLoader::loadClass@3
                      ; - java.lang.ClassLoader::loadClass@38
                      ; - java.lang.ClassLoader::loadClass@38
  0x0000027807c0f56c: 104e 97ff 

  0x0000027807c0f570: ;   {other}
  0x0000027807c0f570: 0f1f 8400 | e09f 00f9 | baf6 ffff | ff48 8b6c | 2448 448b | 5424 3044 | 8954 2428 | 4c8b 5424 
  0x0000027807c0f590: 404c 8954 | 2438 4c8b | 5424 504c | 8954 2440 | 4c89 4c24 | 504c 8b54 | 2478 4c89 | 5424 584c 
  0x0000027807c0f5b0: 8b54 2468 | 4c89 5424 | 604c 894c | 2470 4c8b | 9424 a800 | 0000 4c89 | 9424 8800 | 0000 6690 
  0x0000027807c0f5d0: ;   {runtime_call UncommonTrapBlob}
  0x0000027807c0f5d0: c5f8 77e8 

  0x0000027807c0f5d4: ; ImmutableOopMap {rbp=Oop [64]=Oop [80]=Oop [88]=Oop [112]=Oop [136]=Oop [160]=Oop [168]=Oop [192]=Oop }
                      ;*arraylength {reexecute=0 rethrow=0 return_oop=0}
                      ; - java.lang.String::isEmpty@4
                      ; - java.lang.ClassLoader::checkName@5
                      ; - java.lang.ClassLoader::findBootstrapClassOrNull@1
                      ; - java.lang.System$2::findBootstrapClassOrNull@1
                      ; - jdk.internal.loader.ClassLoaders$BootClassLoader::loadClassOrNull@4
                      ; - jdk.internal.loader.BuiltinClassLoader::loadClassOrNull@3
                      ; - jdk.internal.loader.BuiltinClassLoader::loadClassOrNull@66
                      ; - jdk.internal.loader.BuiltinClassLoader::loadClass@3
                      ; - java.lang.ClassLoader::loadClass@38
                      ; - java.lang.ClassLoader::loadClass@38
  0x0000027807c0f5d4: a84d 97ff 

  0x0000027807c0f5d8: ;   {other}
  0x0000027807c0f5d8: 0f1f 8400 | 48a0 00fa | ba45 ffff | ff48 8b6c | 2448 4c8b | 9424 b800 | 0000 4c89 | 5424 2044 
  0x0000027807c0f5f8: 8b44 2430 | 4489 4424 | 284c 8b54 | 2440 4c89 | 5424 384c | 8b54 2450 | 4c89 5424 | 404c 8b54 
  0x0000027807c0f618: 2478 4c89 | 5424 504c | 8b54 2468 | 4c89 5424 | 584c 8b54 | 2470 4c89 | 5424 604c | 8b94 2480 
  0x0000027807c0f638: 0000 004c | 8954 2478 | 4c8b 9424 | a000 0000 | 4c89 9424 | 8000 0000 | 4c8b 9424 | c000 0000 
  0x0000027807c0f658: 4c89 9424 | 8800 0000 | 4c8b 9424 | c000 0000 | 4c89 9424 | b000 0000 | 4c8b 9424 | c800 0000 
  0x0000027807c0f678: 4c89 9424 | b800 0000 | 4489 9c24 | cc00 0000 

  0x0000027807c0f688: ;   {runtime_call UncommonTrapBlob}
  0x0000027807c0f688: c5f8 77e8 

  0x0000027807c0f68c: ; ImmutableOopMap {rbp=Oop [32]=Oop [64]=Oop [80]=Oop [120]=Oop [128]=Oop [136]=Oop [176]=Oop [204]=NarrowOop [208]=NarrowOop [280]=Oop }
                      ;*ifnonnull {reexecute=1 rethrow=0 return_oop=0}
                      ; - (reexecute) jdk.internal.access.SharedSecrets::javaUtilJarAccess@5
                      ; - jdk.internal.loader.URLClassPath$JarLoader$2::getManifest@0
                      ; - java.net.URLClassLoader::defineClass@34
                      ; - java.net.URLClassLoader$1::run@43
                      ; - java.net.URLClassLoader$1::run@1
                      ; - java.security.AccessController::executePrivileged@29
                      ; - java.security.AccessController::doPrivileged@13
                      ; - java.net.URLClassLoader::findClass@13
                      ; - java.lang.ClassLoader::loadClass@69
                      ; - java.lang.ClassLoader::loadClass@38
  0x0000027807c0f68c: f04c 97ff 

  0x0000027807c0f690: ;   {other}
  0x0000027807c0f690: 0f1f 8400 | 00a1 00fb | baf6 ffff | ff48 8b6c | 2448 448b | 5424 3044 | 8954 2428 | 4c8b 5424 
  0x0000027807c0f6b0: 404c 8954 | 2438 4c8b | 5424 504c | 8954 2440 | 4c89 4c24 | 504c 8b54 | 2478 4c89 | 5424 584c 
  0x0000027807c0f6d0: 8b54 2468 | 4c89 5424 | 604c 894c | 2470 4c8b | 9424 a800 | 0000 4c89 | 9424 9000 | 0000 6690 
  0x0000027807c0f6f0: ;   {runtime_call UncommonTrapBlob}
  0x0000027807c0f6f0: c5f8 77e8 

  0x0000027807c0f6f4: ; ImmutableOopMap {rbp=Oop [64]=Oop [80]=Oop [88]=Oop [112]=Oop [144]=Oop [160]=Oop [168]=Oop [192]=Oop }
                      ;*arraylength {reexecute=0 rethrow=0 return_oop=0}
                      ; - java.lang.String::isEmpty@4
                      ; - java.lang.ClassLoader::checkName@5
                      ; - java.lang.ClassLoader::findBootstrapClassOrNull@1
                      ; - java.lang.System$2::findBootstrapClassOrNull@1
                      ; - jdk.internal.loader.ClassLoaders$BootClassLoader::loadClassOrNull@4
                      ; - jdk.internal.loader.BuiltinClassLoader::loadClassOrNull@3
                      ; - jdk.internal.loader.BuiltinClassLoader::loadClassOrNull@86
                      ; - jdk.internal.loader.BuiltinClassLoader::loadClass@3
                      ; - java.lang.ClassLoader::loadClass@38
                      ; - java.lang.ClassLoader::loadClass@38
  0x0000027807c0f6f4: 884c 97ff 

  0x0000027807c0f6f8: ;   {other}
  0x0000027807c0f6f8: 0f1f 8400 | 68a1 00fc | ba45 ffff | ff4c 8b54 | 2448 4c89 | 5424 204c | 8b94 24b8 | 0000 004c 
  0x0000027807c0f718: 8954 2428 | 4c8b 5424 | 504c 8954 | 2448 4c8b | 9424 8000 | 0000 4c89 | 5424 7090 

  0x0000027807c0f734: ;   {runtime_call UncommonTrapBlob}
  0x0000027807c0f734: c5f8 77e8 

  0x0000027807c0f738: ; ImmutableOopMap {rbp=NarrowOop [32]=Oop [40]=Oop [72]=Oop [112]=Oop [120]=Oop [128]=Oop }
                      ;*ifnull {reexecute=1 rethrow=0 return_oop=0}
                      ; - (reexecute) jdk.internal.loader.BuiltinClassLoader::loadClassOrNull@78
                      ; - jdk.internal.loader.BuiltinClassLoader::loadClass@3
                      ; - java.lang.ClassLoader::loadClass@38
  0x0000027807c0f738: 444c 97ff 

  0x0000027807c0f73c: ;   {other}
  0x0000027807c0f73c: 0f1f 8400 | aca1 00fd | ba45 ffff | ff4c 8b4c | 2448 4c89 | 4c24 204c | 8b8c 24b8 | 0000 004c 
  0x0000027807c0f75c: 894c 2428 | 4c8b 4c24 | 504c 894c | 2448 4c8b | 4c24 784c | 894c 2460 | 4c8b 8c24 | 8000 0000 
  0x0000027807c0f77c: 4c89 4c24 | 704c 8944 | 2478 4489 | 5c24 3444 | 8994 2480 | 0000 0090 

  0x0000027807c0f794: ;   {runtime_call UncommonTrapBlob}
  0x0000027807c0f794: c5f8 77e8 

  0x0000027807c0f798: ; ImmutableOopMap {rbp=NarrowOop [32]=Oop [40]=Oop [52]=NarrowOop [72]=Oop [96]=Oop [112]=Oop [120]=Oop }
                      ;*ifnull {reexecute=1 rethrow=0 return_oop=0}
                      ; - (reexecute) java.util.concurrent.ConcurrentHashMap::get@67
                      ; - jdk.internal.loader.BuiltinClassLoader::findLoadedModule@24
                      ; - jdk.internal.loader.BuiltinClassLoader::loadClassOrNull@22
                      ; - jdk.internal.loader.BuiltinClassLoader::loadClass@3
                      ; - java.lang.ClassLoader::loadClass@38
  0x0000027807c0f798: e44b 97ff 

  0x0000027807c0f79c: ;   {other}
  0x0000027807c0f79c: 0f1f 8400 | 0ca2 00fe | ba45 ffff | ff4c 8b54 | 2448 4c89 | 5424 204c | 8b94 24b8 | 0000 004c 
  0x0000027807c0f7bc: 8954 2428 | 4c8b 5424 | 504c 8954 | 2448 4c8b | 5424 784c | 8954 2470 | 4c8b 9424 | a800 0000 
  0x0000027807c0f7dc: 4c89 9424 | 9800 0000 

  0x0000027807c0f7e4: ;   {runtime_call UncommonTrapBlob}
  0x0000027807c0f7e4: c5f8 77e8 

  0x0000027807c0f7e8: ; ImmutableOopMap {rbp=NarrowOop [32]=Oop [40]=Oop [72]=Oop [112]=Oop [152]=Oop [160]=Oop [168]=Oop [192]=Oop }
                      ;*ifnull {reexecute=1 rethrow=0 return_oop=0}
                      ; - (reexecute) jdk.internal.loader.BuiltinClassLoader::loadClassOrNull@78
                      ; - jdk.internal.loader.BuiltinClassLoader::loadClass@3
                      ; - java.lang.ClassLoader::loadClass@38
                      ; - java.lang.ClassLoader::loadClass@38
  0x0000027807c0f7e8: 944b 97ff 

  0x0000027807c0f7ec: ;   {other}
  0x0000027807c0f7ec: 0f1f 8400 | 5ca2 00ff | ba45 ffff | ff4c 8b54 | 2448 4c89 | 5424 204c | 8b94 24b8 | 0000 004c 
  0x0000027807c0f80c: 8954 2428 | 4c8b 5424 | 504c 8954 | 2448 4c8b | 5424 784c | 8954 2470 | 4c8b 9424 | a000 0000 
  0x0000027807c0f82c: 4c89 9424 | 8800 0000 | 4c8b 9424 | a800 0000 | 4c89 9424 | 9800 0000 | 4c89 8424 | a000 0000 
  0x0000027807c0f84c: 4489 4c24 | 3444 899c | 24a8 0000 | 0066 6690 

  0x0000027807c0f85c: ;   {runtime_call UncommonTrapBlob}
  0x0000027807c0f85c: c5f8 77e8 

  0x0000027807c0f860: ; ImmutableOopMap {rbp=NarrowOop [32]=Oop [40]=Oop [52]=NarrowOop [72]=Oop [112]=Oop [136]=Oop [152]=Oop [160]=Oop [192]=Oop }
                      ;*ifnull {reexecute=1 rethrow=0 return_oop=0}
                      ; - (reexecute) java.util.concurrent.ConcurrentHashMap::get@67
                      ; - jdk.internal.loader.BuiltinClassLoader::findLoadedModule@24
                      ; - jdk.internal.loader.BuiltinClassLoader::loadClassOrNull@22
                      ; - jdk.internal.loader.BuiltinClassLoader::loadClass@3
                      ; - java.lang.ClassLoader::loadClass@38
                      ; - java.lang.ClassLoader::loadClass@38
  0x0000027807c0f860: 1c4b 97ff 

  0x0000027807c0f864: ;   {other}
  0x0000027807c0f864: 0f1f 8400 | 0000 0000 | ba45 ffff | ff48 8b6c | 2448 4c8b | 5424 384c | 8954 2420 | 448b 5424 
  0x0000027807c0f884: 3044 8954 | 2428 4c8b | 5424 404c | 8954 2438 | 4c8b 5424 | 504c 8954 | 2440 4c8b | 5424 784c 
  0x0000027807c0f8a4: 8954 2450 | 4c8b 5424 | 684c 8954 | 2458 4c8b | 5424 704c | 8954 2460 | 4c8b 9424 | 8000 0000 
  0x0000027807c0f8c4: 4c89 5424 | 784c 8b94 | 24a0 0000 | 004c 8994 | 2480 0000 | 004c 8b94 | 24c0 0000 | 004c 8994 
  0x0000027807c0f8e4: 2488 0000 | 004c 8b94 | 24c0 0000 | 004c 8994 | 24a8 0000 | 004c 8b94 | 24c8 0000 | 004c 8994 
  0x0000027807c0f904: 24b8 0000 | 0044 8b9c | 24d0 0000 | 0044 895c | 242c 4c8b | 9424 d800 | 0000 4c89 | 9424 c800 
  0x0000027807c0f924: 0000 4c89 | 8424 d800 | 0000 6690 

  0x0000027807c0f930: ;   {runtime_call UncommonTrapBlob}
  0x0000027807c0f930: c5f8 77e8 

  0x0000027807c0f934: ; ImmutableOopMap {rbp=Oop [32]=Oop [44]=NarrowOop [64]=Oop [80]=Oop [120]=Oop [128]=Oop [136]=Oop [168]=Oop [176]=Oop [200]=Oop [216]=Oop [280]=Oop }
                      ;*ifnull {reexecute=1 rethrow=0 return_oop=0}
                      ; - (reexecute) java.util.jar.JarFile::getManifestFromReference@148
                      ; - java.util.jar.JarFile::getManifest@1
                      ; - jdk.internal.loader.URLClassPath$JarLoader$2::getManifest@22
                      ; - java.net.URLClassLoader::defineClass@34
                      ; - java.net.URLClassLoader$1::run@43
                      ; - java.net.URLClassLoader$1::run@1
                      ; - java.security.AccessController::executePrivileged@29
                      ; - java.security.AccessController::doPrivileged@13
                      ; - java.net.URLClassLoader::findClass@13
                      ; - java.lang.ClassLoader::loadClass@69
                      ; - java.lang.ClassLoader::loadClass@38
  0x0000027807c0f934: 484a 97ff 

  0x0000027807c0f938: ;   {other}
  0x0000027807c0f938: 0f1f 8400 | 0000 0000 | eb00 488b | e8e9 ca8e | ffff eb00 | 488b e8e9 | f88d ffff | bab5 ffff 
  0x0000027807c0f958: ff44 8b54 | 2430 4489 | 5424 284c | 8b54 2440 | 4c89 5424 | 384c 8b54 | 2450 4c89 | 5424 404c 
  0x0000027807c0f978: 8b54 2478 | 4c89 5424 | 504c 8b54 | 2468 4c89 | 5424 584c | 8b54 2470 | 4c89 5424 | 604c 8b94 
  0x0000027807c0f998: 2480 0000 | 004c 8954 | 2478 4889 | 8424 8800 | 0000 6690 

  0x0000027807c0f9ac: ;   {runtime_call UncommonTrapBlob}
  0x0000027807c0f9ac: c5f8 77e8 

  0x0000027807c0f9b0: ; ImmutableOopMap {rbp=Oop [32]=Oop [64]=Oop [80]=Oop [120]=Oop [136]=Oop [160]=Oop [192]=Oop }
                      ;*astore_3 {reexecute=0 rethrow=0 return_oop=0}
                      ; - java.net.URLClassLoader$1::run@61
                      ; - java.net.URLClassLoader$1::run@1
                      ; - java.security.AccessController::executePrivileged@29
                      ; - java.security.AccessController::doPrivileged@13
                      ; - java.net.URLClassLoader::findClass@13
                      ; - java.lang.ClassLoader::loadClass@69
                      ; - java.lang.ClassLoader::loadClass@38
  0x0000027807c0f9b0: cc49 97ff 

  0x0000027807c0f9b4: ;   {other}
  0x0000027807c0f9b4: 0f1f 8400 | 0000 0000 | ba97 ffff | ff4c 8b54 | 2468 4c89 | 5424 2044 | 8b5c 2430 | 4489 5c24 
  0x0000027807c0f9d4: 284c 8b54 | 2440 4c89 | 5424 384c | 8b54 2450 | 4c89 5424 | 404c 8b54 | 2478 4c89 | 5424 604c 
  0x0000027807c0f9f4: 8b94 2480 | 0000 004c | 8954 2470 

  0x0000027807c0fa00: ;   {runtime_call UncommonTrapBlob}
  0x0000027807c0fa00: c5f8 77e8 

  0x0000027807c0fa04: ; ImmutableOopMap {rbp=Oop [32]=Oop [44]=NarrowOop [64]=Oop [88]=Oop [96]=Oop [112]=Oop [128]=Oop }
                      ;*invokevirtual clone {reexecute=1 rethrow=0 return_oop=0}
                      ; - (reexecute) java.util.Arrays::copyOfRange@18
                      ; - java.lang.StringLatin1::newString@16
                      ; - java.lang.String::substring@41
                      ; - jdk.internal.loader.BuiltinClassLoader::findLoadedModule@16
                      ; - jdk.internal.loader.BuiltinClassLoader::loadClassOrNull@22
                      ; - jdk.internal.loader.BuiltinClassLoader::loadClass@3
                      ; - java.lang.ClassLoader::loadClass@38
  0x0000027807c0fa04: 7849 97ff 

  0x0000027807c0fa08: ;   {other}
  0x0000027807c0fa08: 0f1f 8400 | 0000 0000 | ba97 ffff | ff4c 8b54 | 2460 4c89 | 5424 2044 | 8b5c 2430 | 4489 5c24 
  0x0000027807c0fa28: 284c 8b54 | 2440 4c89 | 5424 384c | 8b54 2450 | 4c89 5424 | 404c 8b54 | 2478 4c89 | 5424 584c 
  0x0000027807c0fa48: 8b54 2468 | 4c89 5424 | 604c 8b94 | 24a0 0000 | 004c 8994 | 2480 0000 | 004c 8b94 | 24a8 0000 
  0x0000027807c0fa68: 004c 8994 | 2498 0000 | 0066 6690 

  0x0000027807c0fa74: ;   {runtime_call UncommonTrapBlob}
  0x0000027807c0fa74: c5f8 77e8 

  0x0000027807c0fa78: ; ImmutableOopMap {rbp=Oop [32]=Oop [44]=NarrowOop [64]=Oop [88]=Oop [128]=Oop [136]=Oop [152]=Oop [168]=Oop [192]=Oop }
                      ;*invokevirtual clone {reexecute=1 rethrow=0 return_oop=0}
                      ; - (reexecute) java.util.Arrays::copyOfRange@18
                      ; - java.lang.StringLatin1::newString@16
                      ; - java.lang.String::substring@41
                      ; - jdk.internal.loader.BuiltinClassLoader::findLoadedModule@16
                      ; - jdk.internal.loader.BuiltinClassLoader::loadClassOrNull@22
                      ; - jdk.internal.loader.BuiltinClassLoader::loadClass@3
                      ; - java.lang.ClassLoader::loadClass@38
                      ; - java.lang.ClassLoader::loadClass@38
  0x0000027807c0fa78: 0449 97ff 

  0x0000027807c0fa7c: ;   {other}
  0x0000027807c0fa7c: 0f1f 8400 | 0000 0000 | ba97 ffff | ff48 8b6c | 2448 4c8b | 5424 604c | 8954 2420 | 448b 5c24 
  0x0000027807c0fa9c: 3044 895c | 2428 4c8b | 5424 404c | 8954 2438 | 4c8b 5424 | 504c 8954 | 2440 4c8b | 5424 784c 
  0x0000027807c0fabc: 8954 2450 | 4c8b 5424 | 684c 8954 | 2458 4c8b | 5424 704c | 8954 2460 | 4c8b 9424 | 8000 0000 
  0x0000027807c0fadc: 4c89 5424 | 784c 8b94 | 24a0 0000 | 004c 8994 | 2480 0000 | 004c 8b94 | 24c0 0000 | 004c 8994 
  0x0000027807c0fafc: 2488 0000 | 004c 8b94 | 24c0 0000 | 004c 8994 | 24a8 0000 | 004c 8b94 | 24c8 0000 | 004c 8994 
  0x0000027807c0fb1c: 24b0 0000 | 004c 8b94 | 24d8 0000 | 004c 8994 | 24c8 0000 | 0066 6690 

  0x0000027807c0fb34: ;   {runtime_call UncommonTrapBlob}
  0x0000027807c0fb34: c5f8 77e8 

  0x0000027807c0fb38: ; ImmutableOopMap {rbp=Oop [32]=Oop [44]=NarrowOop [64]=Oop [80]=Oop [120]=Oop [128]=Oop [136]=Oop [168]=Oop [200]=Oop [208]=NarrowOop [216]=Oop }
                      ;*invokevirtual clone {reexecute=1 rethrow=0 return_oop=0}
                      ; - (reexecute) java.util.Arrays::copyOfRange@18
                      ; - java.lang.StringLatin1::newString@16
                      ; - java.lang.String::substring@41
                      ; - java.net.URLClassLoader::defineClass@28
                      ; - java.net.URLClassLoader$1::run@43
                      ; - java.net.URLClassLoader$1::run@1
                      ; - java.security.AccessController::executePrivileged@29
                      ; - java.security.AccessController::doPrivileged@13
                      ; - java.net.URLClassLoader::findClass@13
                      ; - java.lang.ClassLoader::loadClass@69
                      ; - java.lang.ClassLoader::loadClass@38
  0x0000027807c0fb38: 4448 97ff 

  0x0000027807c0fb3c: ;   {other}
  0x0000027807c0fb3c: 0f1f 8400 | 0000 0000 | baf4 ffff | ff44 8b5c | 2430 4489 | 5c24 284c | 8b54 2440 | 4c89 5424 
  0x0000027807c0fb5c: 384c 8b54 | 2450 4c89 | 5424 404c | 8b54 2478 | 4c89 5424 | 504c 8b54 | 2468 4c89 | 5424 5890 
  0x0000027807c0fb7c: ;   {runtime_call UncommonTrapBlob}
  0x0000027807c0fb7c: c5f8 77e8 

  0x0000027807c0fb80: ; ImmutableOopMap {rbp=Oop [64]=Oop [80]=Oop [184]=Oop [192]=Oop }
                      ;*checkcast {reexecute=0 rethrow=0 return_oop=0}
                      ; - java.net.URLClassLoader::findClass@28
                      ; - java.lang.ClassLoader::loadClass@69
                      ; - java.lang.ClassLoader::loadClass@38
  0x0000027807c0fb80: fc47 97ff 

  0x0000027807c0fb84: ;   {other}
  0x0000027807c0fb84: 0f1f 8400 | 0000 0000 | 498b cb48 | 8d94 2438 | 0100 004d | 8bc7 c5f8 | 7749 ba40 | d956 30fb 
  0x0000027807c0fba4: 7f00 0041 

  0x0000027807c0fba8: ;   {other}
  0x0000027807c0fba8: ffd2 0f1f | 8400 0000 | 0000 e9e8 | 0000 0048 | 8bd8 eb36 | 488b d8eb | 3148 8bd8 | e9d6 0000 
  0x0000027807c0fbc8: 0048 8bd8 | e9ce 0000 | 0048 8bd8 | eb1c 488b | d8eb 1748 | 8bd8 eb12 | 488b d8eb | 0d48 8bd8 
  0x0000027807c0fbe8: eb08 488b | d8eb 0348 | 8bd8 4c8b | 9c24 8000 | 0000 488d | 8424 3801 | 0000 4883 | 3800 0f84 
  0x0000027807c0fc08: 7900 0000 | 4d8b 1341 | f6c2 020f | 8462 0000 | 0049 83ba | 8600 0000 | 0074 0949 | ff8a 8600 
  0x0000027807c0fc28: 0000 eb4b | 498b 8296 | 0000 0049 | 0b82 8e00 | 0000 750a | 49c7 423e | 0000 0000 | eb3d 4983 
  0x0000027807c0fc48: ba9e 0000 | 0000 7422 | 4833 c049 | c742 3e00 | 0000 00f0 | 8304 2400 | 4983 ba9e | 0000 0000 
  0x0000027807c0fc68: 750d f04d | 0fb1 7a3e | 7505 83c8 | 01eb 0ca8 | 00eb 084c | 8b10 f04d | 0fb1 1375 | 0a49 ff8f 
  0x0000027807c0fc88: 5005 0000 | 4533 d20f | 85f7 feff | ffeb 0848 | 8bd8 eb03 | 488b d844 | 8b53 0849 | b800 0000 
  0x0000027807c0fca8: ;   {no_reloc}
  0x0000027807c0fca8: 0f78 0200 | 004d 03c2 | 488b ebe9 | a58a ffff | 488b f949 | 8bcb 488d | 9424 4001 | 0000 4d8b 
  0x0000027807c0fcc8: c7c5 f877 | 49ba 40d9 | 5630 fb7f | 0000 41ff 

  0x0000027807c0fcd8: ;   {other}
  0x0000027807c0fcd8: d20f 1f84 | 0000 0000 | 0048 8bcf | e92e 0100 | 0048 8bd8 | eb3c 488b | d8eb 3748 | 8bd8 488b 
  0x0000027807c0fcf8: 4c24 28e9 | 1701 0000 | 488b d8e9 | fb00 0000 | 488b d848 | 8b8c 24e0 | 0000 00eb | 4648 8bd8 
  0x0000027807c0fd18: 488b 8c24 | e000 0000 | eb39 488b | d8eb 0348 | 8bd8 488b | 8c24 e000 | 0000 eb27 | 488b d848 
  0x0000027807c0fd38: 8b8c 24e0 | 0000 00eb | 1a48 8bd8 | 48b9 0000 | 367a 7802 | 0000 eb0b | 488b d848 | 8b8c 24e0 
  0x0000027807c0fd58: 0000 004c | 8b9c 24a8 | 0000 0048 | 8d84 2440 | 0100 0048 | 8338 000f | 8479 0000 | 004d 8b13 
  0x0000027807c0fd78: 41f6 c202 | 0f84 6200 | 0000 4983 | ba86 0000 | 0000 7409 | 49ff 8a86 | 0000 00eb | 4b49 8b82 
  0x0000027807c0fd98: 9600 0000 | 490b 828e | 0000 0075 | 0a49 c742 | 3e00 0000 | 00eb 3d49 | 83ba 9e00 | 0000 0074 
  0x0000027807c0fdb8: 2248 33c0 | 49c7 423e | 0000 0000 | f083 0424 | 0049 83ba | 9e00 0000 | 0075 0df0 | 4d0f b17a 
  0x0000027807c0fdd8: ;   {no_reloc}
  0x0000027807c0fdd8: 3e75 0583 | c801 eb0c | a800 eb08 | 4c8b 10f0 | 4d0f b113 | 750a 49ff | 8f50 0500 | 0045 33d2 
  0x0000027807c0fdf8: 0f85 bafe | ffff eb17 | 488b d848 | b900 0036 | 7a78 0200 | 00eb 0848 | 8bd8 488b | 4c24 284c 
  0x0000027807c0fe18: 8bcb 448b | 4308 49ba | 0000 000f | 7802 0000 | 4d03 d0eb | 1e4c 8bc8 | 448b 5808 | 49ba 0000 
  0x0000027807c0fe38: 000f 7802 | 0000 4d03 | d348 b900 | 0036 7a78 | 0200 004d 

  0x0000027807c0fe4c: ;   {metadata('java/lang/ClassNotFoundException')}
  0x0000027807c0fe4c: 8b52 5049 | bb88 9306 | 0f78 0200 | 004d 3bd3 | 0f84 3f78 | ffff 498b | e9e9 4288 | ffff bab5 
  0x0000027807c0fe6c: ffff ff44 | 8b54 2430 | 4489 5424 | 284c 8b54 | 2440 4c89 | 5424 384c | 8b54 2450 | 4c89 5424 
  0x0000027807c0fe8c: 404c 8b54 | 2478 4c89 | 5424 504c | 8b54 2468 | 4c89 5424 | 584c 8b54 | 2470 4c89 | 5424 604c 
  0x0000027807c0feac: 8b94 2480 | 0000 004c | 8954 2478 | 4889 8424 | 8800 0000 

  0x0000027807c0fec0: ;   {runtime_call UncommonTrapBlob}
  0x0000027807c0fec0: c5f8 77e8 

  0x0000027807c0fec4: ; ImmutableOopMap {rbp=Oop [32]=Oop [64]=Oop [80]=Oop [120]=Oop [136]=Oop [152]=Oop [192]=Oop }
                      ;*astore_3 {reexecute=0 rethrow=0 return_oop=0}
                      ; - java.net.URLClassLoader$1::run@61
                      ; - java.net.URLClassLoader$1::run@1
                      ; - java.security.AccessController::executePrivileged@29
                      ; - java.security.AccessController::doPrivileged@13
                      ; - java.net.URLClassLoader::findClass@13
                      ; - java.lang.ClassLoader::loadClass@69
                      ; - java.lang.ClassLoader::loadClass@38
  0x0000027807c0fec4: b844 97ff 

  0x0000027807c0fec8: ;   {other}
  0x0000027807c0fec8: 0f1f 8400 | 0000 0000 | eb2d 448b | 5808 49ba | 0000 000f | 7802 0000 | 4d03 d3eb | 7aeb 3d44 
  0x0000027807c0fee8: 8b58 0849 | ba00 0000 | 0f78 0200 | 004d 03d3 | eb65 e976 | 0100 0044 | 8b50 08e9 | 4801 0000 
  0x0000027807c0ff08: e968 0100 | 00eb 0044 | 8b40 0849 | ba00 0000 | 0f78 0200 | 004d 03d0 | eb3d eb00 | 448b 5808 
  0x0000027807c0ff28: 49ba 0000 | 000f 7802 | 0000 4d03 | d3eb 2844 | 8b58 0849 | ba00 0000 | 0f78 0200 | 004d 03d3 
  0x0000027807c0ff48: eb15 eb02 | eb00 448b | 5808 49ba | 0000 000f | 7802 0000 | 4d03 d34d 

  0x0000027807c0ff60: ;   {metadata('java/lang/RuntimeException')}
  0x0000027807c0ff60: 8b5a 4849 | b8a8 b705 | 0f78 0200 | 004d 3bd8 | 7508 488b | e8e9 3287 | ffff 4d8b 

  0x0000027807c0ff7c: ;   {metadata('java/lang/Exception')}
  0x0000027807c0ff7c: 5240 49bb | 20c0 000f | 7802 0000 | 4d3b d30f | 85bb 0000 | 004c 8bd8 | 498b 87b8 | 0100 004c 
  0x0000027807c0ff9c: 8bd0 4983 | c228 4d3b | 97c8 0100 | 000f 83ce | 0000 004d | 8997 b801 | 0000 410f | 0d8a c000 
  0x0000027807c0ffbc: 0000 48c7 | 0001 0000 

  0x0000027807c0ffc4: ;   {metadata('java/security/PrivilegedActionException')}
  0x0000027807c0ffc4: 00c7 4008 | 809a 0401 | 4489 600c | 4c89 6010 | 4c89 6018 | 4c89 6020 | 498b eb4c | 8bd0 4c89 
  0x0000027807c0ffe4: 5424 2049 | 8bd2 4c8b | c548 8b6c | 2448 6690 

  0x0000027807c0fff4: ;   {optimized virtual_call}
  0x0000027807c0fff4: c5f8 77e8 

  0x0000027807c0fff8: ; ImmutableOopMap {rbp=Oop [32]=Oop [72]=Oop [80]=Oop [120]=Oop [184]=Oop [192]=Oop }
                      ;*invokespecial <init> {reexecute=0 rethrow=0 return_oop=0}
                      ; - java.security.AccessController::wrapException@5
                      ; - java.security.AccessController::doPrivileged@22
                      ; - java.net.URLClassLoader::findClass@13
                      ; - java.lang.ClassLoader::loadClass@69
                      ; - java.lang.ClassLoader::loadClass@38
  0x0000027807c0fff8: 84ea 96ff 

  0x0000027807c0fffc: ;   {other}
  0x0000027807c0fffc: 0f1f 8400 | 0000 0000 | 488b 5424 | 2048 8b6c | 2448 6690 

  0x0000027807c10010: ;   {optimized virtual_call}
  0x0000027807c10010: c5f8 77e8 

  0x0000027807c10014: ; ImmutableOopMap {rbp=Oop [72]=Oop [80]=Oop [120]=Oop [184]=Oop [192]=Oop }
                      ;*invokevirtual getException {reexecute=0 rethrow=0 return_oop=1}
                      ; - java.net.URLClassLoader::findClass@25
                      ; - java.lang.ClassLoader::loadClass@69
                      ; - java.lang.ClassLoader::loadClass@38
  0x0000027807c10014: 68ea 96ff 

  0x0000027807c10018: ;   {other}
  0x0000027807c10018: 0f1f 8400 | 0000 0000 

  0x0000027807c10020: ; implicit exception: dispatches to 0x0000027807c0fb44
  0x0000027807c10020: 448b 5808 | 49b8 0000 | 000f 7802 | 0000 4d03 | c34d 8b58 

  0x0000027807c10034: ;   {metadata('java/lang/ClassNotFoundException')}
  0x0000027807c10034: 5049 b888 | 9306 0f78 | 0200 004d | 3bd8 755d | 488b e8e9 | 6086 ffff | 448b 5008 

  0x0000027807c10050: ;   {metadata('java/security/PrivilegedActionException')}
  0x0000027807c10050: 49bb 809a | 0410 7802 | 0000 49b8 | 0000 000f | 7802 0000 | 4d03 c24d | 8b50 484d | 3bd3 7505 
  0x0000027807c10070: 488b d0eb | 9448 8be8 | e92f 86ff | ff49 8beb 

  0x0000027807c10080: ;   {metadata('java/security/PrivilegedActionException')}
  0x0000027807c10080: 48ba 809a | 0410 7802 | 0000 6690 

  0x0000027807c1008c: ;   {runtime_call _new_instance_Java}
  0x0000027807c1008c: c5f8 77e8 

  0x0000027807c10090: ; ImmutableOopMap {rbp=Oop [72]=Oop [80]=Oop [120]=Oop [184]=Oop [192]=Oop }
                      ;*new {reexecute=0 rethrow=0 return_oop=1}
                      ; - java.security.AccessController::wrapException@0
                      ; - java.security.AccessController::doPrivileged@22
                      ; - java.net.URLClassLoader::findClass@13
                      ; - java.lang.ClassLoader::loadClass@69
                      ; - java.lang.ClassLoader::loadClass@38
  0x0000027807c10090: ec64 a3ff 

  0x0000027807c10094: ;   {other}
  0x0000027807c10094: 0f1f 8400 | 0000 0000 | e93e ffff | ffba deff | ffff 448b | 4424 3044 | 8944 2428 | 4c8b 5c24 
  0x0000027807c100b4: 404c 895c | 2438 4c8b | 5c24 504c | 895c 2440 | 4c8b 5c24 | 784c 895c | 2450 4c8b | 5c24 684c 
  0x0000027807c100d4: 895c 2458 | 4c8b 5c24 | 704c 895c | 2460 4889 | 4424 7090 

  0x0000027807c100e8: ;   {runtime_call UncommonTrapBlob}
  0x0000027807c100e8: c5f8 77e8 

  0x0000027807c100ec: ; ImmutableOopMap {rbp=Oop [64]=Oop [80]=Oop [112]=Oop [184]=Oop [192]=Oop }
                      ;*checkcast {reexecute=0 rethrow=0 return_oop=0}
                      ; - java.net.URLClassLoader::findClass@28
                      ; - java.lang.ClassLoader::loadClass@69
                      ; - java.lang.ClassLoader::loadClass@38
  0x0000027807c100ec: 9042 97ff 

  0x0000027807c100f0: ;   {other}
  0x0000027807c100f0: 0f1f 8400 | 0000 0000 | 4c8b d0e9 | 6605 0000 | 4c8b c8e9 | 5703 0000 | 4c8b c8e9 | 4f03 0000 
  0x0000027807c10110: 4c8b d0e9 | 4e05 0000 | 4c8b d0e9 | 4605 0000 | 4c8b d0e9 | 3e05 0000 | 4c8b d0e9 | 3605 0000 
  0x0000027807c10130: 4c8b d0e9 | 2e05 0000 | 4c8b d0e9 | 2605 0000 | 4c8b d0e9 | 1e05 0000 | 4c8b d0e9 | 1605 0000 
  0x0000027807c10150: 4c8b d0e9 | 0e05 0000 | 4c8b d0e9 | 0605 0000 | 4c8b d0e9 | fe04 0000 | 4c8b d0e9 | f604 0000 
  0x0000027807c10170: 4c8b d0e9 | ee04 0000 | 4c8b d0e9 | e604 0000 | 4c8b c8e9 | d702 0000 | 488b 9424 | e000 0000 
  0x0000027807c10190: 4c8b c044 | 8b94 24d0 | 0000 0044 | 8954 242c 

  0x0000027807c101a0: ;   {optimized virtual_call}
  0x0000027807c101a0: c5f8 77e8 

  0x0000027807c101a4: ; ImmutableOopMap {rbp=Oop [32]=Oop [44]=NarrowOop [72]=Oop [80]=Oop [120]=Oop [128]=Oop [160]=Oop [184]=Oop [192]=Oop [224]=Oop [280]=Oop }
                      ;*invokevirtual addSuppressed {reexecute=0 rethrow=0 return_oop=0}
                      ; - java.util.jar.JarFile::getManifestFromReference@177
                      ; - java.util.jar.JarFile::getManifest@1
                      ; - jdk.internal.loader.URLClassPath$JarLoader$2::getManifest@22
                      ; - java.net.URLClassLoader::defineClass@34
                      ; - java.net.URLClassLoader$1::run@43
                      ; - java.net.URLClassLoader$1::run@1
                      ; - java.security.AccessController::executePrivileged@29
                      ; - java.security.AccessController::doPrivileged@13
                      ; - java.net.URLClassLoader::findClass@13
                      ; - java.lang.ClassLoader::loadClass@69
                      ; - java.lang.ClassLoader::loadClass@38
  0x0000027807c101a4: d8e8 96ff 

  0x0000027807c101a8: ;   {other}
  0x0000027807c101a8: 0f1f 8400 | 0000 0000 | e99f 0400 | 0044 8b58 | 0849 ba00 | 0000 0f78 | 0200 004d | 03d3 488b 
  0x0000027807c101c8: d0e9 4f05 | 0000 4889 | 8424 e000 | 0000 e93f | 0400 004c | 8bd0 e983 | 0400 004c | 8bd0 e97b 
  0x0000027807c101e8: 0400 004c | 8bd0 e973 | 0400 004c | 8bd0 e96b | 0400 004c | 8bd0 e963 | 0400 004c | 8bd0 e95b 
  0x0000027807c10208: 0400 0048 | 8be8 488b | 5424 384c | 8b54 2458 | 4c89 5424 | 384c 8b94 | 24a0 0000 | 004c 8994 
  0x0000027807c10228: 2498 0000 | 0044 8b9c | 24d0 0000 | 0044 895c | 2434 6690 

  0x0000027807c1023c: ;   {static_call}
  0x0000027807c1023c: c5f8 77e8 

  0x0000027807c10240: ; ImmutableOopMap {rbp=Oop [40]=Oop [52]=NarrowOop [56]=Oop [72]=Oop [80]=Oop [120]=Oop [128]=Oop [152]=Oop [160]=Oop [184]=Oop [192]=Oop [280]=Oop }
                      ;*invokestatic endInit {reexecute=0 rethrow=0 return_oop=0}
                      ; - java.util.jar.JarFile::ensureInitialization@53
                      ; - java.util.jar.JavaUtilJarAccessImpl::ensureInitialization@1
                      ; - jdk.internal.loader.URLClassPath$JarLoader$2::getManifest@10
                      ; - java.net.URLClassLoader::defineClass@34
                      ; - java.net.URLClassLoader$1::run@43
                      ; - java.net.URLClassLoader$1::run@1
                      ; - java.security.AccessController::executePrivileged@29
                      ; - java.security.AccessController::doPrivileged@13
                      ; - java.net.URLClassLoader::findClass@13
                      ; - java.lang.ClassLoader::loadClass@69
                      ; - java.lang.ClassLoader::loadClass@38
  0x0000027807c10240: 3cee 96ff 

  0x0000027807c10244: ;   {other}
  0x0000027807c10244: 0f1f 8400 | 0000 0000 | 4c8b cde9 | 0b02 0000 | 4c8b c8e9 | 0302 0000 | 448b 5808 | 49ba 0000 
  0x0000027807c10264: 000f 7802 | 0000 4d03 | d348 8bd0 | e9a8 0400 | 004c 8bd0 | e9e9 0300 | 00eb 0044 | 8b58 0849 
  0x0000027807c10284: ba00 0000 | 0f78 0200 | 004d 03d3 | 488b d0e9 | 8504 0000 | 448b 4008 | 49ba 0000 | 000f 7802 
  0x0000027807c102a4: 0000 4d03 | d04d 8b5a | 504c 3bdd | 0f85 9e04 | 0000 4533 | c9e9 9702 | 0000 4c8b | d0e9 a003 
  0x0000027807c102c4: 0000 4c8b | d0e9 9803 | 0000 4c8b | d0e9 9003 | 0000 4c8b | c844 8b50 | 0849 bb00 | 0000 0f78 
  0x0000027807c102e4: 0200 004d | 03da 4d8b 

  0x0000027807c102ec: ;   {metadata('java/io/IOException')}
  0x0000027807c102ec: 5348 49bb | 9861 0410 | 7802 0000 | 4d3b d30f | 855e 0100 | 004c 8bd8 | 498b 87b8 | 0100 004c 
  0x0000027807c1030c: 8bd0 4983 | c228 4d3b | 97c8 0100 | 000f 8391 | 0400 004d | 8997 b801 | 0000 410f | 0d8a c000 
  0x0000027807c1032c: 0000 48c7 | 0001 0000 

  0x0000027807c10334: ;   {metadata('java/lang/RuntimeException')}
  0x0000027807c10334: 00c7 4008 | a8b7 0500 | 4489 600c | 4c89 6010 | 4c89 6018 | 4c89 6020 | 498b eb4c | 8bd0 4c89 
  0x0000027807c10354: 5424 2049 | 8bd2 4c8b | c548 8b6c | 2448 4c8b | 9424 b800 | 0000 4c89 | 5424 384c | 8b94 24a0 
  0x0000027807c10374: 0000 004c | 8994 2498 | 0000 0044 | 8b94 24d0 | 0000 0044 | 8954 2434 

  0x0000027807c1038c: ;   {optimized virtual_call}
  0x0000027807c1038c: c5f8 77e8 

  0x0000027807c10390: ; ImmutableOopMap {rbp=Oop [32]=Oop [40]=Oop [52]=NarrowOop [56]=Oop [72]=Oop [80]=Oop [120]=Oop [128]=Oop [152]=Oop [160]=Oop [184]=Oop [192]=Oop [280]=Oop }
                      ;*invokespecial <init> {reexecute=0 rethrow=0 return_oop=0}
                      ; - java.util.jar.JarFile::ensureInitialization@13
                      ; - java.util.jar.JavaUtilJarAccessImpl::ensureInitialization@1
                      ; - jdk.internal.loader.URLClassPath$JarLoader$2::getManifest@10
                      ; - java.net.URLClassLoader::defineClass@34
                      ; - java.net.URLClassLoader$1::run@43
                      ; - java.net.URLClassLoader$1::run@1
                      ; - java.security.AccessController::executePrivileged@29
                      ; - java.security.AccessController::doPrivileged@13
                      ; - java.net.URLClassLoader::findClass@13
                      ; - java.lang.ClassLoader::loadClass@69
                      ; - java.lang.ClassLoader::loadClass@38
  0x0000027807c10390: ece6 96ff 

  0x0000027807c10394: ;   {other}
  0x0000027807c10394: 0f1f 8400 | 0000 0000 | 4c8b 5c24 | 2848 8d84 | 2440 0100 | 0048 8338 | 000f 8479 | 0000 004d 
  0x0000027807c103b4: 8b13 41f6 | c202 0f84 | 6200 0000 | 4983 ba86 | 0000 0000 | 7409 49ff | 8a86 0000 | 00eb 4b49 
  0x0000027807c103d4: 8b82 9600 | 0000 490b | 828e 0000 | 0075 0a49 | c742 3e00 | 0000 00eb | 3d49 83ba | 9e00 0000 
  0x0000027807c103f4: 0074 2248 | 33c0 49c7 | 423e 0000 | 0000 f083 | 0424 0049 | 83ba 9e00 | 0000 0075 | 0df0 4d0f 
  0x0000027807c10414: b17a 3e75 | 0583 c801 | eb0c a800 | eb08 4c8b | 10f0 4d0f | b113 750a | 49ff 8f50 | 0500 0045 
  0x0000027807c10434: 33d2 0f85 | b103 0000 | 488b 5424 | 204c 8b54 | 2438 4c89 | 5424 2090 

  0x0000027807c1044c: ;   {runtime_call _rethrow_Java}
  0x0000027807c1044c: c5f8 77e8 

  0x0000027807c10450: ; ImmutableOopMap {rbp=Oop [32]=Oop [72]=Oop [80]=Oop [120]=Oop [128]=Oop [152]=Oop [184]=Oop [192]=Oop }
                      ;*invokevirtual defineClass {reexecute=0 rethrow=0 return_oop=1}
                      ; - java.net.URLClassLoader$1::run@43
                      ; - java.net.URLClassLoader$1::run@1
                      ; - java.security.AccessController::executePrivileged@29
                      ; - java.security.AccessController::doPrivileged@13
                      ; - java.net.URLClassLoader::findClass@13
                      ; - java.lang.ClassLoader::loadClass@69
                      ; - java.lang.ClassLoader::loadClass@38
  0x0000027807c10450: 2c47 a3ff 

  0x0000027807c10454: ;   {other}
  0x0000027807c10454: 0f1f 8400 | 0000 0000 | 4c8b c84c | 8b5c 2428 | 488d 8424 | 4001 0000 | 4883 3800 | 0f84 7900 
  0x0000027807c10474: 0000 4d8b | 1341 f6c2 | 020f 8462 | 0000 0049 | 83ba 8600 | 0000 0074 | 0949 ff8a | 8600 0000 
  0x0000027807c10494: eb4b 498b | 8296 0000 | 0049 0b82 | 8e00 0000 | 750a 49c7 | 423e 0000 | 0000 eb3d | 4983 ba9e 
  0x0000027807c104b4: 0000 0000 | 7422 4833 | c049 c742 | 3e00 0000 | 00f0 8304 | 2400 4983 | ba9e 0000 | 0000 750d 
  0x0000027807c104d4: f04d 0fb1 | 7a3e 7505 | 83c8 01eb | 0ca8 00eb | 084c 8b10 | f04d 0fb1 | 1375 0a49 | ff8f 5005 
  0x0000027807c104f4: 0000 4533 | d20f 846a | 0100 0049 | 8bd9 488b | 4c24 2848 | 8d94 2440 | 0100 004d | 8bc7 c5f8 
  0x0000027807c10514: 7749 ba40 | d956 30fb | 7f00 0041 

  0x0000027807c10520: ;   {other}
  0x0000027807c10520: ffd2 0f1f | 8400 0000 | 0000 4c8b | cbe9 3701 | 0000 448b | 5808 49ba | 0000 000f | 7802 0000 
  0x0000027807c10540: 4d03 d34d | 8b5a 504c | 3bdd 0f85 | b000 0000 | 4c8b 4c24 | 3848 8b94 | 24c0 0000 | 004c 8b84 
  0x0000027807c10560: 2418 0100 | 0048 8b7c | 2428 488b | 6c24 484c | 8b54 2458 | 4c89 5424 | 3866 6690 

  0x0000027807c1057c: ;   {optimized virtual_call}
  0x0000027807c1057c: c5f8 77e8 

  0x0000027807c10580: ; ImmutableOopMap {rbp=Oop [32]=NarrowOop [40]=Oop [56]=Oop [72]=Oop [80]=Oop [120]=Oop [128]=Oop [160]=Oop [184]=Oop [192]=Oop [208]=NarrowOop [280]=Oop }
                      ;*invokevirtual getAndVerifyPackage {reexecute=0 rethrow=0 return_oop=1}
                      ; - java.net.URLClassLoader::defineClass@97
                      ; - java.net.URLClassLoader$1::run@43
                      ; - java.net.URLClassLoader$1::run@1
                      ; - java.security.AccessController::executePrivileged@29
                      ; - java.security.AccessController::doPrivileged@13
                      ; - java.net.URLClassLoader::findClass@13
                      ; - java.lang.ClassLoader::loadClass@69
                      ; - java.lang.ClassLoader::loadClass@38
  0x0000027807c10580: fce4 96ff 

  0x0000027807c10584: ;   {other}
  0x0000027807c10584: 0f1f 8400 | 0000 0000 | 4885 c00f | 85a0 77ff | ffba fd00 | 0000 4c8b | 5424 384c | 8954 2420 
  0x0000027807c105a4: 448b 5c24 | 3044 895c | 2428 4c8b | 5424 404c | 8954 2438 | 4c8b 5424 | 504c 8954 | 2440 4c8b 
  0x0000027807c105c4: 5424 784c | 8954 2450 | 4c8b 5424 | 684c 8954 | 2458 4c8b | 5424 704c | 8954 2460 | 4c8b 9424 
  0x0000027807c105e4: 8000 0000 | 4c89 5424 | 7866 6690 

  0x0000027807c105f0: ;   {runtime_call UncommonTrapBlob}
  0x0000027807c105f0: c5f8 77e8 

  0x0000027807c105f4: ; ImmutableOopMap {rbp=Oop [32]=Oop [64]=Oop [80]=Oop [120]=Oop [160]=Oop [192]=Oop [280]=Oop }
                      ;*new {reexecute=0 rethrow=0 return_oop=0}
                      ; - java.net.URLClassLoader::defineClass@103
                      ; - java.net.URLClassLoader$1::run@43
                      ; - java.net.URLClassLoader$1::run@1
                      ; - java.security.AccessController::executePrivileged@29
                      ; - java.security.AccessController::doPrivileged@13
                      ; - java.net.URLClassLoader::findClass@13
                      ; - java.lang.ClassLoader::loadClass@69
                      ; - java.lang.ClassLoader::loadClass@38
  0x0000027807c105f4: 883d 97ff 

  0x0000027807c105f8: ;   {other}
  0x0000027807c105f8: 0f1f 8400 | 0000 0000 | 488b d0e9 | 1501 0000 | 4c8b d0eb | 594c 8bd0 | eb54 4889 | 8424 e000 
  0x0000027807c10618: 0000 4c8b | d54d 85d2 | 7432 498b | d248 8b6c | 2448 4c8b | 9424 b800 | 0000 4c89 | 5424 2066 
  0x0000027807c10638: 6690 c5f8 | 7748 b8ff | ffff ffff 

  0x0000027807c10644: ;   {virtual_call}
  0x0000027807c10644: ffff ffe8 

  0x0000027807c10648: ; ImmutableOopMap {rbp=Oop [32]=Oop [72]=Oop [80]=Oop [120]=Oop [128]=Oop [160]=Oop [184]=Oop [192]=Oop [208]=NarrowOop [224]=Oop [280]=Oop }
                      ;*invokevirtual close {reexecute=0 rethrow=0 return_oop=0}
                      ; - java.util.jar.JarFile::getManifestFromReference@165
                      ; - java.util.jar.JarFile::getManifest@1
                      ; - jdk.internal.loader.URLClassPath$JarLoader$2::getManifest@22
                      ; - java.net.URLClassLoader::defineClass@34
                      ; - java.net.URLClassLoader$1::run@43
                      ; - java.net.URLClassLoader$1::run@1
                      ; - java.security.AccessController::executePrivileged@29
                      ; - java.security.AccessController::doPrivileged@13
                      ; - java.net.URLClassLoader::findClass@13
                      ; - java.lang.ClassLoader::loadClass@69
                      ; - java.lang.ClassLoader::loadClass@38
  0x0000027807c10648: 34e7 96ff 

  0x0000027807c1064c: ;   {other}
  0x0000027807c1064c: 0f1f 8400 | 0000 0000 | 4c8b 9424 | e000 0000 | eb08 4c8b | d0eb 034c | 8bd0 4d8b | ca45 8b41 
  0x0000027807c1066c: 0849 ba00 | 0000 0f78 | 0200 004d | 03d0 498b | d1e9 9b00 | 0000 448b | 5808 49ba | 0000 000f 
  0x0000027807c1068c: 7802 0000 | 4d03 d348 | 8bd0 e982 | 0000 0044 | 8b58 0849 | ba00 0000 | 0f78 0200 | 004d 03d3 
  0x0000027807c106ac: 488b d0eb | 6c44 8b58 | 0849 ba00 | 0000 0f78 | 0200 004d | 03d3 488b | d0eb 5644 | 8b58 0849 
  0x0000027807c106cc: ba00 0000 | 0f78 0200 | 004d 03d3 | 488b d0eb | 4044 8b58 | 0849 ba00 | 0000 0f78 | 0200 004d 
  0x0000027807c106ec: 03d3 488b | d0eb 2a44 | 8b58 0849 | ba00 0000 | 0f78 0200 | 004d 03d3 | 488b d0eb | 1444 8b58 
  0x0000027807c1070c: 0849 ba00 | 0000 0f78 | 0200 004d | 03d3 488b | d04d 8b52 

  0x0000027807c10720: ;   {metadata('java/io/IOException')}
  0x0000027807c10720: 4849 bb98 | 6104 1078 | 0200 004d | 3bd3 7429 | 488b 6c24 | 484c 8b94 | 24b8 0000 | 004c 8954 
  0x0000027807c10740: 2420 6690 

  0x0000027807c10744: ;   {runtime_call _rethrow_Java}
  0x0000027807c10744: c5f8 77e8 

  0x0000027807c10748: ; ImmutableOopMap {rbp=Oop [32]=Oop [72]=Oop [80]=Oop [120]=Oop [128]=Oop [160]=Oop [184]=Oop [192]=Oop }
                      ;*invokevirtual defineClass {reexecute=0 rethrow=0 return_oop=1}
                      ; - java.net.URLClassLoader$1::run@43
                      ; - java.net.URLClassLoader$1::run@1
                      ; - java.security.AccessController::executePrivileged@29
                      ; - java.security.AccessController::doPrivileged@13
                      ; - java.net.URLClassLoader::findClass@13
                      ; - java.lang.ClassLoader::loadClass@69
                      ; - java.lang.ClassLoader::loadClass@38
  0x0000027807c10748: 3444 a3ff 

  0x0000027807c1074c: ;   {other}
  0x0000027807c1074c: 0f1f 8400 | 0000 0000 | 488b d0eb | c448 8bea | ba2f 0000 | 004c 8b54 | 2448 4c89 | 5424 204c 
  0x0000027807c1076c: 8b94 24b8 | 0000 004c | 8954 2428 | 4c8b 5424 | 504c 8954 | 2448 4c8b | 5424 784c | 8954 2458 
  0x0000027807c1078c: 4c8b 5424 | 684c 8954 | 2460 4c8b | 5424 704c | 8954 2468 

  0x0000027807c107a0: ;   {runtime_call UncommonTrapBlob}
  0x0000027807c107a0: c5f8 77e8 

  0x0000027807c107a4: ; ImmutableOopMap {rbp=Oop [32]=Oop [40]=Oop [72]=Oop [88]=Oop [128]=Oop [192]=Oop }
                      ;*new {reexecute=0 rethrow=0 return_oop=0}
                      ; - java.net.URLClassLoader$1::run@48
                      ; - java.net.URLClassLoader$1::run@1
                      ; - java.security.AccessController::executePrivileged@29
                      ; - java.security.AccessController::doPrivileged@13
                      ; - java.net.URLClassLoader::findClass@13
                      ; - java.lang.ClassLoader::loadClass@69
                      ; - java.lang.ClassLoader::loadClass@38
  0x0000027807c107a4: d83b 97ff 

  0x0000027807c107a8: ;   {other}
  0x0000027807c107a8: 0f1f 8400 | 0000 0000 

  0x0000027807c107b0: ;   {metadata('java/lang/RuntimeException')}
  0x0000027807c107b0: 498b eb48 | baa8 b705 | 0f78 0200 | 004c 8b54 | 2458 4c89 | 5424 384c | 8b94 24a0 | 0000 004c 
  0x0000027807c107d0: 8994 2498 | 0000 0090 

  0x0000027807c107d8: ;   {runtime_call _new_instance_Java}
  0x0000027807c107d8: c5f8 77e8 

  0x0000027807c107dc: ; ImmutableOopMap {rbp=Oop [40]=Oop [56]=Oop [72]=Oop [80]=Oop [120]=Oop [128]=Oop [152]=Oop [160]=Oop [184]=Oop [192]=Oop [208]=NarrowOop [280]=Oop }
                      ;*new {reexecute=0 rethrow=0 return_oop=1}
                      ; - java.util.jar.JarFile::ensureInitialization@8
                      ; - java.util.jar.JavaUtilJarAccessImpl::ensureInitialization@1
                      ; - jdk.internal.loader.URLClassPath$JarLoader$2::getManifest@10
                      ; - java.net.URLClassLoader::defineClass@34
                      ; - java.net.URLClassLoader$1::run@43
                      ; - java.net.URLClassLoader$1::run@1
                      ; - java.security.AccessController::executePrivileged@29
                      ; - java.security.AccessController::doPrivileged@13
                      ; - java.net.URLClassLoader::findClass@13
                      ; - java.lang.ClassLoader::loadClass@69
                      ; - java.lang.ClassLoader::loadClass@38
  0x0000027807c107dc: a05d a3ff 

  0x0000027807c107e0: ;   {other}
  0x0000027807c107e0: 0f1f 8400 | 0000 0000 | e962 fbff | ff49 8bcb | 488d 9424 | 4001 0000 | 4d8b c7c5 | f877 49ba 
  0x0000027807c10800: 40d9 5630 | fb7f 0000 

  0x0000027807c10808: ;   {other}
  0x0000027807c10808: 41ff d20f | 1f84 0000 | 0000 00e9 | 24fc ffff 

  0x0000027807c10818: ;   {internal_word}
  0x0000027807c10818: 49ba 7d92 | c007 7802 | 0000 4d89 | 9768 0400 

  0x0000027807c10828: ;   {runtime_call SafepointBlob}
  0x0000027807c10828: 00e9 524c 

  0x0000027807c1082c: ;   {runtime_call StubRoutines (final stubs)}
  0x0000027807c1082c: 97ff e86d | 5c95 ffe9 | 0658 ffff 
[Stub Code]
  0x0000027807c10838: ;   {no_reloc}
  0x0000027807c10838: 48bb 0000 | 0000 0000 

  0x0000027807c10840: ;   {runtime_call nmethod}
  0x0000027807c10840: 0000 e9fb 

  0x0000027807c10844: ;   {static_stub}
  0x0000027807c10844: ffff ff48 | bba8 0017 | 0f78 0200 

  0x0000027807c10850: ;   {runtime_call I2C/C2I adapters}
  0x0000027807c10850: 00e9 0d2c 

  0x0000027807c10854: ;   {static_stub}
  0x0000027807c10854: 97ff 48bb | 0000 0000 | 0000 0000 

  0x0000027807c10860: ;   {runtime_call nmethod}
  0x0000027807c10860: e9fb ffff 

  0x0000027807c10864: ;   {static_stub}
  0x0000027807c10864: ff48 bb70 | 2c21 0f78 

  0x0000027807c1086c: ;   {runtime_call I2C/C2I adapters}
  0x0000027807c1086c: 0200 00e9 | ef2b 97ff 

  0x0000027807c10874: ;   {static_stub}
  0x0000027807c10874: 48bb 0000 | 0000 0000 

  0x0000027807c1087c: ;   {runtime_call nmethod}
  0x0000027807c1087c: 0000 e9fb 

  0x0000027807c10880: ;   {static_stub}
  0x0000027807c10880: ffff ff48 | bb00 0000 | 0000 0000 

  0x0000027807c1088c: ;   {runtime_call nmethod}
  0x0000027807c1088c: 00e9 fbff 

  0x0000027807c10890: ;   {static_stub}
  0x0000027807c10890: ffff 48bb | 0000 0000 | 0000 0000 

  0x0000027807c1089c: ;   {runtime_call nmethod}
  0x0000027807c1089c: e9fb ffff 

  0x0000027807c108a0: ;   {static_stub}
  0x0000027807c108a0: ff48 bb00 | 0000 0000 

  0x0000027807c108a8: ;   {runtime_call nmethod}
  0x0000027807c108a8: 0000 00e9 | fbff ffff 

  0x0000027807c108b0: ;   {static_stub}
  0x0000027807c108b0: 48bb 0000 | 0000 0000 

  0x0000027807c108b8: ;   {runtime_call nmethod}
  0x0000027807c108b8: 0000 e9fb 

  0x0000027807c108bc: ;   {static_stub}
  0x0000027807c108bc: ffff ff48 | bb00 0000 | 0000 0000 

  0x0000027807c108c8: ;   {runtime_call nmethod}
  0x0000027807c108c8: 00e9 fbff 

  0x0000027807c108cc: ;   {static_stub}
  0x0000027807c108cc: ffff 48bb | 0000 0000 | 0000 0000 

  0x0000027807c108d8: ;   {runtime_call nmethod}
  0x0000027807c108d8: e9fb ffff 

  0x0000027807c108dc: ;   {static_stub}
  0x0000027807c108dc: ff48 bb00 | 0000 0000 

  0x0000027807c108e4: ;   {runtime_call nmethod}
  0x0000027807c108e4: 0000 00e9 | fbff ffff 

  0x0000027807c108ec: ;   {static_stub}
  0x0000027807c108ec: 48bb 0000 | 0000 0000 

  0x0000027807c108f4: ;   {runtime_call nmethod}
  0x0000027807c108f4: 0000 e9fb 

  0x0000027807c108f8: ;   {static_stub}
  0x0000027807c108f8: ffff ff48 | bb00 0000 | 0000 0000 

  0x0000027807c10904: ;   {runtime_call nmethod}
  0x0000027807c10904: 00e9 fbff 

  0x0000027807c10908: ;   {static_stub}
  0x0000027807c10908: ffff 48bb | 0000 0000 | 0000 0000 

  0x0000027807c10914: ;   {runtime_call nmethod}
  0x0000027807c10914: e9fb ffff 

  0x0000027807c10918: ;   {static_stub}
  0x0000027807c10918: ff48 bb00 | 0000 0000 

  0x0000027807c10920: ;   {runtime_call nmethod}
  0x0000027807c10920: 0000 00e9 | fbff ffff 

  0x0000027807c10928: ;   {static_stub}
  0x0000027807c10928: 48bb 0000 | 0000 0000 

  0x0000027807c10930: ;   {runtime_call nmethod}
  0x0000027807c10930: 0000 e9fb 

  0x0000027807c10934: ;   {static_stub}
  0x0000027807c10934: ffff ff48 | bb00 0000 | 0000 0000 

  0x0000027807c10940: ;   {runtime_call nmethod}
  0x0000027807c10940: 00e9 fbff 

  0x0000027807c10944: ;   {static_stub}
  0x0000027807c10944: ffff 48bb | 0000 0000 | 0000 0000 

  0x0000027807c10950: ;   {runtime_call nmethod}
  0x0000027807c10950: e9fb ffff 

  0x0000027807c10954: ;   {static_stub}
  0x0000027807c10954: ff48 bb00 | 0000 0000 

  0x0000027807c1095c: ;   {runtime_call nmethod}
  0x0000027807c1095c: 0000 00e9 | fbff ffff 

  0x0000027807c10964: ;   {static_stub}
  0x0000027807c10964: 48bb 88f2 | 040f 7802 

  0x0000027807c1096c: ;   {runtime_call I2C/C2I adapters}
  0x0000027807c1096c: 0000 e9f8 

  0x0000027807c10970: ;   {static_stub}
  0x0000027807c10970: a496 ff48 | bb00 0000 | 0000 0000 

  0x0000027807c1097c: ;   {runtime_call nmethod}
  0x0000027807c1097c: 00e9 fbff 

  0x0000027807c10980: ;   {static_stub}
  0x0000027807c10980: ffff 48bb | 0000 0000 | 0000 0000 

  0x0000027807c1098c: ;   {runtime_call nmethod}
  0x0000027807c1098c: e9fb ffff 

  0x0000027807c10990: ;   {static_stub}
  0x0000027807c10990: ff48 bb00 | 0000 0000 

  0x0000027807c10998: ;   {runtime_call nmethod}
  0x0000027807c10998: 0000 00e9 | fbff ffff 

  0x0000027807c109a0: ;   {static_stub}
  0x0000027807c109a0: 48bb 0000 | 0000 0000 

  0x0000027807c109a8: ;   {runtime_call nmethod}
  0x0000027807c109a8: 0000 e9fb 

  0x0000027807c109ac: ;   {static_stub}
  0x0000027807c109ac: ffff ff48 | bb00 0000 | 0000 0000 

  0x0000027807c109b8: ;   {runtime_call nmethod}
  0x0000027807c109b8: 00e9 fbff 

  0x0000027807c109bc: ;   {static_stub}
  0x0000027807c109bc: ffff 48bb | 0000 0000 | 0000 0000 

  0x0000027807c109c8: ;   {runtime_call nmethod}
  0x0000027807c109c8: e9fb ffff 

  0x0000027807c109cc: ;   {static_stub}
  0x0000027807c109cc: ff48 bb00 | 0000 0000 

  0x0000027807c109d4: ;   {runtime_call nmethod}
  0x0000027807c109d4: 0000 00e9 | fbff ffff 

  0x0000027807c109dc: ;   {static_stub}
  0x0000027807c109dc: 48bb 0000 | 0000 0000 

  0x0000027807c109e4: ;   {runtime_call nmethod}
  0x0000027807c109e4: 0000 e9fb 

  0x0000027807c109e8: ;   {static_stub}
  0x0000027807c109e8: ffff ff48 | bb00 0000 | 0000 0000 

  0x0000027807c109f4: ;   {runtime_call nmethod}
  0x0000027807c109f4: 00e9 fbff 

  0x0000027807c109f8: ;   {static_stub}
  0x0000027807c109f8: ffff 48bb | 0000 0000 | 0000 0000 

  0x0000027807c10a04: ;   {runtime_call nmethod}
  0x0000027807c10a04: e9fb ffff 

  0x0000027807c10a08: ;   {static_stub}
  0x0000027807c10a08: ff48 bb00 | 0000 0000 

  0x0000027807c10a10: ;   {runtime_call nmethod}
  0x0000027807c10a10: 0000 00e9 | fbff ffff 

  0x0000027807c10a18: ;   {static_stub}
  0x0000027807c10a18: 48bb 0000 | 0000 0000 

  0x0000027807c10a20: ;   {runtime_call nmethod}
  0x0000027807c10a20: 0000 e9fb 

  0x0000027807c10a24: ;   {static_stub}
  0x0000027807c10a24: ffff ff48 | bb00 0000 | 0000 0000 

  0x0000027807c10a30: ;   {runtime_call nmethod}
  0x0000027807c10a30: 00e9 fbff 

  0x0000027807c10a34: ;   {static_stub}
  0x0000027807c10a34: ffff 48bb | 0000 0000 | 0000 0000 

  0x0000027807c10a40: ;   {runtime_call nmethod}
  0x0000027807c10a40: e9fb ffff 

  0x0000027807c10a44: ;   {static_stub}
  0x0000027807c10a44: ff48 bb00 | 0000 0000 

  0x0000027807c10a4c: ;   {runtime_call nmethod}
  0x0000027807c10a4c: 0000 00e9 | fbff ffff 

  0x0000027807c10a54: ;   {static_stub}
  0x0000027807c10a54: 48bb 0000 | 0000 0000 

  0x0000027807c10a5c: ;   {runtime_call nmethod}
  0x0000027807c10a5c: 0000 e9fb 

  0x0000027807c10a60: ;   {static_stub}
  0x0000027807c10a60: ffff ff48 | bb00 0000 | 0000 0000 

  0x0000027807c10a6c: ;   {runtime_call nmethod}
  0x0000027807c10a6c: 00e9 fbff 

  0x0000027807c10a70: ;   {static_stub}
  0x0000027807c10a70: ffff 48bb | 0000 0000 | 0000 0000 

  0x0000027807c10a7c: ;   {runtime_call nmethod}
  0x0000027807c10a7c: e9fb ffff 

  0x0000027807c10a80: ;   {static_stub}
  0x0000027807c10a80: ff48 bb00 | 0000 0000 

  0x0000027807c10a88: ;   {runtime_call nmethod}
  0x0000027807c10a88: 0000 00e9 | fbff ffff 

  0x0000027807c10a90: ;   {static_stub}
  0x0000027807c10a90: 48bb 0000 | 0000 0000 

  0x0000027807c10a98: ;   {runtime_call nmethod}
  0x0000027807c10a98: 0000 e9fb 

  0x0000027807c10a9c: ;   {static_stub}
  0x0000027807c10a9c: ffff ff48 | bb00 0000 | 0000 0000 

  0x0000027807c10aa8: ;   {runtime_call nmethod}
  0x0000027807c10aa8: 00e9 fbff 

  0x0000027807c10aac: ;   {static_stub}
  0x0000027807c10aac: ffff 48bb | 0000 0000 | 0000 0000 

  0x0000027807c10ab8: ;   {runtime_call nmethod}
  0x0000027807c10ab8: e9fb ffff 

  0x0000027807c10abc: ;   {static_stub}
  0x0000027807c10abc: ff48 bb00 | 0000 0000 

  0x0000027807c10ac4: ;   {runtime_call nmethod}
  0x0000027807c10ac4: 0000 00e9 | fbff ffff 

  0x0000027807c10acc: ;   {static_stub}
  0x0000027807c10acc: 48bb 0000 | 0000 0000 

  0x0000027807c10ad4: ;   {runtime_call nmethod}
  0x0000027807c10ad4: 0000 e9fb 

  0x0000027807c10ad8: ;   {static_stub}
  0x0000027807c10ad8: ffff ff48 | bb00 0000 | 0000 0000 

  0x0000027807c10ae4: ;   {runtime_call nmethod}
  0x0000027807c10ae4: 00e9 fbff 

  0x0000027807c10ae8: ;   {static_stub}
  0x0000027807c10ae8: ffff 48bb | 0000 0000 | 0000 0000 

  0x0000027807c10af4: ;   {runtime_call nmethod}
  0x0000027807c10af4: e9fb ffff 

  0x0000027807c10af8: ;   {static_stub}
  0x0000027807c10af8: ff48 bb00 | 0000 0000 

  0x0000027807c10b00: ;   {runtime_call nmethod}
  0x0000027807c10b00: 0000 00e9 | fbff ffff 
[Exception Handler]
  0x0000027807c10b08: ;   {runtime_call ExceptionBlob}
  0x0000027807c10b08: e973 f0a2 | ffe8 0000 | 0000 4883 

  0x0000027807c10b14: ;   {runtime_call DeoptimizationBlob}
  0x0000027807c10b14: 2c24 05e9 | 043c 97ff | f4f4 f4f4 
[/MachCode]


---------------  P R O C E S S  ---------------

Threads class SMR info:
_java_thread_list=0x0000027828c2e570, length=29, elements={
0x000002787765ce80, 0x000002787dbc9bd0, 0x000002787dbcb3a0, 0x000002787dbd53a0,
0x000002787dbd61b0, 0x000002787dbd9f30, 0x000002787dbe0570, 0x000002787dbe6b00,
0x000002787dbe84c0, 0x000002787de55a90, 0x000002787deec510, 0x000002787f73b110,
0x000002787ea134c0, 0x000002787eb4ce70, 0x000002787ec5be40, 0x000002787f356010,
0x0000027828a8fd60, 0x000002787ed2f2a0, 0x0000027828d31f00, 0x0000027828d34660,
0x0000027828d34cf0, 0x0000027828d332b0, 0x0000027828d31870, 0x0000027828d32590,
0x0000027828d32c20, 0x000002787ecc0050, 0x000002787ecc2120, 0x000002787ecbf330,
0x000002787ecc06e0
}

Java Threads: ( => current thread )
  0x000002787765ce80 JavaThread "main"                              [_thread_blocked, id=26212, stack(0x0000009846900000,0x0000009846a00000) (1024K)]
  0x000002787dbc9bd0 JavaThread "Reference Handler"          daemon [_thread_blocked, id=14340, stack(0x0000009847100000,0x0000009847200000) (1024K)]
  0x000002787dbcb3a0 JavaThread "Finalizer"                  daemon [_thread_blocked, id=9900, stack(0x0000009847200000,0x0000009847300000) (1024K)]
  0x000002787dbd53a0 JavaThread "Signal Dispatcher"          daemon [_thread_blocked, id=43084, stack(0x0000009847300000,0x0000009847400000) (1024K)]
  0x000002787dbd61b0 JavaThread "Attach Listener"            daemon [_thread_blocked, id=33176, stack(0x0000009847400000,0x0000009847500000) (1024K)]
  0x000002787dbd9f30 JavaThread "Service Thread"             daemon [_thread_blocked, id=14760, stack(0x0000009847500000,0x0000009847600000) (1024K)]
  0x000002787dbe0570 JavaThread "Monitor Deflation Thread"   daemon [_thread_blocked, id=30064, stack(0x0000009847600000,0x0000009847700000) (1024K)]
  0x000002787dbe6b00 JavaThread "C2 CompilerThread0"         daemon [_thread_blocked, id=24656, stack(0x0000009847700000,0x0000009847800000) (1024K)]
  0x000002787dbe84c0 JavaThread "C1 CompilerThread0"         daemon [_thread_blocked, id=17684, stack(0x0000009847800000,0x0000009847900000) (1024K)]
  0x000002787de55a90 JavaThread "Common-Cleaner"             daemon [_thread_blocked, id=12088, stack(0x0000009847900000,0x0000009847a00000) (1024K)]
  0x000002787deec510 JavaThread "Notification Thread"        daemon [_thread_blocked, id=14332, stack(0x0000009847a00000,0x0000009847b00000) (1024K)]
  0x000002787f73b110 JavaThread "Daemon health stats"               [_thread_blocked, id=16116, stack(0x0000009848100000,0x0000009848200000) (1024K)]
  0x000002787ea134c0 JavaThread "Incoming local TCP Connector on port 58207"        [_thread_in_native, id=37864, stack(0x0000009848000000,0x0000009848100000) (1024K)]
  0x000002787eb4ce70 JavaThread "Daemon periodic checks"            [_thread_blocked, id=38776, stack(0x0000009848200000,0x0000009848300000) (1024K)]
  0x000002787ec5be40 JavaThread "Daemon"                            [_thread_blocked, id=19748, stack(0x0000009848300000,0x0000009848400000) (1024K)]
  0x000002787f356010 JavaThread "Handler for socket connection from /127.0.0.1:58207 to /127.0.0.1:56562"        [_thread_in_native, id=19328, stack(0x0000009848400000,0x0000009848500000) (1024K)]
  0x0000027828a8fd60 JavaThread "Cancel handler"                    [_thread_blocked, id=6036, stack(0x0000009848500000,0x0000009848600000) (1024K)]
=>0x000002787ed2f2a0 JavaThread "Daemon worker"                     [_thread_in_vm, id=38764, stack(0x0000009848600000,0x0000009848700000) (1024K)]
  0x0000027828d31f00 JavaThread "Asynchronous log dispatcher for DefaultDaemonConnection: socket connection from /127.0.0.1:58207 to /127.0.0.1:56562"        [_thread_blocked, id=19792, stack(0x0000009848700000,0x0000009848800000) (1024K)]
  0x0000027828d34660 JavaThread "Stdin handler"                     [_thread_blocked, id=42620, stack(0x0000009848800000,0x0000009848900000) (1024K)]
  0x0000027828d34cf0 JavaThread "Daemon client event forwarder"        [_thread_blocked, id=40964, stack(0x0000009848900000,0x0000009848a00000) (1024K)]
  0x0000027828d332b0 JavaThread "Cache worker for journal cache (C:\Users\admin\.gradle\caches\journal-1)"        [_thread_blocked, id=33984, stack(0x0000009848a00000,0x0000009848b00000) (1024K)]
  0x0000027828d31870 JavaThread "File lock request listener"        [_thread_in_native, id=43260, stack(0x0000009848b00000,0x0000009848c00000) (1024K)]
  0x0000027828d32590 JavaThread "File lock release action executor"        [_thread_blocked, id=33704, stack(0x0000009848d00000,0x0000009848e00000) (1024K)]
  0x0000027828d32c20 JavaThread "Cache worker for file hash cache (C:\Users\admin\.gradle\caches\9.7.1\fileHashes)"        [_thread_blocked, id=25656, stack(0x0000009848e00000,0x0000009848f00000) (1024K)]
  0x000002787ecc0050 JavaThread "Cache worker for file hash cache (D:\SPRING\.gradle\9.7.1\fileHashes)"        [_thread_blocked, id=14324, stack(0x0000009848f00000,0x0000009849000000) (1024K)]
  0x000002787ecc2120 JavaThread "Cache worker for Build Output Cleanup Cache (D:\SPRING\.gradle\buildOutputCleanup)"        [_thread_blocked, id=17424, stack(0x0000009849000000,0x0000009849100000) (1024K)]
  0x000002787ecbf330 JavaThread "File watcher server"        daemon [_thread_in_native, id=19716, stack(0x0000009849100000,0x0000009849200000) (1024K)]
  0x000002787ecc06e0 JavaThread "File watcher consumer"      daemon [_thread_blocked, id=38900, stack(0x0000009849200000,0x0000009849300000) (1024K)]
Total: 29

Other Threads:
  0x000002787dbad350 VMThread "VM Thread"                           [id=17584, stack(0x0000009847000000,0x0000009847100000) (1024K)] _threads_hazard_ptr=0x0000027828c2e570
  0x000002787db9bfe0 WatcherThread "VM Periodic Task Thread"        [id=43852, stack(0x0000009846f00000,0x0000009847000000) (1024K)]
  0x0000027877688600 WorkerThread "GC Thread#0"                     [id=24416, stack(0x0000009846a00000,0x0000009846b00000) (1024K)]
  0x000002787ea64ad0 WorkerThread "GC Thread#1"                     [id=36228, stack(0x0000009847b00000,0x0000009847c00000) (1024K)]
  0x000002787e7c6170 WorkerThread "GC Thread#2"                     [id=23400, stack(0x0000009847c00000,0x0000009847d00000) (1024K)]
  0x000002787e7c6520 WorkerThread "GC Thread#3"                     [id=39496, stack(0x0000009847d00000,0x0000009847e00000) (1024K)]
  0x000002787e7c68d0 WorkerThread "GC Thread#4"                     [id=13668, stack(0x0000009847e00000,0x0000009847f00000) (1024K)]
  0x000002787ea6b010 WorkerThread "GC Thread#5"                     [id=37248, stack(0x0000009847f00000,0x0000009848000000) (1024K)]
  0x000002787768d5a0 ConcurrentGCThread "G1 Main Marker"            [id=19840, stack(0x0000009846b00000,0x0000009846c00000) (1024K)]
  0x0000027877690cd0 WorkerThread "G1 Conc#0"                       [id=13452, stack(0x0000009846c00000,0x0000009846d00000) (1024K)]
  0x000002787f0c0b20 WorkerThread "G1 Conc#1"                       [id=8612, stack(0x0000009848c00000,0x0000009848d00000) (1024K)]
  0x000002787da6d230 ConcurrentGCThread "G1 Refine#0"               [id=21980, stack(0x0000009846d00000,0x0000009846e00000) (1024K)]
  0x000002787da6dbc0 ConcurrentGCThread "G1 Service"                [id=43968, stack(0x0000009846e00000,0x0000009846f00000) (1024K)]
Total: 13

Threads with active compile tasks:
Total: 0

VM state: synchronizing (normal execution)

VM Mutex/Monitor currently owned by a thread:  ([mutex/lock_event])
[0x00007ffb30aed530] Metaspace_lock - owner thread: 0x000002787ed2f2a0
[0x00007ffb30aef5b0] Threads_lock - owner thread: 0x000002787dbad350

Heap address: 0x00000000e0000000, size: 512 MB, Compressed Oops mode: 32-bit

CDS archive(s) mapped at: [0x000002780f000000-0x000002780fba0000-0x000002780fba0000), size 12189696, SharedBaseAddress: 0x000002780f000000, ArchiveRelocationMode: 1.
Compressed class space mapped at: 0x0000027810000000-0x0000027824000000, reserved size: 335544320
Narrow klass base: 0x000002780f000000, Narrow klass shift: 0, Narrow klass range: 0x100000000

GC Precious Log:
 CardTable entry size: 512
 Card Set container configuration: InlinePtr #cards 5 size 8 Array Of Cards #cards 12 size 40 Howl #buckets 4 coarsen threshold 1843 Howl Bitmap #cards 512 size 80 coarsen threshold 460 Card regions per heap region 1 cards per card region 2048
 CPUs: 6 total, 6 available
 Memory: 7931M
 Large Page Support: Disabled
 NUMA Support: Disabled
 Compressed Oops: Enabled (32-bit)
 Heap Region Size: 1M
 Heap Min Capacity: 256M
 Heap Initial Capacity: 256M
 Heap Max Capacity: 512M
 Pre-touch: Disabled
 Parallel Workers: 6
 Concurrent Workers: 2
 Concurrent Refinement Workers: 6
 Periodic GC: Disabled

Heap:
 garbage-first heap   total 262144K, used 68363K [0x00000000e0000000, 0x0000000100000000)
  region size 1024K, 55 young (56320K), 12 survivors (12288K)
 Metaspace       used 27029K, committed 27968K, reserved 393216K
  class space    used 3910K, committed 4352K, reserved 327680K

Heap Regions: E=young(eden), S=young(survivor), O=old, HS=humongous(starts), HC=humongous(continues), CS=collection set, F=free, TAMS=top-at-mark-start, PB=parsable bottom
|   0|0x00000000e0000000, 0x00000000e0100000, 0x00000000e0100000|100%|HS|  |TAMS 0x00000000e0000000| PB 0x00000000e0000000| Complete 
|   1|0x00000000e0100000, 0x00000000e0200000, 0x00000000e0200000|100%|HC|  |TAMS 0x00000000e0100000| PB 0x00000000e0100000| Complete 
|   2|0x00000000e0200000, 0x00000000e0300000, 0x00000000e0300000|100%|HC|  |TAMS 0x00000000e0200000| PB 0x00000000e0200000| Complete 
|   3|0x00000000e0300000, 0x00000000e0400000, 0x00000000e0400000|100%|HC|  |TAMS 0x00000000e0300000| PB 0x00000000e0300000| Complete 
|   4|0x00000000e0400000, 0x00000000e0500000, 0x00000000e0500000|100%| O|  |TAMS 0x00000000e0400000| PB 0x00000000e0400000| Untracked 
|   5|0x00000000e0500000, 0x00000000e0600000, 0x00000000e0600000|100%| O|  |TAMS 0x00000000e0500000| PB 0x00000000e0500000| Untracked 
|   6|0x00000000e0600000, 0x00000000e0700000, 0x00000000e0700000|100%| O|  |TAMS 0x00000000e0600000| PB 0x00000000e0600000| Untracked 
|   7|0x00000000e0700000, 0x00000000e0800000, 0x00000000e0800000|100%| O|  |TAMS 0x00000000e0700000| PB 0x00000000e0700000| Untracked 
|   8|0x00000000e0800000, 0x00000000e0900000, 0x00000000e0900000|100%| O|  |TAMS 0x00000000e0800000| PB 0x00000000e0800000| Untracked 
|   9|0x00000000e0900000, 0x00000000e0a00000, 0x00000000e0a00000|100%| O|Cm|TAMS 0x00000000e0900000| PB 0x00000000e0900000| Complete 
|  10|0x00000000e0a00000, 0x00000000e0ac7bd0, 0x00000000e0b00000| 78%| O|  |TAMS 0x00000000e0a00000| PB 0x00000000e0a00000| Untracked 
|  11|0x00000000e0b00000, 0x00000000e0c00000, 0x00000000e0c00000|100%|HS|  |TAMS 0x00000000e0b00000| PB 0x00000000e0b00000| Complete 
|  12|0x00000000e0c00000, 0x00000000e0d00000, 0x00000000e0d00000|100%|HS|  |TAMS 0x00000000e0c00000| PB 0x00000000e0c00000| Complete 
|  13|0x00000000e0d00000, 0x00000000e0e00000, 0x00000000e0e00000|100%|HS|  |TAMS 0x00000000e0d00000| PB 0x00000000e0d00000| Complete 
|  14|0x00000000e0e00000, 0x00000000e0e00000, 0x00000000e0f00000|  0%| F|  |TAMS 0x00000000e0e00000| PB 0x00000000e0e00000| Untracked 
|  15|0x00000000e0f00000, 0x00000000e0f00000, 0x00000000e1000000|  0%| F|  |TAMS 0x00000000e0f00000| PB 0x00000000e0f00000| Untracked 
|  16|0x00000000e1000000, 0x00000000e1000000, 0x00000000e1100000|  0%| F|  |TAMS 0x00000000e1000000| PB 0x00000000e1000000| Untracked 
|  17|0x00000000e1100000, 0x00000000e1100000, 0x00000000e1200000|  0%| F|  |TAMS 0x00000000e1100000| PB 0x00000000e1100000| Untracked 
|  18|0x00000000e1200000, 0x00000000e1200000, 0x00000000e1300000|  0%| F|  |TAMS 0x00000000e1200000| PB 0x00000000e1200000| Untracked 
|  19|0x00000000e1300000, 0x00000000e1300000, 0x00000000e1400000|  0%| F|  |TAMS 0x00000000e1300000| PB 0x00000000e1300000| Untracked 
|  20|0x00000000e1400000, 0x00000000e1400000, 0x00000000e1500000|  0%| F|  |TAMS 0x00000000e1400000| PB 0x00000000e1400000| Untracked 
|  21|0x00000000e1500000, 0x00000000e1500000, 0x00000000e1600000|  0%| F|  |TAMS 0x00000000e1500000| PB 0x00000000e1500000| Untracked 
|  22|0x00000000e1600000, 0x00000000e1600000, 0x00000000e1700000|  0%| F|  |TAMS 0x00000000e1600000| PB 0x00000000e1600000| Untracked 
|  23|0x00000000e1700000, 0x00000000e1700000, 0x00000000e1800000|  0%| F|  |TAMS 0x00000000e1700000| PB 0x00000000e1700000| Untracked 
|  24|0x00000000e1800000, 0x00000000e1800000, 0x00000000e1900000|  0%| F|  |TAMS 0x00000000e1800000| PB 0x00000000e1800000| Untracked 
|  25|0x00000000e1900000, 0x00000000e1900000, 0x00000000e1a00000|  0%| F|  |TAMS 0x00000000e1900000| PB 0x00000000e1900000| Untracked 
|  26|0x00000000e1a00000, 0x00000000e1a00000, 0x00000000e1b00000|  0%| F|  |TAMS 0x00000000e1a00000| PB 0x00000000e1a00000| Untracked 
|  27|0x00000000e1b00000, 0x00000000e1b00000, 0x00000000e1c00000|  0%| F|  |TAMS 0x00000000e1b00000| PB 0x00000000e1b00000| Untracked 
|  28|0x00000000e1c00000, 0x00000000e1c00000, 0x00000000e1d00000|  0%| F|  |TAMS 0x00000000e1c00000| PB 0x00000000e1c00000| Untracked 
|  29|0x00000000e1d00000, 0x00000000e1d00000, 0x00000000e1e00000|  0%| F|  |TAMS 0x00000000e1d00000| PB 0x00000000e1d00000| Untracked 
|  30|0x00000000e1e00000, 0x00000000e1e00000, 0x00000000e1f00000|  0%| F|  |TAMS 0x00000000e1e00000| PB 0x00000000e1e00000| Untracked 
|  31|0x00000000e1f00000, 0x00000000e1f00000, 0x00000000e2000000|  0%| F|  |TAMS 0x00000000e1f00000| PB 0x00000000e1f00000| Untracked 
|  32|0x00000000e2000000, 0x00000000e2000000, 0x00000000e2100000|  0%| F|  |TAMS 0x00000000e2000000| PB 0x00000000e2000000| Untracked 
|  33|0x00000000e2100000, 0x00000000e2100000, 0x00000000e2200000|  0%| F|  |TAMS 0x00000000e2100000| PB 0x00000000e2100000| Untracked 
|  34|0x00000000e2200000, 0x00000000e2200000, 0x00000000e2300000|  0%| F|  |TAMS 0x00000000e2200000| PB 0x00000000e2200000| Untracked 
|  35|0x00000000e2300000, 0x00000000e2300000, 0x00000000e2400000|  0%| F|  |TAMS 0x00000000e2300000| PB 0x00000000e2300000| Untracked 
|  36|0x00000000e2400000, 0x00000000e2400000, 0x00000000e2500000|  0%| F|  |TAMS 0x00000000e2400000| PB 0x00000000e2400000| Untracked 
|  37|0x00000000e2500000, 0x00000000e2500000, 0x00000000e2600000|  0%| F|  |TAMS 0x00000000e2500000| PB 0x00000000e2500000| Untracked 
|  38|0x00000000e2600000, 0x00000000e2600000, 0x00000000e2700000|  0%| F|  |TAMS 0x00000000e2600000| PB 0x00000000e2600000| Untracked 
|  39|0x00000000e2700000, 0x00000000e2700000, 0x00000000e2800000|  0%| F|  |TAMS 0x00000000e2700000| PB 0x00000000e2700000| Untracked 
|  40|0x00000000e2800000, 0x00000000e2800000, 0x00000000e2900000|  0%| F|  |TAMS 0x00000000e2800000| PB 0x00000000e2800000| Untracked 
|  41|0x00000000e2900000, 0x00000000e2900000, 0x00000000e2a00000|  0%| F|  |TAMS 0x00000000e2900000| PB 0x00000000e2900000| Untracked 
|  42|0x00000000e2a00000, 0x00000000e2a00000, 0x00000000e2b00000|  0%| F|  |TAMS 0x00000000e2a00000| PB 0x00000000e2a00000| Untracked 
|  43|0x00000000e2b00000, 0x00000000e2b00000, 0x00000000e2c00000|  0%| F|  |TAMS 0x00000000e2b00000| PB 0x00000000e2b00000| Untracked 
|  44|0x00000000e2c00000, 0x00000000e2c00000, 0x00000000e2d00000|  0%| F|  |TAMS 0x00000000e2c00000| PB 0x00000000e2c00000| Untracked 
|  45|0x00000000e2d00000, 0x00000000e2d00000, 0x00000000e2e00000|  0%| F|  |TAMS 0x00000000e2d00000| PB 0x00000000e2d00000| Untracked 
|  46|0x00000000e2e00000, 0x00000000e2e00000, 0x00000000e2f00000|  0%| F|  |TAMS 0x00000000e2e00000| PB 0x00000000e2e00000| Untracked 
|  47|0x00000000e2f00000, 0x00000000e2f00000, 0x00000000e3000000|  0%| F|  |TAMS 0x00000000e2f00000| PB 0x00000000e2f00000| Untracked 
|  48|0x00000000e3000000, 0x00000000e3000000, 0x00000000e3100000|  0%| F|  |TAMS 0x00000000e3000000| PB 0x00000000e3000000| Untracked 
|  49|0x00000000e3100000, 0x00000000e3100000, 0x00000000e3200000|  0%| F|  |TAMS 0x00000000e3100000| PB 0x00000000e3100000| Untracked 
|  50|0x00000000e3200000, 0x00000000e3200000, 0x00000000e3300000|  0%| F|  |TAMS 0x00000000e3200000| PB 0x00000000e3200000| Untracked 
|  51|0x00000000e3300000, 0x00000000e3300000, 0x00000000e3400000|  0%| F|  |TAMS 0x00000000e3300000| PB 0x00000000e3300000| Untracked 
|  52|0x00000000e3400000, 0x00000000e3400000, 0x00000000e3500000|  0%| F|  |TAMS 0x00000000e3400000| PB 0x00000000e3400000| Untracked 
|  53|0x00000000e3500000, 0x00000000e3500000, 0x00000000e3600000|  0%| F|  |TAMS 0x00000000e3500000| PB 0x00000000e3500000| Untracked 
|  54|0x00000000e3600000, 0x00000000e3600000, 0x00000000e3700000|  0%| F|  |TAMS 0x00000000e3600000| PB 0x00000000e3600000| Untracked 
|  55|0x00000000e3700000, 0x00000000e3700000, 0x00000000e3800000|  0%| F|  |TAMS 0x00000000e3700000| PB 0x00000000e3700000| Untracked 
|  56|0x00000000e3800000, 0x00000000e3800000, 0x00000000e3900000|  0%| F|  |TAMS 0x00000000e3800000| PB 0x00000000e3800000| Untracked 
|  57|0x00000000e3900000, 0x00000000e3900000, 0x00000000e3a00000|  0%| F|  |TAMS 0x00000000e3900000| PB 0x00000000e3900000| Untracked 
|  58|0x00000000e3a00000, 0x00000000e3a00000, 0x00000000e3b00000|  0%| F|  |TAMS 0x00000000e3a00000| PB 0x00000000e3a00000| Untracked 
|  59|0x00000000e3b00000, 0x00000000e3b00000, 0x00000000e3c00000|  0%| F|  |TAMS 0x00000000e3b00000| PB 0x00000000e3b00000| Untracked 
|  60|0x00000000e3c00000, 0x00000000e3c00000, 0x00000000e3d00000|  0%| F|  |TAMS 0x00000000e3c00000| PB 0x00000000e3c00000| Untracked 
|  61|0x00000000e3d00000, 0x00000000e3d00000, 0x00000000e3e00000|  0%| F|  |TAMS 0x00000000e3d00000| PB 0x00000000e3d00000| Untracked 
|  62|0x00000000e3e00000, 0x00000000e3e00000, 0x00000000e3f00000|  0%| F|  |TAMS 0x00000000e3e00000| PB 0x00000000e3e00000| Untracked 
|  63|0x00000000e3f00000, 0x00000000e3f00000, 0x00000000e4000000|  0%| F|  |TAMS 0x00000000e3f00000| PB 0x00000000e3f00000| Untracked 
|  64|0x00000000e4000000, 0x00000000e4000000, 0x00000000e4100000|  0%| F|  |TAMS 0x00000000e4000000| PB 0x00000000e4000000| Untracked 
|  65|0x00000000e4100000, 0x00000000e4100000, 0x00000000e4200000|  0%| F|  |TAMS 0x00000000e4100000| PB 0x00000000e4100000| Untracked 
|  66|0x00000000e4200000, 0x00000000e4200000, 0x00000000e4300000|  0%| F|  |TAMS 0x00000000e4200000| PB 0x00000000e4200000| Untracked 
|  67|0x00000000e4300000, 0x00000000e4300000, 0x00000000e4400000|  0%| F|  |TAMS 0x00000000e4300000| PB 0x00000000e4300000| Untracked 
|  68|0x00000000e4400000, 0x00000000e4400000, 0x00000000e4500000|  0%| F|  |TAMS 0x00000000e4400000| PB 0x00000000e4400000| Untracked 
|  69|0x00000000e4500000, 0x00000000e4500000, 0x00000000e4600000|  0%| F|  |TAMS 0x00000000e4500000| PB 0x00000000e4500000| Untracked 
|  70|0x00000000e4600000, 0x00000000e4600000, 0x00000000e4700000|  0%| F|  |TAMS 0x00000000e4600000| PB 0x00000000e4600000| Untracked 
|  71|0x00000000e4700000, 0x00000000e4700000, 0x00000000e4800000|  0%| F|  |TAMS 0x00000000e4700000| PB 0x00000000e4700000| Untracked 
|  72|0x00000000e4800000, 0x00000000e4800000, 0x00000000e4900000|  0%| F|  |TAMS 0x00000000e4800000| PB 0x00000000e4800000| Untracked 
|  73|0x00000000e4900000, 0x00000000e4900000, 0x00000000e4a00000|  0%| F|  |TAMS 0x00000000e4900000| PB 0x00000000e4900000| Untracked 
|  74|0x00000000e4a00000, 0x00000000e4a00000, 0x00000000e4b00000|  0%| F|  |TAMS 0x00000000e4a00000| PB 0x00000000e4a00000| Untracked 
|  75|0x00000000e4b00000, 0x00000000e4b00000, 0x00000000e4c00000|  0%| F|  |TAMS 0x00000000e4b00000| PB 0x00000000e4b00000| Untracked 
|  76|0x00000000e4c00000, 0x00000000e4c00000, 0x00000000e4d00000|  0%| F|  |TAMS 0x00000000e4c00000| PB 0x00000000e4c00000| Untracked 
|  77|0x00000000e4d00000, 0x00000000e4d00000, 0x00000000e4e00000|  0%| F|  |TAMS 0x00000000e4d00000| PB 0x00000000e4d00000| Untracked 
|  78|0x00000000e4e00000, 0x00000000e4e00000, 0x00000000e4f00000|  0%| F|  |TAMS 0x00000000e4e00000| PB 0x00000000e4e00000| Untracked 
|  79|0x00000000e4f00000, 0x00000000e4f00000, 0x00000000e5000000|  0%| F|  |TAMS 0x00000000e4f00000| PB 0x00000000e4f00000| Untracked 
|  80|0x00000000e5000000, 0x00000000e5000000, 0x00000000e5100000|  0%| F|  |TAMS 0x00000000e5000000| PB 0x00000000e5000000| Untracked 
|  81|0x00000000e5100000, 0x00000000e5100000, 0x00000000e5200000|  0%| F|  |TAMS 0x00000000e5100000| PB 0x00000000e5100000| Untracked 
|  82|0x00000000e5200000, 0x00000000e5200000, 0x00000000e5300000|  0%| F|  |TAMS 0x00000000e5200000| PB 0x00000000e5200000| Untracked 
|  83|0x00000000e5300000, 0x00000000e5300000, 0x00000000e5400000|  0%| F|  |TAMS 0x00000000e5300000| PB 0x00000000e5300000| Untracked 
|  84|0x00000000e5400000, 0x00000000e5400000, 0x00000000e5500000|  0%| F|  |TAMS 0x00000000e5400000| PB 0x00000000e5400000| Untracked 
|  85|0x00000000e5500000, 0x00000000e5500000, 0x00000000e5600000|  0%| F|  |TAMS 0x00000000e5500000| PB 0x00000000e5500000| Untracked 
|  86|0x00000000e5600000, 0x00000000e5600000, 0x00000000e5700000|  0%| F|  |TAMS 0x00000000e5600000| PB 0x00000000e5600000| Untracked 
|  87|0x00000000e5700000, 0x00000000e5700000, 0x00000000e5800000|  0%| F|  |TAMS 0x00000000e5700000| PB 0x00000000e5700000| Untracked 
|  88|0x00000000e5800000, 0x00000000e5800000, 0x00000000e5900000|  0%| F|  |TAMS 0x00000000e5800000| PB 0x00000000e5800000| Untracked 
|  89|0x00000000e5900000, 0x00000000e5900000, 0x00000000e5a00000|  0%| F|  |TAMS 0x00000000e5900000| PB 0x00000000e5900000| Untracked 
|  90|0x00000000e5a00000, 0x00000000e5a00000, 0x00000000e5b00000|  0%| F|  |TAMS 0x00000000e5a00000| PB 0x00000000e5a00000| Untracked 
|  91|0x00000000e5b00000, 0x00000000e5b00000, 0x00000000e5c00000|  0%| F|  |TAMS 0x00000000e5b00000| PB 0x00000000e5b00000| Untracked 
|  92|0x00000000e5c00000, 0x00000000e5c00000, 0x00000000e5d00000|  0%| F|  |TAMS 0x00000000e5c00000| PB 0x00000000e5c00000| Untracked 
|  93|0x00000000e5d00000, 0x00000000e5d00000, 0x00000000e5e00000|  0%| F|  |TAMS 0x00000000e5d00000| PB 0x00000000e5d00000| Untracked 
|  94|0x00000000e5e00000, 0x00000000e5e00000, 0x00000000e5f00000|  0%| F|  |TAMS 0x00000000e5e00000| PB 0x00000000e5e00000| Untracked 
|  95|0x00000000e5f00000, 0x00000000e5f00000, 0x00000000e6000000|  0%| F|  |TAMS 0x00000000e5f00000| PB 0x00000000e5f00000| Untracked 
|  96|0x00000000e6000000, 0x00000000e6000000, 0x00000000e6100000|  0%| F|  |TAMS 0x00000000e6000000| PB 0x00000000e6000000| Untracked 
|  97|0x00000000e6100000, 0x00000000e6100000, 0x00000000e6200000|  0%| F|  |TAMS 0x00000000e6100000| PB 0x00000000e6100000| Untracked 
|  98|0x00000000e6200000, 0x00000000e6200000, 0x00000000e6300000|  0%| F|  |TAMS 0x00000000e6200000| PB 0x00000000e6200000| Untracked 
|  99|0x00000000e6300000, 0x00000000e6300000, 0x00000000e6400000|  0%| F|  |TAMS 0x00000000e6300000| PB 0x00000000e6300000| Untracked 
| 100|0x00000000e6400000, 0x00000000e6400000, 0x00000000e6500000|  0%| F|  |TAMS 0x00000000e6400000| PB 0x00000000e6400000| Untracked 
| 101|0x00000000e6500000, 0x00000000e6500000, 0x00000000e6600000|  0%| F|  |TAMS 0x00000000e6500000| PB 0x00000000e6500000| Untracked 
| 102|0x00000000e6600000, 0x00000000e6600000, 0x00000000e6700000|  0%| F|  |TAMS 0x00000000e6600000| PB 0x00000000e6600000| Untracked 
| 103|0x00000000e6700000, 0x00000000e6700000, 0x00000000e6800000|  0%| F|  |TAMS 0x00000000e6700000| PB 0x00000000e6700000| Untracked 
| 104|0x00000000e6800000, 0x00000000e6800000, 0x00000000e6900000|  0%| F|  |TAMS 0x00000000e6800000| PB 0x00000000e6800000| Untracked 
| 105|0x00000000e6900000, 0x00000000e6900000, 0x00000000e6a00000|  0%| F|  |TAMS 0x00000000e6900000| PB 0x00000000e6900000| Untracked 
| 106|0x00000000e6a00000, 0x00000000e6a00000, 0x00000000e6b00000|  0%| F|  |TAMS 0x00000000e6a00000| PB 0x00000000e6a00000| Untracked 
| 107|0x00000000e6b00000, 0x00000000e6b00000, 0x00000000e6c00000|  0%| F|  |TAMS 0x00000000e6b00000| PB 0x00000000e6b00000| Untracked 
| 108|0x00000000e6c00000, 0x00000000e6c00000, 0x00000000e6d00000|  0%| F|  |TAMS 0x00000000e6c00000| PB 0x00000000e6c00000| Untracked 
| 109|0x00000000e6d00000, 0x00000000e6d00000, 0x00000000e6e00000|  0%| F|  |TAMS 0x00000000e6d00000| PB 0x00000000e6d00000| Untracked 
| 110|0x00000000e6e00000, 0x00000000e6e00000, 0x00000000e6f00000|  0%| F|  |TAMS 0x00000000e6e00000| PB 0x00000000e6e00000| Untracked 
| 111|0x00000000e6f00000, 0x00000000e6f00000, 0x00000000e7000000|  0%| F|  |TAMS 0x00000000e6f00000| PB 0x00000000e6f00000| Untracked 
| 112|0x00000000e7000000, 0x00000000e7000000, 0x00000000e7100000|  0%| F|  |TAMS 0x00000000e7000000| PB 0x00000000e7000000| Untracked 
| 113|0x00000000e7100000, 0x00000000e7100000, 0x00000000e7200000|  0%| F|  |TAMS 0x00000000e7100000| PB 0x00000000e7100000| Untracked 
| 114|0x00000000e7200000, 0x00000000e7200000, 0x00000000e7300000|  0%| F|  |TAMS 0x00000000e7200000| PB 0x00000000e7200000| Untracked 
| 115|0x00000000e7300000, 0x00000000e7300000, 0x00000000e7400000|  0%| F|  |TAMS 0x00000000e7300000| PB 0x00000000e7300000| Untracked 
| 116|0x00000000e7400000, 0x00000000e7400000, 0x00000000e7500000|  0%| F|  |TAMS 0x00000000e7400000| PB 0x00000000e7400000| Untracked 
| 117|0x00000000e7500000, 0x00000000e7500000, 0x00000000e7600000|  0%| F|  |TAMS 0x00000000e7500000| PB 0x00000000e7500000| Untracked 
| 118|0x00000000e7600000, 0x00000000e7600000, 0x00000000e7700000|  0%| F|  |TAMS 0x00000000e7600000| PB 0x00000000e7600000| Untracked 
| 119|0x00000000e7700000, 0x00000000e7700000, 0x00000000e7800000|  0%| F|  |TAMS 0x00000000e7700000| PB 0x00000000e7700000| Untracked 
| 120|0x00000000e7800000, 0x00000000e7800000, 0x00000000e7900000|  0%| F|  |TAMS 0x00000000e7800000| PB 0x00000000e7800000| Untracked 
| 121|0x00000000e7900000, 0x00000000e7900000, 0x00000000e7a00000|  0%| F|  |TAMS 0x00000000e7900000| PB 0x00000000e7900000| Untracked 
| 122|0x00000000e7a00000, 0x00000000e7a00000, 0x00000000e7b00000|  0%| F|  |TAMS 0x00000000e7a00000| PB 0x00000000e7a00000| Untracked 
| 123|0x00000000e7b00000, 0x00000000e7b00000, 0x00000000e7c00000|  0%| F|  |TAMS 0x00000000e7b00000| PB 0x00000000e7b00000| Untracked 
| 124|0x00000000e7c00000, 0x00000000e7c00000, 0x00000000e7d00000|  0%| F|  |TAMS 0x00000000e7c00000| PB 0x00000000e7c00000| Untracked 
| 125|0x00000000e7d00000, 0x00000000e7dfb400, 0x00000000e7e00000| 98%| S|CS|TAMS 0x00000000e7d00000| PB 0x00000000e7d00000| Complete 
| 126|0x00000000e7e00000, 0x00000000e7f00000, 0x00000000e7f00000|100%| S|CS|TAMS 0x00000000e7e00000| PB 0x00000000e7e00000| Complete 
| 127|0x00000000e7f00000, 0x00000000e8000000, 0x00000000e8000000|100%| S|CS|TAMS 0x00000000e7f00000| PB 0x00000000e7f00000| Complete 
| 128|0x00000000e8000000, 0x00000000e8100000, 0x00000000e8100000|100%| S|CS|TAMS 0x00000000e8000000| PB 0x00000000e8000000| Complete 
| 129|0x00000000e8100000, 0x00000000e8200000, 0x00000000e8200000|100%| S|CS|TAMS 0x00000000e8100000| PB 0x00000000e8100000| Complete 
| 130|0x00000000e8200000, 0x00000000e8300000, 0x00000000e8300000|100%| S|CS|TAMS 0x00000000e8200000| PB 0x00000000e8200000| Complete 
| 131|0x00000000e8300000, 0x00000000e8400000, 0x00000000e8400000|100%| S|CS|TAMS 0x00000000e8300000| PB 0x00000000e8300000| Complete 
| 132|0x00000000e8400000, 0x00000000e8500000, 0x00000000e8500000|100%| S|CS|TAMS 0x00000000e8400000| PB 0x00000000e8400000| Complete 
| 133|0x00000000e8500000, 0x00000000e8600000, 0x00000000e8600000|100%| S|CS|TAMS 0x00000000e8500000| PB 0x00000000e8500000| Complete 
| 134|0x00000000e8600000, 0x00000000e8700000, 0x00000000e8700000|100%| S|CS|TAMS 0x00000000e8600000| PB 0x00000000e8600000| Complete 
| 135|0x00000000e8700000, 0x00000000e8800000, 0x00000000e8800000|100%| S|CS|TAMS 0x00000000e8700000| PB 0x00000000e8700000| Complete 
| 136|0x00000000e8800000, 0x00000000e8900000, 0x00000000e8900000|100%| S|CS|TAMS 0x00000000e8800000| PB 0x00000000e8800000| Complete 
| 137|0x00000000e8900000, 0x00000000e8900000, 0x00000000e8a00000|  0%| F|  |TAMS 0x00000000e8900000| PB 0x00000000e8900000| Untracked 
| 138|0x00000000e8a00000, 0x00000000e8a00000, 0x00000000e8b00000|  0%| F|  |TAMS 0x00000000e8a00000| PB 0x00000000e8a00000| Untracked 
| 139|0x00000000e8b00000, 0x00000000e8b00000, 0x00000000e8c00000|  0%| F|  |TAMS 0x00000000e8b00000| PB 0x00000000e8b00000| Untracked 
| 140|0x00000000e8c00000, 0x00000000e8c00000, 0x00000000e8d00000|  0%| F|  |TAMS 0x00000000e8c00000| PB 0x00000000e8c00000| Untracked 
| 141|0x00000000e8d00000, 0x00000000e8d00000, 0x00000000e8e00000|  0%| F|  |TAMS 0x00000000e8d00000| PB 0x00000000e8d00000| Untracked 
| 142|0x00000000e8e00000, 0x00000000e8e00000, 0x00000000e8f00000|  0%| F|  |TAMS 0x00000000e8e00000| PB 0x00000000e8e00000| Untracked 
| 143|0x00000000e8f00000, 0x00000000e8f00000, 0x00000000e9000000|  0%| F|  |TAMS 0x00000000e8f00000| PB 0x00000000e8f00000| Untracked 
| 144|0x00000000e9000000, 0x00000000e9000000, 0x00000000e9100000|  0%| F|  |TAMS 0x00000000e9000000| PB 0x00000000e9000000| Untracked 
| 145|0x00000000e9100000, 0x00000000e9100000, 0x00000000e9200000|  0%| F|  |TAMS 0x00000000e9100000| PB 0x00000000e9100000| Untracked 
| 146|0x00000000e9200000, 0x00000000e9200000, 0x00000000e9300000|  0%| F|  |TAMS 0x00000000e9200000| PB 0x00000000e9200000| Untracked 
| 147|0x00000000e9300000, 0x00000000e9300000, 0x00000000e9400000|  0%| F|  |TAMS 0x00000000e9300000| PB 0x00000000e9300000| Untracked 
| 148|0x00000000e9400000, 0x00000000e9400000, 0x00000000e9500000|  0%| F|  |TAMS 0x00000000e9400000| PB 0x00000000e9400000| Untracked 
| 149|0x00000000e9500000, 0x00000000e9500000, 0x00000000e9600000|  0%| F|  |TAMS 0x00000000e9500000| PB 0x00000000e9500000| Untracked 
| 150|0x00000000e9600000, 0x00000000e9600000, 0x00000000e9700000|  0%| F|  |TAMS 0x00000000e9600000| PB 0x00000000e9600000| Untracked 
| 151|0x00000000e9700000, 0x00000000e9700000, 0x00000000e9800000|  0%| F|  |TAMS 0x00000000e9700000| PB 0x00000000e9700000| Untracked 
| 152|0x00000000e9800000, 0x00000000e9800000, 0x00000000e9900000|  0%| F|  |TAMS 0x00000000e9800000| PB 0x00000000e9800000| Untracked 
| 153|0x00000000e9900000, 0x00000000e9900000, 0x00000000e9a00000|  0%| F|  |TAMS 0x00000000e9900000| PB 0x00000000e9900000| Untracked 
| 154|0x00000000e9a00000, 0x00000000e9a00000, 0x00000000e9b00000|  0%| F|  |TAMS 0x00000000e9a00000| PB 0x00000000e9a00000| Untracked 
| 155|0x00000000e9b00000, 0x00000000e9b00000, 0x00000000e9c00000|  0%| F|  |TAMS 0x00000000e9b00000| PB 0x00000000e9b00000| Untracked 
| 156|0x00000000e9c00000, 0x00000000e9c00000, 0x00000000e9d00000|  0%| F|  |TAMS 0x00000000e9c00000| PB 0x00000000e9c00000| Untracked 
| 157|0x00000000e9d00000, 0x00000000e9d00000, 0x00000000e9e00000|  0%| F|  |TAMS 0x00000000e9d00000| PB 0x00000000e9d00000| Untracked 
| 158|0x00000000e9e00000, 0x00000000e9e00000, 0x00000000e9f00000|  0%| F|  |TAMS 0x00000000e9e00000| PB 0x00000000e9e00000| Untracked 
| 159|0x00000000e9f00000, 0x00000000e9f00000, 0x00000000ea000000|  0%| F|  |TAMS 0x00000000e9f00000| PB 0x00000000e9f00000| Untracked 
| 160|0x00000000ea000000, 0x00000000ea000000, 0x00000000ea100000|  0%| F|  |TAMS 0x00000000ea000000| PB 0x00000000ea000000| Untracked 
| 161|0x00000000ea100000, 0x00000000ea100000, 0x00000000ea200000|  0%| F|  |TAMS 0x00000000ea100000| PB 0x00000000ea100000| Untracked 
| 162|0x00000000ea200000, 0x00000000ea200000, 0x00000000ea300000|  0%| F|  |TAMS 0x00000000ea200000| PB 0x00000000ea200000| Untracked 
| 163|0x00000000ea300000, 0x00000000ea300000, 0x00000000ea400000|  0%| F|  |TAMS 0x00000000ea300000| PB 0x00000000ea300000| Untracked 
| 164|0x00000000ea400000, 0x00000000ea400000, 0x00000000ea500000|  0%| F|  |TAMS 0x00000000ea400000| PB 0x00000000ea400000| Untracked 
| 165|0x00000000ea500000, 0x00000000ea500000, 0x00000000ea600000|  0%| F|  |TAMS 0x00000000ea500000| PB 0x00000000ea500000| Untracked 
| 166|0x00000000ea600000, 0x00000000ea600000, 0x00000000ea700000|  0%| F|  |TAMS 0x00000000ea600000| PB 0x00000000ea600000| Untracked 
| 167|0x00000000ea700000, 0x00000000ea700000, 0x00000000ea800000|  0%| F|  |TAMS 0x00000000ea700000| PB 0x00000000ea700000| Untracked 
| 168|0x00000000ea800000, 0x00000000ea800000, 0x00000000ea900000|  0%| F|  |TAMS 0x00000000ea800000| PB 0x00000000ea800000| Untracked 
| 169|0x00000000ea900000, 0x00000000ea900000, 0x00000000eaa00000|  0%| F|  |TAMS 0x00000000ea900000| PB 0x00000000ea900000| Untracked 
| 170|0x00000000eaa00000, 0x00000000eaa00000, 0x00000000eab00000|  0%| F|  |TAMS 0x00000000eaa00000| PB 0x00000000eaa00000| Untracked 
| 171|0x00000000eab00000, 0x00000000eab00000, 0x00000000eac00000|  0%| F|  |TAMS 0x00000000eab00000| PB 0x00000000eab00000| Untracked 
| 172|0x00000000eac00000, 0x00000000eac00000, 0x00000000ead00000|  0%| F|  |TAMS 0x00000000eac00000| PB 0x00000000eac00000| Untracked 
| 173|0x00000000ead00000, 0x00000000ead00000, 0x00000000eae00000|  0%| F|  |TAMS 0x00000000ead00000| PB 0x00000000ead00000| Untracked 
| 174|0x00000000eae00000, 0x00000000eae00000, 0x00000000eaf00000|  0%| F|  |TAMS 0x00000000eae00000| PB 0x00000000eae00000| Untracked 
| 175|0x00000000eaf00000, 0x00000000eaf00000, 0x00000000eb000000|  0%| F|  |TAMS 0x00000000eaf00000| PB 0x00000000eaf00000| Untracked 
| 176|0x00000000eb000000, 0x00000000eb000000, 0x00000000eb100000|  0%| F|  |TAMS 0x00000000eb000000| PB 0x00000000eb000000| Untracked 
| 177|0x00000000eb100000, 0x00000000eb100000, 0x00000000eb200000|  0%| F|  |TAMS 0x00000000eb100000| PB 0x00000000eb100000| Untracked 
| 178|0x00000000eb200000, 0x00000000eb200000, 0x00000000eb300000|  0%| F|  |TAMS 0x00000000eb200000| PB 0x00000000eb200000| Untracked 
| 179|0x00000000eb300000, 0x00000000eb300000, 0x00000000eb400000|  0%| F|  |TAMS 0x00000000eb300000| PB 0x00000000eb300000| Untracked 
| 180|0x00000000eb400000, 0x00000000eb400000, 0x00000000eb500000|  0%| F|  |TAMS 0x00000000eb400000| PB 0x00000000eb400000| Untracked 
| 181|0x00000000eb500000, 0x00000000eb500000, 0x00000000eb600000|  0%| F|  |TAMS 0x00000000eb500000| PB 0x00000000eb500000| Untracked 
| 182|0x00000000eb600000, 0x00000000eb600000, 0x00000000eb700000|  0%| F|  |TAMS 0x00000000eb600000| PB 0x00000000eb600000| Untracked 
| 183|0x00000000eb700000, 0x00000000eb700000, 0x00000000eb800000|  0%| F|  |TAMS 0x00000000eb700000| PB 0x00000000eb700000| Untracked 
| 184|0x00000000eb800000, 0x00000000eb800000, 0x00000000eb900000|  0%| F|  |TAMS 0x00000000eb800000| PB 0x00000000eb800000| Untracked 
| 185|0x00000000eb900000, 0x00000000eb900000, 0x00000000eba00000|  0%| F|  |TAMS 0x00000000eb900000| PB 0x00000000eb900000| Untracked 
| 186|0x00000000eba00000, 0x00000000eba00000, 0x00000000ebb00000|  0%| F|  |TAMS 0x00000000eba00000| PB 0x00000000eba00000| Untracked 
| 187|0x00000000ebb00000, 0x00000000ebb00000, 0x00000000ebc00000|  0%| F|  |TAMS 0x00000000ebb00000| PB 0x00000000ebb00000| Untracked 
| 188|0x00000000ebc00000, 0x00000000ebc00000, 0x00000000ebd00000|  0%| F|  |TAMS 0x00000000ebc00000| PB 0x00000000ebc00000| Untracked 
| 189|0x00000000ebd00000, 0x00000000ebd00000, 0x00000000ebe00000|  0%| F|  |TAMS 0x00000000ebd00000| PB 0x00000000ebd00000| Untracked 
| 190|0x00000000ebe00000, 0x00000000ebe00000, 0x00000000ebf00000|  0%| F|  |TAMS 0x00000000ebe00000| PB 0x00000000ebe00000| Untracked 
| 191|0x00000000ebf00000, 0x00000000ebf00000, 0x00000000ec000000|  0%| F|  |TAMS 0x00000000ebf00000| PB 0x00000000ebf00000| Untracked 
| 192|0x00000000ec000000, 0x00000000ec000000, 0x00000000ec100000|  0%| F|  |TAMS 0x00000000ec000000| PB 0x00000000ec000000| Untracked 
| 193|0x00000000ec100000, 0x00000000ec100000, 0x00000000ec200000|  0%| F|  |TAMS 0x00000000ec100000| PB 0x00000000ec100000| Untracked 
| 194|0x00000000ec200000, 0x00000000ec200000, 0x00000000ec300000|  0%| F|  |TAMS 0x00000000ec200000| PB 0x00000000ec200000| Untracked 
| 195|0x00000000ec300000, 0x00000000ec300000, 0x00000000ec400000|  0%| F|  |TAMS 0x00000000ec300000| PB 0x00000000ec300000| Untracked 
| 196|0x00000000ec400000, 0x00000000ec400000, 0x00000000ec500000|  0%| F|  |TAMS 0x00000000ec400000| PB 0x00000000ec400000| Untracked 
| 197|0x00000000ec500000, 0x00000000ec500000, 0x00000000ec600000|  0%| F|  |TAMS 0x00000000ec500000| PB 0x00000000ec500000| Untracked 
| 198|0x00000000ec600000, 0x00000000ec600000, 0x00000000ec700000|  0%| F|  |TAMS 0x00000000ec600000| PB 0x00000000ec600000| Untracked 
| 199|0x00000000ec700000, 0x00000000ec700000, 0x00000000ec800000|  0%| F|  |TAMS 0x00000000ec700000| PB 0x00000000ec700000| Untracked 
| 200|0x00000000ec800000, 0x00000000ec800000, 0x00000000ec900000|  0%| F|  |TAMS 0x00000000ec800000| PB 0x00000000ec800000| Untracked 
| 201|0x00000000ec900000, 0x00000000ec900000, 0x00000000eca00000|  0%| F|  |TAMS 0x00000000ec900000| PB 0x00000000ec900000| Untracked 
| 202|0x00000000eca00000, 0x00000000eca00000, 0x00000000ecb00000|  0%| F|  |TAMS 0x00000000eca00000| PB 0x00000000eca00000| Untracked 
| 203|0x00000000ecb00000, 0x00000000ecb00000, 0x00000000ecc00000|  0%| F|  |TAMS 0x00000000ecb00000| PB 0x00000000ecb00000| Untracked 
| 204|0x00000000ecc00000, 0x00000000ecc00000, 0x00000000ecd00000|  0%| F|  |TAMS 0x00000000ecc00000| PB 0x00000000ecc00000| Untracked 
| 205|0x00000000ecd00000, 0x00000000ecd00000, 0x00000000ece00000|  0%| F|  |TAMS 0x00000000ecd00000| PB 0x00000000ecd00000| Untracked 
| 206|0x00000000ece00000, 0x00000000ece00000, 0x00000000ecf00000|  0%| F|  |TAMS 0x00000000ece00000| PB 0x00000000ece00000| Untracked 
| 207|0x00000000ecf00000, 0x00000000ecf00000, 0x00000000ed000000|  0%| F|  |TAMS 0x00000000ecf00000| PB 0x00000000ecf00000| Untracked 
| 208|0x00000000ed000000, 0x00000000ed000000, 0x00000000ed100000|  0%| F|  |TAMS 0x00000000ed000000| PB 0x00000000ed000000| Untracked 
| 209|0x00000000ed100000, 0x00000000ed100000, 0x00000000ed200000|  0%| F|  |TAMS 0x00000000ed100000| PB 0x00000000ed100000| Untracked 
| 210|0x00000000ed200000, 0x00000000ed200000, 0x00000000ed300000|  0%| F|  |TAMS 0x00000000ed200000| PB 0x00000000ed200000| Untracked 
| 211|0x00000000ed300000, 0x00000000ed300000, 0x00000000ed400000|  0%| F|  |TAMS 0x00000000ed300000| PB 0x00000000ed300000| Untracked 
| 212|0x00000000ed400000, 0x00000000ed400000, 0x00000000ed500000|  0%| F|  |TAMS 0x00000000ed400000| PB 0x00000000ed400000| Untracked 
| 213|0x00000000ed500000, 0x00000000ed600000, 0x00000000ed600000|100%| E|  |TAMS 0x00000000ed500000| PB 0x00000000ed500000| Complete 
| 214|0x00000000ed600000, 0x00000000ed700000, 0x00000000ed700000|100%| E|CS|TAMS 0x00000000ed600000| PB 0x00000000ed600000| Complete 
| 215|0x00000000ed700000, 0x00000000ed800000, 0x00000000ed800000|100%| E|  |TAMS 0x00000000ed700000| PB 0x00000000ed700000| Complete 
| 216|0x00000000ed800000, 0x00000000ed900000, 0x00000000ed900000|100%| E|CS|TAMS 0x00000000ed800000| PB 0x00000000ed800000| Complete 
| 217|0x00000000ed900000, 0x00000000eda00000, 0x00000000eda00000|100%| E|CS|TAMS 0x00000000ed900000| PB 0x00000000ed900000| Complete 
| 218|0x00000000eda00000, 0x00000000edb00000, 0x00000000edb00000|100%| E|CS|TAMS 0x00000000eda00000| PB 0x00000000eda00000| Complete 
| 219|0x00000000edb00000, 0x00000000edc00000, 0x00000000edc00000|100%| E|CS|TAMS 0x00000000edb00000| PB 0x00000000edb00000| Complete 
| 220|0x00000000edc00000, 0x00000000edd00000, 0x00000000edd00000|100%| E|CS|TAMS 0x00000000edc00000| PB 0x00000000edc00000| Complete 
| 221|0x00000000edd00000, 0x00000000ede00000, 0x00000000ede00000|100%| E|CS|TAMS 0x00000000edd00000| PB 0x00000000edd00000| Complete 
| 222|0x00000000ede00000, 0x00000000edf00000, 0x00000000edf00000|100%| E|CS|TAMS 0x00000000ede00000| PB 0x00000000ede00000| Complete 
| 223|0x00000000edf00000, 0x00000000ee000000, 0x00000000ee000000|100%| E|CS|TAMS 0x00000000edf00000| PB 0x00000000edf00000| Complete 
| 224|0x00000000ee000000, 0x00000000ee100000, 0x00000000ee100000|100%| E|CS|TAMS 0x00000000ee000000| PB 0x00000000ee000000| Complete 
| 225|0x00000000ee100000, 0x00000000ee200000, 0x00000000ee200000|100%| E|CS|TAMS 0x00000000ee100000| PB 0x00000000ee100000| Complete 
| 226|0x00000000ee200000, 0x00000000ee300000, 0x00000000ee300000|100%| E|CS|TAMS 0x00000000ee200000| PB 0x00000000ee200000| Complete 
| 227|0x00000000ee300000, 0x00000000ee400000, 0x00000000ee400000|100%| E|CS|TAMS 0x00000000ee300000| PB 0x00000000ee300000| Complete 
| 228|0x00000000ee400000, 0x00000000ee500000, 0x00000000ee500000|100%| E|CS|TAMS 0x00000000ee400000| PB 0x00000000ee400000| Complete 
| 229|0x00000000ee500000, 0x00000000ee600000, 0x00000000ee600000|100%| E|CS|TAMS 0x00000000ee500000| PB 0x00000000ee500000| Complete 
| 230|0x00000000ee600000, 0x00000000ee700000, 0x00000000ee700000|100%| E|CS|TAMS 0x00000000ee600000| PB 0x00000000ee600000| Complete 
| 231|0x00000000ee700000, 0x00000000ee800000, 0x00000000ee800000|100%| E|CS|TAMS 0x00000000ee700000| PB 0x00000000ee700000| Complete 
| 232|0x00000000ee800000, 0x00000000ee900000, 0x00000000ee900000|100%| E|CS|TAMS 0x00000000ee800000| PB 0x00000000ee800000| Complete 
| 233|0x00000000ee900000, 0x00000000eea00000, 0x00000000eea00000|100%| E|CS|TAMS 0x00000000ee900000| PB 0x00000000ee900000| Complete 
| 234|0x00000000eea00000, 0x00000000eeb00000, 0x00000000eeb00000|100%| E|CS|TAMS 0x00000000eea00000| PB 0x00000000eea00000| Complete 
| 235|0x00000000eeb00000, 0x00000000eec00000, 0x00000000eec00000|100%| E|CS|TAMS 0x00000000eeb00000| PB 0x00000000eeb00000| Complete 
| 236|0x00000000eec00000, 0x00000000eed00000, 0x00000000eed00000|100%| E|CS|TAMS 0x00000000eec00000| PB 0x00000000eec00000| Complete 
| 237|0x00000000eed00000, 0x00000000eee00000, 0x00000000eee00000|100%| E|CS|TAMS 0x00000000eed00000| PB 0x00000000eed00000| Complete 
| 238|0x00000000eee00000, 0x00000000eef00000, 0x00000000eef00000|100%| E|CS|TAMS 0x00000000eee00000| PB 0x00000000eee00000| Complete 
| 239|0x00000000eef00000, 0x00000000ef000000, 0x00000000ef000000|100%| E|CS|TAMS 0x00000000eef00000| PB 0x00000000eef00000| Complete 
| 240|0x00000000ef000000, 0x00000000ef100000, 0x00000000ef100000|100%| E|CS|TAMS 0x00000000ef000000| PB 0x00000000ef000000| Complete 
| 241|0x00000000ef100000, 0x00000000ef200000, 0x00000000ef200000|100%| E|CS|TAMS 0x00000000ef100000| PB 0x00000000ef100000| Complete 
| 242|0x00000000ef200000, 0x00000000ef300000, 0x00000000ef300000|100%| E|CS|TAMS 0x00000000ef200000| PB 0x00000000ef200000| Complete 
| 243|0x00000000ef300000, 0x00000000ef400000, 0x00000000ef400000|100%| E|CS|TAMS 0x00000000ef300000| PB 0x00000000ef300000| Complete 
| 244|0x00000000ef400000, 0x00000000ef500000, 0x00000000ef500000|100%| E|CS|TAMS 0x00000000ef400000| PB 0x00000000ef400000| Complete 
| 245|0x00000000ef500000, 0x00000000ef600000, 0x00000000ef600000|100%| E|CS|TAMS 0x00000000ef500000| PB 0x00000000ef500000| Complete 
| 246|0x00000000ef600000, 0x00000000ef700000, 0x00000000ef700000|100%| E|CS|TAMS 0x00000000ef600000| PB 0x00000000ef600000| Complete 
| 247|0x00000000ef700000, 0x00000000ef800000, 0x00000000ef800000|100%| E|CS|TAMS 0x00000000ef700000| PB 0x00000000ef700000| Complete 
| 248|0x00000000ef800000, 0x00000000ef900000, 0x00000000ef900000|100%| E|CS|TAMS 0x00000000ef800000| PB 0x00000000ef800000| Complete 
| 249|0x00000000ef900000, 0x00000000efa00000, 0x00000000efa00000|100%| E|CS|TAMS 0x00000000ef900000| PB 0x00000000ef900000| Complete 
| 250|0x00000000efa00000, 0x00000000efb00000, 0x00000000efb00000|100%| E|CS|TAMS 0x00000000efa00000| PB 0x00000000efa00000| Complete 
| 251|0x00000000efb00000, 0x00000000efc00000, 0x00000000efc00000|100%| E|CS|TAMS 0x00000000efb00000| PB 0x00000000efb00000| Complete 
| 252|0x00000000efc00000, 0x00000000efd00000, 0x00000000efd00000|100%| E|CS|TAMS 0x00000000efc00000| PB 0x00000000efc00000| Complete 
| 253|0x00000000efd00000, 0x00000000efe00000, 0x00000000efe00000|100%| E|CS|TAMS 0x00000000efd00000| PB 0x00000000efd00000| Complete 
| 254|0x00000000efe00000, 0x00000000eff00000, 0x00000000eff00000|100%| E|CS|TAMS 0x00000000efe00000| PB 0x00000000efe00000| Complete 
| 255|0x00000000eff00000, 0x00000000f0000000, 0x00000000f0000000|100%| E|CS|TAMS 0x00000000eff00000| PB 0x00000000eff00000| Complete 

Card table byte_map: [0x000002787aa60000,0x000002787ab60000] _byte_map_base: 0x000002787a360000

Marking Bits: (CMBitMap*) 0x0000027877688c20
 Bits: [0x000002787ab60000, 0x000002787b360000)

Polling page: 0x00000278751e0000

Metaspace:

Usage:
  Non-class:     22.58 MB used.
      Class:      3.82 MB used.
       Both:     26.40 MB used.

Virtual space:
  Non-class space:       64.00 MB reserved,      23.06 MB ( 36%) committed,  1 nodes.
      Class space:      320.00 MB reserved,       4.25 MB (  1%) committed,  1 nodes.
             Both:      384.00 MB reserved,      27.31 MB (  7%) committed. 

Chunk freelists:
   Non-Class:  8.55 MB
       Class:  11.75 MB
        Both:  20.30 MB

MaxMetaspaceSize: 384.00 MB
CompressedClassSpaceSize: 320.00 MB
Initial GC threshold: 21.00 MB
Current GC threshold: 35.12 MB
CDS: on
 - commit_granule_bytes: 65536.
 - commit_granule_words: 8192.
 - virtual_space_node_default_size: 8388608.
 - enlarge_chunks_in_place: 1.
 - use_allocation_guard: 0.


Internal statistics:

num_allocs_failed_limit: 3.
num_arena_births: 1584.
num_arena_deaths: 0.
num_vsnodes_births: 2.
num_vsnodes_deaths: 0.
num_space_committed: 437.
num_space_uncommitted: 0.
num_chunks_returned_to_freelist: 3.
num_chunks_taken_from_freelist: 2812.
num_chunk_merges: 3.
num_chunk_splits: 1805.
num_chunks_enlarged: 1102.
num_inconsistent_stats: 0.

CodeHeap 'non-profiled nmethods': size=120000Kb used=1860Kb max_used=1860Kb free=118140Kb
 bounds [0x0000027807ad0000, 0x0000027807d40000, 0x000002780f000000]
CodeHeap 'profiled nmethods': size=120000Kb used=6835Kb max_used=6835Kb free=113165Kb
 bounds [0x0000027800000000, 0x00000278006b0000, 0x0000027807530000]
CodeHeap 'non-nmethods': size=5760Kb used=1439Kb max_used=1465Kb free=4320Kb
 bounds [0x0000027807530000, 0x00000278077a0000, 0x0000027807ad0000]
CodeCache: size=245760Kb, used=10134Kb, max_used=10160Kb, free=235625Kb
 total_blobs=4030, nmethods=3437, adapters=497, full_count=0
Compilation: enabled, stopped_count=0, restarted_count=0

Compilation events (20 events):
Event: 17.606 Thread 0x000002787dbe84c0 3428       3       java.lang.invoke.DirectMethodHandle$Holder::invokeStatic (21 bytes)
Event: 17.607 Thread 0x000002787dbe84c0 nmethod 3428 0x00000278006aa490 code [0x00000278006aa660, 0x00000278006aab40]
Event: 17.634 Thread 0x000002787dbe84c0 3429       3       java.lang.StringConcatHelper::prepend (22 bytes)
Event: 17.634 Thread 0x000002787dbe84c0 nmethod 3429 0x00000278006aac90 code [0x00000278006aae40, 0x00000278006aafc8]
Event: 17.634 Thread 0x000002787dbe84c0 3430       1       javax.management.ObjectName::getCanonicalName (5 bytes)
Event: 17.634 Thread 0x000002787dbe84c0 nmethod 3430 0x0000027807c9c810 code [0x0000027807c9c9a0, 0x0000027807c9ca68]
Event: 17.635 Thread 0x000002787dbe84c0 3431       3       java.util.stream.ReferencePipeline$Head::forEach (26 bytes)
Event: 17.636 Thread 0x000002787dbe84c0 nmethod 3431 0x00000278006ab090 code [0x00000278006ab2c0, 0x00000278006ab9f0]
Event: 17.636 Thread 0x000002787dbe84c0 3432       3       java.util.stream.AbstractPipeline::sourceStageSpliterator (112 bytes)
Event: 17.636 Thread 0x000002787dbe6b00 3433       4       sun.net.util.URLUtil::urlNoFragString (143 bytes)
Event: 17.637 Thread 0x000002787dbe84c0 nmethod 3432 0x00000278006abc90 code [0x00000278006abec0, 0x00000278006ac5b0]
Event: 17.686 Thread 0x000002787dbe6b00 nmethod 3433 0x0000027807c9cb10 code [0x0000027807c9cdc0, 0x0000027807c9dfd8]
Event: 17.687 Thread 0x000002787dbe6b00 3434       4       java.lang.Class::getComponentType (14 bytes)
Event: 17.688 Thread 0x000002787dbe6b00 nmethod 3434 0x0000027807c9eb90 code [0x0000027807c9ed20, 0x0000027807c9edd0]
Event: 17.892 Thread 0x000002787dbe6b00 3435       4       jdk.internal.ref.CleanerImpl$PhantomCleanableRef::performCleanup (10 bytes)
Event: 17.910 Thread 0x000002787dbe6b00 nmethod 3435 0x0000027807c9ee90 code [0x0000027807c9f0a0, 0x0000027807c9fac0]
Event: 17.918 Thread 0x000002787dbe6b00 3436       4       java.util.Collections$SetFromMap::add (22 bytes)
Event: 17.953 Thread 0x000002787dbe6b00 nmethod 3436 0x0000027807c9ff90 code [0x0000027807ca01a0, 0x0000027807ca0c78]
Event: 18.131 Thread 0x000002787dbe84c0 3437       3       org.objectweb.asm.ClassReader::readUnsignedShort (26 bytes)
Event: 18.132 Thread 0x000002787dbe84c0 nmethod 3437 0x00000278006ac810 code [0x00000278006ac9c0, 0x00000278006acb30]

GC Heap History (6 events):
Event: 0.999 GC heap before
{Heap before GC invocations=0 (full 0):
 garbage-first heap   total 262144K, used 24576K [0x00000000e0000000, 0x0000000100000000)
  region size 1024K, 21 young (21504K), 0 survivors (0K)
 Metaspace       used 2007K, committed 2176K, reserved 393216K
  class space    used 217K, committed 320K, reserved 327680K
}
Event: 1.006 GC heap after
{Heap after GC invocations=1 (full 0):
 garbage-first heap   total 262144K, used 10900K [0x00000000e0000000, 0x0000000100000000)
  region size 1024K, 3 young (3072K), 3 survivors (3072K)
 Metaspace       used 2007K, committed 2176K, reserved 393216K
  class space    used 217K, committed 320K, reserved 327680K
}
Event: 1.667 GC heap before
{Heap before GC invocations=1 (full 0):
 garbage-first heap   total 262144K, used 35476K [0x00000000e0000000, 0x0000000100000000)
  region size 1024K, 27 young (27648K), 3 survivors (3072K)
 Metaspace       used 4593K, committed 4800K, reserved 393216K
  class space    used 593K, committed 704K, reserved 327680K
}
Event: 1.671 GC heap after
{Heap after GC invocations=2 (full 0):
 garbage-first heap   total 262144K, used 12488K [0x00000000e0000000, 0x0000000100000000)
  region size 1024K, 2 young (2048K), 2 survivors (2048K)
 Metaspace       used 4593K, committed 4800K, reserved 393216K
  class space    used 593K, committed 704K, reserved 327680K
}
Event: 12.168 GC heap before
{Heap before GC invocations=2 (full 0):
 garbage-first heap   total 262144K, used 132296K [0x00000000e0000000, 0x0000000100000000)
  region size 1024K, 119 young (121856K), 2 survivors (2048K)
 Metaspace       used 20849K, committed 21504K, reserved 393216K
  class space    used 2985K, committed 3328K, reserved 327680K
}
Event: 12.193 GC heap after
{Heap after GC invocations=3 (full 0):
 garbage-first heap   total 262144K, used 24331K [0x00000000e0000000, 0x0000000100000000)
  region size 1024K, 12 young (12288K), 12 survivors (12288K)
 Metaspace       used 20849K, committed 21504K, reserved 393216K
  class space    used 2985K, committed 3328K, reserved 327680K
}

Dll operation events (20 events):
Event: 0.154 Attempting to load shared library C:\Users\admin\.vscode\extensions\redhat.java-1.56.0-win32-x64\jre\21.0.12.1-win32-x86_64\bin\nio.dll
Event: 0.154 Loaded shared library C:\Users\admin\.vscode\extensions\redhat.java-1.56.0-win32-x64\jre\21.0.12.1-win32-x86_64\bin\nio.dll
Event: 0.159 Attempting to load shared library C:\Users\admin\.vscode\extensions\redhat.java-1.56.0-win32-x64\jre\21.0.12.1-win32-x86_64\bin\zip.dll
Event: 0.159 Loaded shared library C:\Users\admin\.vscode\extensions\redhat.java-1.56.0-win32-x64\jre\21.0.12.1-win32-x86_64\bin\zip.dll
Event: 0.415 Attempting to load shared library C:\Users\admin\.vscode\extensions\redhat.java-1.56.0-win32-x64\jre\21.0.12.1-win32-x86_64\bin\jimage.dll
Event: 0.415 Loaded shared library C:\Users\admin\.vscode\extensions\redhat.java-1.56.0-win32-x64\jre\21.0.12.1-win32-x86_64\bin\jimage.dll
Event: 0.965 Attempting to load shared library C:\Users\admin\.vscode\extensions\redhat.java-1.56.0-win32-x64\jre\21.0.12.1-win32-x86_64\bin\verify.dll
Event: 0.966 Loaded shared library C:\Users\admin\.vscode\extensions\redhat.java-1.56.0-win32-x64\jre\21.0.12.1-win32-x86_64\bin\verify.dll
Event: 1.023 Attempting to load shared library C:\Users\admin\.gradle\native\660c5614fbf4a5f2a75b1949f50a0caf5cd603558e7d8a26e50b933a0cfb79d1\windows-amd64\native-platform.dll
Event: 1.025 Loaded shared library C:\Users\admin\.gradle\native\660c5614fbf4a5f2a75b1949f50a0caf5cd603558e7d8a26e50b933a0cfb79d1\windows-amd64\native-platform.dll
Event: 1.046 Attempting to load shared library C:\Users\admin\.gradle\native\0.2.8\x86_64-windows-gnu\gradle-fileevents.dll
Event: 1.048 Loaded shared library C:\Users\admin\.gradle\native\0.2.8\x86_64-windows-gnu\gradle-fileevents.dll
Event: 2.484 Attempting to load shared library C:\Users\admin\.vscode\extensions\redhat.java-1.56.0-win32-x64\jre\21.0.12.1-win32-x86_64\bin\management.dll
Event: 2.486 Loaded shared library C:\Users\admin\.vscode\extensions\redhat.java-1.56.0-win32-x64\jre\21.0.12.1-win32-x86_64\bin\management.dll
Event: 2.489 Attempting to load shared library C:\Users\admin\.vscode\extensions\redhat.java-1.56.0-win32-x64\jre\21.0.12.1-win32-x86_64\bin\management_ext.dll
Event: 2.491 Loaded shared library C:\Users\admin\.vscode\extensions\redhat.java-1.56.0-win32-x64\jre\21.0.12.1-win32-x86_64\bin\management_ext.dll
Event: 2.711 Attempting to load shared library C:\Users\admin\.vscode\extensions\redhat.java-1.56.0-win32-x64\jre\21.0.12.1-win32-x86_64\bin\extnet.dll
Event: 2.712 Loaded shared library C:\Users\admin\.vscode\extensions\redhat.java-1.56.0-win32-x64\jre\21.0.12.1-win32-x86_64\bin\extnet.dll
Event: 3.991 Attempting to load shared library C:\Users\admin\.vscode\extensions\redhat.java-1.56.0-win32-x64\jre\21.0.12.1-win32-x86_64\bin\sunmscapi.dll
Event: 4.014 Loaded shared library C:\Users\admin\.vscode\extensions\redhat.java-1.56.0-win32-x64\jre\21.0.12.1-win32-x86_64\bin\sunmscapi.dll

Deoptimization events (20 events):
Event: 15.690 Thread 0x000002787ed2f2a0 Uncommon trap: trap_request=0xffffffde fr.pc=0x0000027807adc8c8 relative=0x00000000000001a8
Event: 15.690 Thread 0x000002787ed2f2a0 Uncommon trap: reason=class_check action=maybe_recompile pc=0x0000027807adc8c8 method=java.lang.String.equals(Ljava/lang/Object;)Z @ 8 c2
Event: 15.690 Thread 0x000002787ed2f2a0 DEOPT PACKING pc=0x0000027807adc8c8 sp=0x00000098486fa6b0
Event: 15.691 Thread 0x000002787ed2f2a0 DEOPT UNPACKING pc=0x0000027807584422 sp=0x00000098486fa648 mode 2
Event: 16.904 Thread 0x000002787ed2f2a0 Uncommon trap: trap_request=0xffffff45 fr.pc=0x0000027807c1977c relative=0x0000000000000cdc
Event: 16.904 Thread 0x000002787ed2f2a0 Uncommon trap: reason=unstable_if action=reinterpret pc=0x0000027807c1977c method=jdk.internal.org.objectweb.asm.SymbolTable.addType(Ljava/lang/String;)I @ 33 c2
Event: 16.904 Thread 0x000002787ed2f2a0 DEOPT PACKING pc=0x0000027807c1977c sp=0x00000098486fbc30
Event: 16.904 Thread 0x000002787ed2f2a0 DEOPT UNPACKING pc=0x0000027807584422 sp=0x00000098486fbb68 mode 2
Event: 16.904 Thread 0x000002787ed2f2a0 Uncommon trap: trap_request=0xffffff45 fr.pc=0x0000027807be60dc relative=0x000000000000037c
Event: 16.904 Thread 0x000002787ed2f2a0 Uncommon trap: reason=unstable_if action=reinterpret pc=0x0000027807be60dc method=jdk.internal.org.objectweb.asm.SymbolTable.addType(Ljava/lang/String;)I @ 33 c2
Event: 16.904 Thread 0x000002787ed2f2a0 DEOPT PACKING pc=0x0000027807be60dc sp=0x00000098486fbd10
Event: 16.904 Thread 0x000002787ed2f2a0 DEOPT UNPACKING pc=0x0000027807584422 sp=0x00000098486fbc98 mode 2
Event: 16.919 Thread 0x000002787ed2f2a0 Uncommon trap: trap_request=0xffffff45 fr.pc=0x0000027807c5f518 relative=0x00000000000001d8
Event: 16.919 Thread 0x000002787ed2f2a0 Uncommon trap: reason=unstable_if action=reinterpret pc=0x0000027807c5f518 method=jdk.internal.org.objectweb.asm.Type.getTypeInternal(Ljava/lang/String;II)Ljdk/internal/org/objectweb/asm/Type; @ 5 c2
Event: 16.919 Thread 0x000002787ed2f2a0 DEOPT PACKING pc=0x0000027807c5f518 sp=0x00000098486fbbd0
Event: 16.919 Thread 0x000002787ed2f2a0 DEOPT UNPACKING pc=0x0000027807584422 sp=0x00000098486fbb68 mode 2
Event: 17.196 Thread 0x000002787ed2f2a0 Uncommon trap: trap_request=0xffffff76 fr.pc=0x0000027807c80504 relative=0x00000000000001c4
Event: 17.196 Thread 0x000002787ed2f2a0 Uncommon trap: reason=predicate action=maybe_recompile pc=0x0000027807c80504 method=com.google.common.base.CharMatcher.indexIn(Ljava/lang/CharSequence;I)I @ 19 c2
Event: 17.196 Thread 0x000002787ed2f2a0 DEOPT PACKING pc=0x0000027807c80504 sp=0x00000098486faf00
Event: 17.196 Thread 0x000002787ed2f2a0 DEOPT UNPACKING pc=0x0000027807584422 sp=0x00000098486fae90 mode 2

Classes loaded (20 events):
Event: 14.743 Loading class java/util/stream/ReduceOps$2ReducingSink
Event: 14.743 Loading class java/util/stream/ReduceOps$2ReducingSink done
Event: 14.743 Loading class sun/management/RuntimeImpl
Event: 14.746 Loading class sun/management/RuntimeImpl done
Event: 15.614 Loading class java/util/zip/GZIPInputStream
Event: 15.615 Loading class java/util/zip/GZIPInputStream done
Event: 15.615 Loading class java/util/zip/GZIPOutputStream
Event: 15.615 Loading class java/util/zip/DeflaterOutputStream
Event: 15.615 Loading class java/util/zip/DeflaterOutputStream done
Event: 15.615 Loading class java/util/zip/GZIPOutputStream done
Event: 15.619 Loading class java/io/UnsupportedEncodingException
Event: 15.619 Loading class java/io/UnsupportedEncodingException done
Event: 17.153 Loading class java/util/concurrent/TimeoutException
Event: 17.153 Loading class java/util/concurrent/TimeoutException done
Event: 17.153 Loading class java/util/concurrent/CancellationException
Event: 17.153 Loading class java/util/concurrent/CancellationException done
Event: 17.322 Loading class java/util/concurrent/locks/AbstractQueuedSynchronizer$SharedNode
Event: 17.328 Loading class java/util/concurrent/locks/AbstractQueuedSynchronizer$SharedNode done
Event: 17.397 Loading class java/util/ArrayDeque$DeqSpliterator
Event: 17.398 Loading class java/util/ArrayDeque$DeqSpliterator done

Classes unloaded (0 events):
No events

Classes redefined (0 events):
No events

Internal exceptions (20 events):
Event: 14.158 Thread 0x000002787ed2f2a0 Exception <a 'java/lang/NoSuchMethodError'{0x00000000ef479f78}: 'void java.lang.invoke.DelegatingMethodHandle$Holder.reinvoke_L(java.lang.Object, java.lang.Object, java.lang.Object, java.lang.Object, java.lang.Object, java.lang.Object)'> (0x00000000ef479f78) 
thrown [s\src\hotspot\share\interpreter\linkResolver.cpp, line 773]
Event: 14.756 Thread 0x000002787ed2f2a0 Exception <a 'java/lang/NoSuchMethodError'{0x00000000ef027820}: 'int java.lang.invoke.DirectMethodHandle$Holder.invokeStaticInit(java.lang.Object, java.lang.Object)'> (0x00000000ef027820) 
thrown [s\src\hotspot\share\interpreter\linkResolver.cpp, line 773]
Event: 15.860 Thread 0x000002787ed2f2a0 Exception <a 'java/lang/NoSuchMethodError'{0x00000000ee97bf70}: 'java.lang.Object java.lang.invoke.DirectMethodHandle$Holder.invokeSpecial(java.lang.Object, java.lang.Object, java.lang.Object, java.lang.Object, java.lang.Object, java.lang.Object, java.lang.Object, java.lang.Object, java.lang.Object, java.lang.Object, java.lang.Object, java.lang.Object, java.lang.Object, java.lang.Object, java.lang.Object, java.lang.Object, java.lang.Object, java.lang.Object, java.lang.Object, java.lang.Object, java.lang.Ob
Event: 15.866 Thread 0x000002787ed2f2a0 Exception <a 'java/lang/NoSuchMethodError'{0x00000000ee9dc0e8}: 'java.lang.Object java.lang.invoke.DelegatingMethodHandle$Holder.reinvoke_L(java.lang.Object, java.lang.Object, java.lang.Object, java.lang.Object, java.lang.Object, java.lang.Object, java.lang.Object, java.lang.Object, java.lang.Object, java.lang.Object, java.lang.Object, java.lang.Object, java.lang.Object, java.lang.Object, java.lang.Object, java.lang.Object, java.lang.Object, java.lang.Object, java.lang.Object, java.lang.Object, java.lang.O
Event: 15.868 Thread 0x000002787ed2f2a0 Exception <a 'java/lang/NoSuchMethodError'{0x00000000ee9e7a98}: 'java.lang.Object java.lang.invoke.DirectMethodHandle$Holder.invokeSpecial(java.lang.Object, java.lang.Object, java.lang.Object, java.lang.Object, java.lang.Object, java.lang.Object, java.lang.Object, java.lang.Object, java.lang.Object, java.lang.Object, java.lang.Object, java.lang.Object, java.lang.Object, java.lang.Object, java.lang.Object, java.lang.Object, java.lang.Object, java.lang.Object, java.lang.Object, java.lang.Object, java.lang.Ob
Event: 15.869 Thread 0x000002787ed2f2a0 Exception <a 'java/lang/NoSuchMethodError'{0x00000000ee9ed418}: 'java.lang.Object java.lang.invoke.Invokers$Holder.invoker(java.lang.Object, java.lang.Object, java.lang.Object, java.lang.Object, java.lang.Object, java.lang.Object, java.lang.Object, java.lang.Object, java.lang.Object, java.lang.Object, java.lang.Object, java.lang.Object, java.lang.Object, java.lang.Object, java.lang.Object, java.lang.Object, java.lang.Object, java.lang.Object, java.lang.Object, java.lang.Object, java.lang.Object, java.lang.
Event: 15.870 Thread 0x000002787ed2f2a0 Exception <a 'java/lang/NoSuchMethodError'{0x00000000ee9f3798}: 'java.lang.Object java.lang.invoke.DelegatingMethodHandle$Holder.delegate(java.lang.Object, java.lang.Object, java.lang.Object, java.lang.Object, java.lang.Object, java.lang.Object, java.lang.Object, java.lang.Object, java.lang.Object, java.lang.Object, java.lang.Object, java.lang.Object, java.lang.Object, java.lang.Object, java.lang.Object, java.lang.Object, java.lang.Object, java.lang.Object, java.lang.Object, java.lang.Object, java.lang.Obj
Event: 16.357 Thread 0x000002787ed2f2a0 Exception <a 'java/lang/IncompatibleClassChangeError'{0x00000000ee5f5c90}: Found class java.lang.Object, but interface was expected> (0x00000000ee5f5c90) 
thrown [s\src\hotspot\share\interpreter\linkResolver.cpp, line 840]
Event: 16.454 Thread 0x000002787ed2f2a0 Exception <a 'java/lang/NoSuchMethodError'{0x00000000ee49fff0}: 'java.lang.Object java.lang.invoke.DirectMethodHandle$Holder.invokeVirtual(java.lang.Object, java.lang.Object, java.lang.Object, java.lang.Object, java.lang.Object, java.lang.Object, java.lang.Object, java.lang.Object, java.lang.Object, java.lang.Object, java.lang.Object, java.lang.Object, java.lang.Object)'> (0x00000000ee49fff0) 
thrown [s\src\hotspot\share\interpreter\linkResolver.cpp, line 773]
Event: 16.455 Thread 0x000002787ed2f2a0 Exception <a 'java/lang/NoSuchMethodError'{0x00000000ee4a5228}: 'java.lang.Object java.lang.invoke.DirectMethodHandle$Holder.invokeSpecial(java.lang.Object, java.lang.Object, java.lang.Object, java.lang.Object, java.lang.Object, java.lang.Object, java.lang.Object, java.lang.Object, java.lang.Object, java.lang.Object, java.lang.Object, java.lang.Object, java.lang.Object, java.lang.Object)'> (0x00000000ee4a5228) 
thrown [s\src\hotspot\share\interpreter\linkResolver.cpp, line 773]
Event: 16.458 Thread 0x000002787ed2f2a0 Exception <a 'java/lang/NoSuchMethodError'{0x00000000ee4a9cc8}: 'java.lang.Object java.lang.invoke.DelegatingMethodHandle$Holder.reinvoke_L(java.lang.Object, java.lang.Object, java.lang.Object, java.lang.Object, java.lang.Object, java.lang.Object, java.lang.Object, java.lang.Object, java.lang.Object, java.lang.Object, java.lang.Object, java.lang.Object, java.lang.Object)'> (0x00000000ee4a9cc8) 
thrown [s\src\hotspot\share\interpreter\linkResolver.cpp, line 773]
Event: 16.616 Thread 0x000002787ed2f2a0 Exception <a 'java/lang/NoSuchMethodError'{0x00000000ee24a4d0}: 'void java.lang.invoke.DirectMethodHandle$Holder.invokeStaticInit(java.lang.Object, java.lang.Object)'> (0x00000000ee24a4d0) 
thrown [s\src\hotspot\share\interpreter\linkResolver.cpp, line 773]
Event: 16.767 Thread 0x000002787ed2f2a0 Exception <a 'java/lang/NoSuchMethodError'{0x00000000ee1d93f8}: 'java.lang.Object java.lang.invoke.DirectMethodHandle$Holder.newInvokeSpecial(java.lang.Object, java.lang.Object, java.lang.Object, java.lang.Object, java.lang.Object, java.lang.Object, java.lang.Object, java.lang.Object, java.lang.Object, java.lang.Object, java.lang.Object, java.lang.Object, java.lang.Object, java.lang.Object, java.lang.Object)'> (0x00000000ee1d93f8) 
thrown [s\src\hotspot\share\interpreter\linkResolver.cpp, line 773]
Event: 16.774 Thread 0x000002787ed2f2a0 Exception <a 'java/lang/NoSuchMethodError'{0x00000000ee1df038}: 'java.lang.Object java.lang.invoke.DirectMethodHandle$Holder.invokeSpecial(java.lang.Object, java.lang.Object, java.lang.Object, java.lang.Object, java.lang.Object, java.lang.Object, java.lang.Object, java.lang.Object, java.lang.Object, java.lang.Object, java.lang.Object, java.lang.Object, java.lang.Object, java.lang.Object, java.lang.Object, java.lang.Object)'> (0x00000000ee1df038) 
thrown [s\src\hotspot\share\interpreter\linkResolver.cpp, li
Event: 16.774 Thread 0x000002787ed2f2a0 Exception <a 'java/lang/NoSuchMethodError'{0x00000000ee1e3dc8}: 'java.lang.Object java.lang.invoke.DelegatingMethodHandle$Holder.reinvoke_L(java.lang.Object, java.lang.Object, java.lang.Object, java.lang.Object, java.lang.Object, java.lang.Object, java.lang.Object, java.lang.Object, java.lang.Object, java.lang.Object, java.lang.Object, java.lang.Object, java.lang.Object, java.lang.Object, java.lang.Object)'> (0x00000000ee1e3dc8) 
thrown [s\src\hotspot\share\interpreter\linkResolver.cpp, line 773]
Event: 17.103 Thread 0x000002787ed2f2a0 Exception <a 'java/lang/IncompatibleClassChangeError'{0x00000000edd310c0}: Found class java.lang.Object, but interface was expected> (0x00000000edd310c0) 
thrown [s\src\hotspot\share\interpreter\linkResolver.cpp, line 840]
Event: 17.377 Thread 0x000002787ed2f2a0 Exception <a 'java/lang/NoSuchMethodError'{0x00000000edbb74b0}: 'int java.lang.invoke.DirectMethodHandle$Holder.invokeVirtual(java.lang.Object, java.lang.Object)'> (0x00000000edbb74b0) 
thrown [s\src\hotspot\share\interpreter\linkResolver.cpp, line 773]
Event: 17.485 Thread 0x000002787ed2f2a0 Exception <a 'java/lang/NoSuchMethodError'{0x00000000eda8aa98}: 'java.lang.Object java.lang.invoke.DirectMethodHandle$Holder.newInvokeSpecial(java.lang.Object, java.lang.Object, java.lang.Object, int)'> (0x00000000eda8aa98) 
thrown [s\src\hotspot\share\interpreter\linkResolver.cpp, line 773]
Event: 17.486 Thread 0x000002787ed2f2a0 Exception <a 'java/lang/NoSuchMethodError'{0x00000000eda8f170}: 'java.lang.Object java.lang.invoke.DirectMethodHandle$Holder.invokeSpecial(java.lang.Object, java.lang.Object, java.lang.Object, java.lang.Object, int)'> (0x00000000eda8f170) 
thrown [s\src\hotspot\share\interpreter\linkResolver.cpp, line 773]
Event: 17.486 Thread 0x000002787ed2f2a0 Exception <a 'java/lang/NoSuchMethodError'{0x00000000eda92d78}: 'java.lang.Object java.lang.invoke.Invokers$Holder.linkToTargetMethod(java.lang.Object, java.lang.Object, int, java.lang.Object)'> (0x00000000eda92d78) 
thrown [s\src\hotspot\share\interpreter\linkResolver.cpp, line 773]

ZGC Phase Switch (0 events):
No events

VM Operations (20 events):
Event: 10.418 Executing safepoint VM operation: Cleanup
Event: 10.418 Executing safepoint VM operation: Cleanup done
Event: 11.425 Executing safepoint VM operation: Cleanup
Event: 11.425 Executing safepoint VM operation: Cleanup done
Event: 12.168 Executing safepoint VM operation: CollectForMetadataAllocation (Metadata GC Threshold)
Event: 12.194 Executing safepoint VM operation: CollectForMetadataAllocation (Metadata GC Threshold) done
Event: 12.210 Executing safepoint VM operation: G1PauseRemark
Event: 12.218 Executing safepoint VM operation: G1PauseRemark done
Event: 12.220 Executing safepoint VM operation: G1PauseCleanup
Event: 12.226 Executing safepoint VM operation: G1PauseCleanup done
Event: 13.236 Executing safepoint VM operation: Cleanup
Event: 13.256 Executing safepoint VM operation: Cleanup done
Event: 14.266 Executing safepoint VM operation: Cleanup
Event: 14.282 Executing safepoint VM operation: Cleanup done
Event: 15.295 Executing safepoint VM operation: Cleanup
Event: 15.295 Executing safepoint VM operation: Cleanup done
Event: 16.302 Executing safepoint VM operation: Cleanup
Event: 16.302 Executing safepoint VM operation: Cleanup done
Event: 17.305 Executing safepoint VM operation: Cleanup
Event: 17.305 Executing safepoint VM operation: Cleanup done

Memory protections (0 events):
No events

Nmethod flushes (0 events):
No events

Events (20 events):
Event: 2.824 Thread 0x000002787ea134c0 Thread exited: 0x000002787ea134c0
Event: 2.905 Thread 0x000002787765ce80 Thread added: 0x000002787ea134c0
Event: 3.679 Thread 0x000002787765ce80 Thread added: 0x000002787eb4ce70
Event: 4.140 Thread 0x000002787ea134c0 Thread added: 0x000002787ec5be40
Event: 4.147 Thread 0x000002787ec5be40 Thread added: 0x000002787f356010
Event: 4.347 Thread 0x000002787ec5be40 Thread added: 0x0000027828a8fd60
Event: 4.492 Thread 0x000002787ec5be40 Thread added: 0x000002787ed2f2a0
Event: 4.534 Thread 0x000002787ed2f2a0 Thread added: 0x0000027828d31f00
Event: 4.600 Thread 0x000002787ed2f2a0 Thread added: 0x0000027828d34660
Event: 4.668 Thread 0x000002787ed2f2a0 Thread added: 0x0000027828d34cf0
Event: 7.389 Thread 0x000002787ed2f2a0 Thread added: 0x0000027828d332b0
Event: 7.448 Thread 0x000002787ed2f2a0 Thread added: 0x0000027828d31870
Event: 7.954 Thread 0x000002787dbe84c0 Thread added: 0x000002787dea16d0
Event: 8.061 Thread 0x0000027828d31870 Thread added: 0x0000027828d32590
Event: 8.115 Thread 0x000002787ed2f2a0 Thread added: 0x0000027828d32c20
Event: 8.218 Thread 0x000002787dea16d0 Thread exited: 0x000002787dea16d0
Event: 15.733 Thread 0x000002787ed2f2a0 Thread added: 0x000002787ecc0050
Event: 15.820 Thread 0x000002787ed2f2a0 Thread added: 0x000002787ecc2120
Event: 17.322 Thread 0x000002787ed2f2a0 Thread added: 0x000002787ecbf330
Event: 17.370 Thread 0x000002787ed2f2a0 Thread added: 0x000002787ecc06e0


Dynamic libraries:
0x00007ff6a4e70000 - 0x00007ff6a4e7e000 	C:\Users\admin\.vscode\extensions\redhat.java-1.56.0-win32-x64\jre\21.0.12.1-win32-x86_64\bin\java.exe
0x00007ffbf4aa0000 - 0x00007ffbf4d07000 	C:\WINDOWS\SYSTEM32\ntdll.dll
0x00007ffbf3480000 - 0x00007ffbf354b000 	C:\WINDOWS\System32\KERNEL32.DLL
0x00007ffbf2170000 - 0x00007ffbf2572000 	C:\WINDOWS\System32\KERNELBASE.dll
0x00007ffbf2630000 - 0x00007ffbf277c000 	C:\WINDOWS\System32\ucrtbase.dll
0x00007ffbc9070000 - 0x00007ffbc9088000 	C:\Users\admin\.vscode\extensions\redhat.java-1.56.0-win32-x64\jre\21.0.12.1-win32-x86_64\bin\jli.dll
0x00007ffbd3830000 - 0x00007ffbd384e000 	C:\Users\admin\.vscode\extensions\redhat.java-1.56.0-win32-x64\jre\21.0.12.1-win32-x86_64\bin\VCRUNTIME140.dll
0x00007ffbf27c0000 - 0x00007ffbf298f000 	C:\WINDOWS\System32\USER32.dll
0x00007ffbf2790000 - 0x00007ffbf27b7000 	C:\WINDOWS\System32\win32u.dll
0x00007ffbd8220000 - 0x00007ffbd84b0000 	C:\WINDOWS\WinSxS\amd64_microsoft.windows.common-controls_6595b64144ccf1df_6.0.26100.9278_none_3e0d1ba8e3303201\COMCTL32.dll
0x00007ffbf2f60000 - 0x00007ffbf2f8b000 	C:\WINDOWS\System32\GDI32.dll
0x00007ffbf48d0000 - 0x00007ffbf4979000 	C:\WINDOWS\System32\msvcrt.dll
0x00007ffbf1f80000 - 0x00007ffbf20a9000 	C:\WINDOWS\System32\gdi32full.dll
0x00007ffbf2580000 - 0x00007ffbf2623000 	C:\WINDOWS\System32\msvcp_win.dll
0x00007ffbf3740000 - 0x00007ffbf3771000 	C:\WINDOWS\System32\IMM32.DLL
0x00007ffbcb040000 - 0x00007ffbcb132000 	C:\Program Files\Windhawk\Engine\1.7.3\64\windhawk.dll
0x00007ffbf35e0000 - 0x00007ffbf369c000 	C:\WINDOWS\System32\ADVAPI32.dll
0x00007ffbf2eb0000 - 0x00007ffbf2f59000 	C:\WINDOWS\System32\sechost.dll
0x00007ffbf3fc0000 - 0x00007ffbf40d8000 	C:\WINDOWS\System32\RPCRT4.dll
0x00007ffbd5d80000 - 0x00007ffbd5d8c000 	C:\Users\admin\.vscode\extensions\redhat.java-1.56.0-win32-x64\jre\21.0.12.1-win32-x86_64\bin\vcruntime140_1.dll
0x00007ffb6e550000 - 0x00007ffb6e5dd000 	C:\Users\admin\.vscode\extensions\redhat.java-1.56.0-win32-x64\jre\21.0.12.1-win32-x86_64\bin\msvcp140.dll
0x00007ffb2fe30000 - 0x00007ffb30bd2000 	C:\Users\admin\.vscode\extensions\redhat.java-1.56.0-win32-x64\jre\21.0.12.1-win32-x86_64\bin\server\jvm.dll
0x00007ffbf36b0000 - 0x00007ffbf3730000 	C:\WINDOWS\System32\WS2_32.dll
0x00007ffbf1b20000 - 0x00007ffbf1b7e000 	C:\WINDOWS\SYSTEM32\POWRPROF.dll
0x00007ffbe5a60000 - 0x00007ffbe5a96000 	C:\WINDOWS\SYSTEM32\WINMM.dll
0x00007ffbdbfd0000 - 0x00007ffbdbfdb000 	C:\WINDOWS\SYSTEM32\VERSION.dll
0x00007ffbf1b00000 - 0x00007ffbf1b15000 	C:\WINDOWS\SYSTEM32\UMPDC.dll
0x00007ffbf0940000 - 0x00007ffbf095b000 	C:\WINDOWS\SYSTEM32\kernel.appcore.dll
0x00007ffbd3d70000 - 0x00007ffbd3d7a000 	C:\Users\admin\.vscode\extensions\redhat.java-1.56.0-win32-x64\jre\21.0.12.1-win32-x86_64\bin\jimage.dll
0x00007ffbef0b0000 - 0x00007ffbef2fc000 	C:\WINDOWS\SYSTEM32\DBGHELP.DLL
0x00007ffbf3780000 - 0x00007ffbf3b05000 	C:\WINDOWS\System32\combase.dll
0x00007ffbf29a0000 - 0x00007ffbf2a79000 	C:\WINDOWS\System32\OLEAUT32.dll
0x00007ffbd2d90000 - 0x00007ffbd2dcb000 	C:\WINDOWS\SYSTEM32\dbgcore.DLL
0x00007ffbf20b0000 - 0x00007ffbf215c000 	C:\WINDOWS\System32\bcryptPrimitives.dll
0x00007ffbd3ab0000 - 0x00007ffbd3abf000 	C:\Users\admin\.vscode\extensions\redhat.java-1.56.0-win32-x64\jre\21.0.12.1-win32-x86_64\bin\instrument.dll
0x00007ffbc9050000 - 0x00007ffbc9070000 	C:\Users\admin\.vscode\extensions\redhat.java-1.56.0-win32-x64\jre\21.0.12.1-win32-x86_64\bin\java.dll
0x00007ffbf40e0000 - 0x00007ffbf4878000 	C:\WINDOWS\System32\SHELL32.dll
0x00007ffbef6c0000 - 0x00007ffbeff6e000 	C:\WINDOWS\SYSTEM32\windows.storage.dll
0x00007ffbf2ff0000 - 0x00007ffbf30eb000 	C:\WINDOWS\System32\SHCORE.dll
0x00007ffbf2a80000 - 0x00007ffbf2ae6000 	C:\WINDOWS\System32\shlwapi.dll
0x00007ffbf1bc0000 - 0x00007ffbf1be9000 	C:\WINDOWS\SYSTEM32\profapi.dll
0x00007ffbc4f10000 - 0x00007ffbc4f28000 	C:\Users\admin\.vscode\extensions\redhat.java-1.56.0-win32-x64\jre\21.0.12.1-win32-x86_64\bin\zip.dll
0x00007ffbd37b0000 - 0x00007ffbd37c0000 	C:\Users\admin\.vscode\extensions\redhat.java-1.56.0-win32-x64\jre\21.0.12.1-win32-x86_64\bin\net.dll
0x00007ffbe7930000 - 0x00007ffbe7a5a000 	C:\WINDOWS\SYSTEM32\WINHTTP.dll
0x00007ffbf0ef0000 - 0x00007ffbf0f5c000 	C:\WINDOWS\system32\mswsock.dll
0x00007ffbba870000 - 0x00007ffbba886000 	C:\Users\admin\.vscode\extensions\redhat.java-1.56.0-win32-x64\jre\21.0.12.1-win32-x86_64\bin\nio.dll
0x00007ffbcc410000 - 0x00007ffbcc420000 	C:\Users\admin\.vscode\extensions\redhat.java-1.56.0-win32-x64\jre\21.0.12.1-win32-x86_64\bin\verify.dll
0x00007ffbe9b90000 - 0x00007ffbe9bb7000 	C:\Users\admin\.gradle\native\660c5614fbf4a5f2a75b1949f50a0caf5cd603558e7d8a26e50b933a0cfb79d1\windows-amd64\native-platform.dll
0x00007ffb6d8b0000 - 0x00007ffb6d927000 	C:\Users\admin\.gradle\native\0.2.8\x86_64-windows-gnu\gradle-fileevents.dll
0x00007ffbee5d0000 - 0x00007ffbee5da000 	C:\Users\admin\.vscode\extensions\redhat.java-1.56.0-win32-x64\jre\21.0.12.1-win32-x86_64\bin\management.dll
0x00007ffbee5c0000 - 0x00007ffbee5cc000 	C:\Users\admin\.vscode\extensions\redhat.java-1.56.0-win32-x64\jre\21.0.12.1-win32-x86_64\bin\management_ext.dll
0x00007ffbf4990000 - 0x00007ffbf4998000 	C:\WINDOWS\System32\PSAPI.DLL
0x00007ffbf0280000 - 0x00007ffbf02b3000 	C:\WINDOWS\SYSTEM32\IPHLPAPI.DLL
0x00007ffbf2af0000 - 0x00007ffbf2afa000 	C:\WINDOWS\System32\NSI.dll
0x00007ffbee580000 - 0x00007ffbee589000 	C:\Users\admin\.vscode\extensions\redhat.java-1.56.0-win32-x64\jre\21.0.12.1-win32-x86_64\bin\extnet.dll
0x00007ffbf1220000 - 0x00007ffbf123b000 	C:\WINDOWS\SYSTEM32\CRYPTSP.dll
0x00007ffbf0890000 - 0x00007ffbf08c9000 	C:\WINDOWS\system32\rsaenh.dll
0x00007ffbf0fc0000 - 0x00007ffbf0ff4000 	C:\WINDOWS\SYSTEM32\USERENV.dll
0x00007ffbf1b90000 - 0x00007ffbf1bba000 	C:\WINDOWS\SYSTEM32\bcrypt.dll
0x00007ffbf1240000 - 0x00007ffbf124c000 	C:\WINDOWS\SYSTEM32\CRYPTBASE.dll
0x00007ffbc1310000 - 0x00007ffbc131e000 	C:\Users\admin\.vscode\extensions\redhat.java-1.56.0-win32-x64\jre\21.0.12.1-win32-x86_64\bin\sunmscapi.dll
0x00007ffbf1ca0000 - 0x00007ffbf1e1e000 	C:\WINDOWS\System32\CRYPT32.dll
0x00007ffbf1460000 - 0x00007ffbf1490000 	C:\WINDOWS\SYSTEM32\ncrypt.dll
0x00007ffbf1410000 - 0x00007ffbf144f000 	C:\WINDOWS\SYSTEM32\NTASN1.dll
0x00007ffbad690000 - 0x00007ffbad698000 	C:\WINDOWS\system32\wshunix.dll

JVMTI agents:
C:\Users\admin\.gradle\wrapper\dists\gradle-9.7.1-bin\1w1c7tv4s851m17nbqdsro2tv\gradle-9.7.1\lib\agents\gradle-instrumentation-agent-9.7.1.jar path:C:\Users\admin\.vscode\extensions\redhat.java-1.56.0-win32-x64\jre\21.0.12.1-win32-x86_64\bin\instrument.dll, loaded, initialized, instrumentlib options:none

dbghelp: loaded successfully - version: 4.0.5 - missing functions: none
symbol engine: initialized successfully - sym options: 0x614 - pdb path: .;C:\Users\admin\.vscode\extensions\redhat.java-1.56.0-win32-x64\jre\21.0.12.1-win32-x86_64\bin;C:\WINDOWS\SYSTEM32;C:\WINDOWS\WinSxS\amd64_microsoft.windows.common-controls_6595b64144ccf1df_6.0.26100.9278_none_3e0d1ba8e3303201;C:\Program Files\Windhawk\Engine\1.7.3\64;C:\Users\admin\.vscode\extensions\redhat.java-1.56.0-win32-x64\jre\21.0.12.1-win32-x86_64\bin\server;C:\Users\admin\.gradle\native\660c5614fbf4a5f2a75b1949f50a0caf5cd603558e7d8a26e50b933a0cfb79d1\windows-amd64;C:\Users\admin\.gradle\native\0.2.8\x86_64-windows-gnu

VM Arguments:
jvm_args: --add-opens=java.base/java.lang=ALL-UNNAMED --add-opens=java.base/java.lang.invoke=ALL-UNNAMED --add-opens=java.base/java.util=ALL-UNNAMED --add-opens=java.prefs/java.util.prefs=ALL-UNNAMED --add-exports=jdk.compiler/com.sun.tools.javac.api=ALL-UNNAMED --add-exports=jdk.compiler/com.sun.tools.javac.util=ALL-UNNAMED --add-opens=java.base/java.nio.charset=ALL-UNNAMED --add-opens=java.base/java.net=ALL-UNNAMED --add-opens=java.base/java.util.concurrent=ALL-UNNAMED --add-opens=java.base/java.util.concurrent.atomic=ALL-UNNAMED --add-opens=java.xml/javax.xml.namespace=ALL-UNNAMED --add-opens=java.base/java.time=ALL-UNNAMED -XX:MaxMetaspaceSize=384m -XX:+HeapDumpOnOutOfMemoryError -Xms256m -Xmx512m -Dfile.encoding=UTF-8 -Duser.country=US -Duser.language=en -Duser.variant -javaagent:C:\Users\admin\.gradle\wrapper\dists\gradle-9.7.1-bin\1w1c7tv4s851m17nbqdsro2tv\gradle-9.7.1\lib\agents\gradle-instrumentation-agent-9.7.1.jar 
java_command: org.gradle.launcher.daemon.bootstrap.GradleDaemon 9.7.1
java_class_path (initial): C:\Users\admin\.gradle\wrapper\dists\gradle-9.7.1-bin\1w1c7tv4s851m17nbqdsro2tv\gradle-9.7.1\lib\gradle-daemon-main-9.7.1.jar
Launcher Type: SUN_STANDARD

[Global flags]
     intx CICompilerCount                          = 3                                         {product} {ergonomic}
   size_t CompressedClassSpaceSize                 = 335544320                                 {product} {ergonomic}
     uint ConcGCThreads                            = 2                                         {product} {ergonomic}
     uint G1ConcRefinementThreads                  = 6                                         {product} {ergonomic}
   size_t G1HeapRegionSize                         = 1048576                                   {product} {ergonomic}
    uintx GCDrainStackTargetSize                   = 64                                        {product} {ergonomic}
     bool HeapDumpOnOutOfMemoryError               = true                                   {manageable} {command line}
   size_t InitialHeapSize                          = 268435456                                 {product} {command line}
   size_t MarkStackSize                            = 4194304                                   {product} {ergonomic}
   size_t MaxHeapSize                              = 536870912                                 {product} {command line}
   size_t MaxMetaspaceSize                         = 402653184                                 {product} {command line}
   size_t MaxNewSize                               = 321912832                                 {product} {ergonomic}
   size_t MinHeapDeltaBytes                        = 1048576                                   {product} {ergonomic}
   size_t MinHeapSize                              = 268435456                                 {product} {command line}
    uintx NonNMethodCodeHeapSize                   = 5832780                                {pd product} {ergonomic}
    uintx NonProfiledCodeHeapSize                  = 122912730                              {pd product} {ergonomic}
    uintx ProfiledCodeHeapSize                     = 122912730                              {pd product} {ergonomic}
    uintx ReservedCodeCacheSize                    = 251658240                              {pd product} {ergonomic}
     bool SegmentedCodeCache                       = true                                      {product} {ergonomic}
   size_t SoftMaxHeapSize                          = 536870912                              {manageable} {ergonomic}
     bool UseCompressedOops                        = true                           {product lp64_product} {ergonomic}
     bool UseG1GC                                  = true                                      {product} {ergonomic}
     bool UseLargePagesIndividualAllocation        = false                                  {pd product} {ergonomic}

Logging:
Log output configuration:
 #0: stdout all=warning uptime,level,tags foldmultilines=false
 #1: stderr all=off uptime,level,tags foldmultilines=false

Release file:
JAVA_VERSION="21.0.12.1" 
MODULES="java.base java.compiler java.datatransfer java.xml java.prefs java.desktop java.instrument java.logging java.management java.security.sasl java.naming java.rmi java.management.rmi java.net.http java.scripting java.security.jgss java.transaction.xa java.sql java.sql.rowset java.xml.crypto java.se java.smartcardio jdk.accessibility jdk.internal.jvmstat jdk.attach jdk.charsets jdk.internal.opt jdk.zipfs jdk.compiler jdk.crypto.ec jdk.crypto.cryptoki jdk.crypto.mscapi jdk.dynalink jdk.internal.ed jdk.editpad jdk.hotspot.agent jdk.httpserver jdk.internal.le jdk.internal.vm.ci jdk.internal.vm.compiler jdk.internal.vm.compiler.management jdk.jartool jdk.javadoc jdk.jcmd jdk.management jdk.management.agent jdk.jconsole jdk.jdeps jdk.jdwp.agent jdk.jdi jdk.jfr jdk.jshell jdk.jsobject jdk.jstatd jdk.localedata jdk.management.jfr jdk.naming.dns jdk.naming.rmi jdk.net jdk.nio.mapmode jdk.random jdk.sctp jdk.security.auth jdk.security.jgss jdk.unsupported jdk.unsupported.desktop jdk.xml.dom" 

Environment Variables:
PATH=C:\Program Files\Common Files\Oracle\Java\javapath;C:\Program Files\Python314\Scripts\;C:\Program Files\Python314\;C:\WINDOWS\system32;C:\WINDOWS;C:\WINDOWS\System32\Wbem;C:\WINDOWS\System32\WindowsPowerShell\v1.0\;C:\WINDOWS\System32\OpenSSH\;C:\Program Files\Intel\WiFi\bin\;C:\Program Files\Common Files\Intel\WirelessCommon\;C:\Program Files\Git\cmd;C:\Program Files\MongoDB\Server\8.2\bin;C:\Program Files\nodejs\;C:\Program Files\Docker\Docker\resources\bin;C:\Users\admin\.local\bin;C:\Users\admin\AppData\Local\Microsoft\WindowsApps;C:\Program Files\Intel\WiFi\bin\;C:\Program Files\Common Files\Intel\WirelessCommon\;C:\Users\admin\AppData\Local\Programs\Microsoft VS Code\bin;C:\msys64\mingw64\bin;C:\Users\admin\AppData\Local\Programs\mongosh\;C:\Users\admin\AppData\Local\Programs\Antigravity\bin;C:\Users\admin\AppData\Roaming\npm;C:\Users\admin\AppData\Local\Programs\Ollama;C:\Users\admin\.m2\wrapper\dists\apache-maven-3.9.16\0daed3be3ebd1c706f0e69e8b07c6b73f5cc4ea3dfce72a8d0ec2e849ca2ddb0\bin
USERNAME=admin
OS=Windows_NT
PROCESSOR_IDENTIFIER=Intel64 Family 6 Model 186 Stepping 3, GenuineIntel
TMP=C:\Users\admin\AppData\Local\Temp
TEMP=C:\Users\admin\AppData\Local\Temp




Periodic native trim disabled

---------------  S Y S T E M  ---------------

OS:
 Windows 11 , 64 bit Build 26100 (10.0.26100.9444)
OS uptime: 2 days 12:42 hours
Hyper-V role detected

CPU: total 6 (initial active 6) (3 cores per cpu, 2 threads per core) family 6 model 186 stepping 3 microcode 0x411d, cx8, cmov, fxsr, ht, mmx, 3dnowpref, sse, sse2, sse3, ssse3, sse4.1, sse4.2, popcnt, lzcnt, tsc, tscinvbit, avx, avx2, aes, erms, clmul, bmi1, bmi2, adx, sha, fma, vzeroupper, clflush, clflushopt, clwb, hv, serialize, rdtscp, rdpid, fsrm, f16c, cet_ibt, cet_ss
Processor Information for processor 0
  Max Mhz: 1600, Current Mhz: 1600, Mhz Limit: 1600
Processor Information for processor 1
  Max Mhz: 1600, Current Mhz: 1600, Mhz Limit: 1600
Processor Information for processor 2
  Max Mhz: 1600, Current Mhz: 1466, Mhz Limit: 1600
Processor Information for processor 3
  Max Mhz: 1600, Current Mhz: 1466, Mhz Limit: 1600
Processor Information for processor 4
  Max Mhz: 1600, Current Mhz: 1466, Mhz Limit: 1600
Processor Information for processor 5
  Max Mhz: 1600, Current Mhz: 1466, Mhz Limit: 1600

Memory: 4k page, system-wide physical 7931M (328M free)
TotalPageFile size 32507M (AvailPageFile size 10M)
current process WorkingSet (physical memory assigned to process): 263M, peak: 269M
current process commit charge ("private bytes"): 417M, peak: 425M

vm_info: OpenJDK 64-Bit Server VM (21.0.12.1+1-LTS) for windows-amd64 JRE (21.0.12.1+1-LTS), built on 2026-08-18T00:00:00Z by "admin" with MS VC++ 17.12 (VS2022)

END.
